,,,,,,,,,,,,,,,,,,,
순번,대학(원),학과(부),학년,이수구분,이수영역,학수번호,교과목명,교과목명(영문),담당교수,강의실,시간표(교시),시간표(시간),교시유형,학점,수업구분,수업유형,성적평가,집중이수제,원어강의구분
1,인문대학,국어국문학과,전학년,전공심화,전공심화,0009062001,RISE,RISE,김정경,제15호관 인문대학-119 강의실(중)-1[15-119], [15-119:월(야1-2A)(야2B-3)], [15-119:월(18:00~19:15)(19:25~20:40)],75분,3,일반과목,RISE(시간표 있음),이수인정,일반(1~15주),비대상
2,인문대학,국어국문학과,전학년,전공심화,전공심화,0009062002,RISE,RISE,전병준,제15호관 인문대학-119 강의실(중)-1[15-119], [15-119:화(야1-2A)(야2B-3)], [15-119:화(18:00~19:15)(19:25~20:40)],75분,3,일반과목,RISE(시간표 있음),이수인정,일반(1~15주),비대상
3,인문대학,국어국문학과,전학년,전공심화,전공심화,0009062003,RISE,RISE,채숙희,제15호관 인문대학-119 강의실(중)-1[15-119], [15-119:수(야1-2A)(야2B-3)], [15-119:수(18:00~19:15)(19:25~20:40)],75분,3,일반과목,RISE(시간표 있음),이수인정,일반(1~15주),비대상
4,인문대학,국어국문학과,1,전공기초,전공기초,0007800001,자기설계세미나 I,Self - Design Seminar I,전병준,제15호관 인문대학-119 강의실(중)-1[15-119], [15-119:목(3)], [15-119:목(11:00~11:50)],50분(표준),1,일반과목,자기설계세미나,이수인정,일반(1~15주),비대상
5,인문대학,국어국문학과,1,전공기초,전공기초,0007800002,자기설계세미나 I,Self - Design Seminar I,김정경,제15호관 인문대학-503 전용어학실습실-3[15-503], [15-503:목(3)], [15-503:목(11:00~11:50)],50분(표준),1,일반과목,자기설계세미나,이수인정,일반(1~15주),비대상
6,인문대학,국어국문학과,1,전공기초,전공기초,0007800003,자기설계세미나 I,Self - Design Seminar I,하신영,제15호관 인문대학-405 세미나실-4[15-405], [15-405:목(3)], [15-405:목(11:00~11:50)],50분(표준),1,일반과목,자기설계세미나,이수인정,일반(1~15주),비대상
7,인문대학,국어국문학과,1,전공기초,전공기초,0008645001,고전과삶,Classics and Life,김정경,제15호관 인문대학-119 강의실(중)-1[15-119]," [15-119:화(5B-6),수(5B-6)]"," [15-119:화(13:30~14:45),수(13:30~14:45)]",75분,3,일반과목,강의(이론),상대평가,일반(1~15주),비대상
8,인문대학,국어국문학과,1,전공기초,전공기초,0008645002,고전과삶,Classics and Life,김정경,제15호관 인문대학-119 강의실(중)-1[15-119]," [15-119:화(8B-9),수(8B-9)]"," [15-119:화(16:30~17:45),수(16:30~17:45)]",75분,3,일반과목,강의(이론),상대평가,일반(1~15주),비대상
9,인문대학,국어국문학과,1,전공기초,전공기초,AI01001001,한국문학의이해,UNDERSTANDING OF KOREAN LITERATURE,정우경,제15호관 인문대학-119 강의실(중)-1[15-119], [15-119:월(1-2A)(2B-3)], [15-119:월(09:00~10:15)(10:30~11:45)],75분,3,일반과목,강의(이론),상대평가,일반(1~15주),비대상
10,인문대학,국어국문학과,1,전공기초,전공기초,AI01001002,한국문학의이해,UNDERSTANDING OF KOREAN LITERATURE,정우경,제15호관 인문대학-119 강의실(중)-1[15-119], [15-119:월(7-8A)(8B-9)], [15-119:월(15:00~16:15)(16:30~17:45)],75분,3,일반과목,강의(이론),상대평가,일반(1~15주),비대상
11,인문대학,국어국문학과,1,전공기초,전공기초,AIA6086001,언어와인간,LINGUISTICS AND HUMAN,안소진,제15호관 인문대학-119 강의실(중)-1[15-119]," [15-119:수(7-8A),목(8B-9)]"," [15-119:수(15:00~16:15),목(16:30~17:45)]",75분,3,일반과목,강의(이론),상대평가,일반(1~15주),비대상
12,인문대학,국어국문학과,1,전공심화,전공심화,0000037001,2급한국어(2),Level 2 Korean(2),김인규,제15호관 인문대학-120 어학원강의실-1[15-120], [15-120:수(1-2A)(2B-3)], [15-120:수(09:00~10:15)(10:30~11:45)],75분,3,"교환학생,복수학위제대상",강의(이론),절대평가,일반(1~15주),원어강의(EN)
13,인문대학,국어국문학과,1,전공심화,전공심화,0000039001,3급한국어(2),Level 3 Korean(2),박효정,제15호관 인문대학-120 어학원강의실-1[15-120], [15-120:월(4-5A)(5B-6)], [15-120:월(12:00~13:15)(13:30~14:45)],75분,3,"교환학생,복수학위제대상",강의(이론),상대평가,일반(1~15주),비대상
14,인문대학,국어국문학과,1,전공심화,전공심화,0000039002,3급한국어(2),Level 3 Korean(2),김정현,제15호관 인문대학-115 어학원강의실-2[15-115], [15-115:수(7-8A)(8B-9)], [15-115:수(15:00~16:15)(16:30~17:45)],75분,3,"교환학생,복수학위제대상",강의(이론),상대평가,일반(1~15주),비대상
15,인문대학,국어국문학과,1,전공심화,전공심화,0000062001,2급한국어연습(2),Level 2 Korean Practice(2),김인규,제15호관 인문대학-120 어학원강의실-1[15-120], [15-120:수(7-8A)(8B-9)], [15-120:수(15:00~16:15)(16:30~17:45)],75분,3,"교환학생,복수학위제대상",강의(이론),절대평가,일반(1~15주),원어강의(EN)
16,인문대학,국어국문학과,1,전공심화,전공심화,0000064001,3급한국어연습(2),Level 3 Korean Practice(2),이희정,제15호관 인문대학-115 어학원강의실-2[15-115], [15-115:화(1-2A)(2B-3)], [15-115:화(09:00~10:15)(10:30~11:45)],75분,3,"교환학생,복수학위제대상",강의(이론),상대평가,일반(1~15주),비대상
17,인문대학,국어국문학과,1,전공심화,전공심화,0000064002,3급한국어연습(2),Level 3 Korean Practice(2),박효정,제15호관 인문대학-120 어학원강의실-1[15-120], [15-120:월(7-8A)(8B-9)], [15-120:월(15:00~16:15)(16:30~17:45)],75분,3,"교환학생,복수학위제대상",강의(이론),상대평가,일반(1~15주),비대상
18,인문대학,국어국문학과,1,전공심화,전공심화,0000552001,1급한국어(2),Level 1 Korean 2,채숙희,제15호관 인문대학-115 어학원강의실-2[15-115]," [15-115:화(5B-6),목(5B-6)]"," [15-115:화(13:30~14:45),목(13:30~14:45)]",75분,3,"교환학생,복수학위제대상",강의(이론),절대평가,일반(1~15주),원어강의(EN)
19,인문대학,국어국문학과,1,전공심화,전공심화,0000552002,1급한국어(2),Level 1 Korean 2,하신영,제15호관 인문대학-120 어학원강의실-1[15-120]," [15-120:화(5B-6),목(5B-6)]"," [15-120:화(13:30~14:45),목(13:30~14:45)]",75분,3,"교환학생,복수학위제대상",강의(이론),절대평가,일반(1~15주),원어강의(EN)
20,인문대학,국어국문학과,2,전공핵심,전공핵심,0004895001,한국의언어,The Korean Language,채숙희,제15호관 인문대학-119 강의실(중)-1[15-119]," [15-119:화(7-8A),목(7-8A)]"," [15-119:화(15:00~16:15),목(15:00~16:15)]",75분,3,일반과목,강의(이론),상대평가,일반(1~15주),비대상
21,인문대학,국어국문학과,2,전공핵심,전공핵심,0004906001,현대문학사1,History of Korean Modern Literature 1,강용훈,제15호관 인문대학-503 전용어학실습실-3[15-503]," [15-503:월(2B-3),수(2B-3)]"," [15-503:월(10:30~11:45),수(10:30~11:45)]",75분,3,일반과목,강의(이론),상대평가,일반(1~15주),비대상
22,인문대학,국어국문학과,2,전공핵심,전공핵심,0004906002,현대문학사1,History of Korean Modern Literature 1,강용훈,제15호관 인문대학-503 전용어학실습실-3[15-503]," [15-503:월(5B-6),수(5B-6)]"," [15-503:월(13:30~14:45),수(13:30~14:45)]",75분,3,일반과목,강의(이론),상대평가,일반(1~15주),비대상
23,인문대학,국어국문학과,2,전공심화,전공심화,0000041001,4급한국어(2),Level 4 Korean(2),정미진,제15호관 인문대학-115 어학원강의실-2[15-115], [15-115:화(7-8A)(8B-9)], [15-115:화(15:00~16:15)(16:30~17:45)],75분,3,"교환학생,복수학위제대상",강의(이론),상대평가,일반(1~15주),비대상
24,인문대학,국어국문학과,2,전공심화,전공심화,0000041002,4급한국어(2),Level 4 Korean(2),유민애,제15호관 인문대학-120 어학원강의실-1[15-120], [15-120:금(4-5A)(5B-6)], [15-120:금(12:00~13:15)(13:30~14:45)],75분,3,"교환학생,복수학위제대상",강의(이론),상대평가,일반(1~15주),비대상
25,인문대학,국어국문학과,2,전공심화,전공심화,0000044001,5급한국어(2),Level 5 Korean(2),이희정,제15호관 인문대학-115 어학원강의실-2[15-115], [15-115:목(1-2A)(2B-3)], [15-115:목(09:00~10:15)(10:30~11:45)],75분,3,"교환학생,복수학위제대상",강의(이론),상대평가,일반(1~15주),비대상
26,인문대학,국어국문학과,2,전공심화,전공심화,0000066001,4급한국어연습(2),Level 4 Korean Practice(2),한혜정,제15호관 인문대학-115 어학원강의실-2[15-115], [15-115:수(4-5A)(5B-6)], [15-115:수(12:00~13:15)(13:30~14:45)],75분,3,"교환학생,복수학위제대상",강의(이론),상대평가,일반(1~15주),비대상
27,인문대학,국어국문학과,2,전공심화,전공심화,0000066002,4급한국어연습(2),Level 4 Korean Practice(2),정하라,제15호관 인문대학-115 어학원강의실-2[15-115], [15-115:월(7-8A)(8B-9)], [15-115:월(15:00~16:15)(16:30~17:45)],75분,3,"교환학생,복수학위제대상",강의(이론),상대평가,일반(1~15주),비대상
28,인문대학,국어국문학과,2,전공심화,전공심화,0000068001,5급한국어연습(2),Level 5 Korean Practice(2),박효정,제15호관 인문대학-120 어학원강의실-1[15-120], [15-120:수(4-5A)(5B-6)], [15-120:수(12:00~13:15)(13:30~14:45)],75분,3,"교환학생,복수학위제대상",강의(이론),상대평가,일반(1~15주),비대상
29,인문대학,국어국문학과,2,전공심화,전공심화,0004896001,현대희곡론,Study of Korean Modern drama,이여진,제15호관 인문대학-503 전용어학실습실-3[15-503], [15-503:금(1-2A)(2B-3)], [15-503:금(09:00~10:15)(10:30~11:45)],75분,3,일반과목,강의(이론),상대평가,일반(1~15주),비대상
30,인문대학,국어국문학과,2,전공심화,전공심화,0004907001,고전시가의이해,Understanding of Korean Classical Poetry ,배은희,제15호관 인문대학-503 전용어학실습실-3[15-503], [15-503:화(2B-3)(4-5A)], [15-503:화(10:30~11:45)(12:00~13:15)],75분,3,일반과목,강의(이론),상대평가,일반(1~15주),비대상
31,인문대학,국어국문학과,2,전공심화,전공심화,0005761001,한국문학과세계문학,Korean and World Literatures,장영은,제15호관 인문대학-119 강의실(중)-1[15-119], [15-119:금(7-8A)(8B-9)], [15-119:금(15:00~16:15)(16:30~17:45)],75분,3,일반과목,강의(이론),상대평가,일반(1~15주),비대상
32,인문대학,국어국문학과,2,전공심화,전공심화,0008646001,한국한문의이해,Understanding of Chinese Classics,이채은,제15호관 인문대학-503 전용어학실습실-3[15-503], [15-503:금(4-5A)(5B-6)], [15-503:금(12:00~13:15)(13:30~14:45)],75분,3,일반과목,강의(이론),상대평가,일반(1~15주),비대상
33,인문대학,국어국문학과,2,전공심화,전공심화,0010702001,시창작연습,Practicing writing poems,정우신,제15호관 인문대학-503 전용어학실습실-3[15-503], [15-503:월(7-8A)(8B-9)], [15-503:월(15:00~16:15)(16:30~17:45)],75분,3,일반과목,강의(이론),상대평가,일반(1~15주),비대상
34,인문대학,국어국문학과,2,전공심화,전공심화,0010769001,희곡시나리오창작연습,Scenario and Play Writing  ,이여진,제15호관 인문대학-119 강의실(중)-1[15-119], [15-119:화(1-2A)(2B-3)], [15-119:화(09:00~10:15)(10:30~11:45)],75분,3,일반과목,강의(이론),상대평가,일반(1~15주),비대상
35,인문대학,국어국문학과,3,전공심화,전공심화,0004855001,한국어문법교육론,Pedagogy of Korean Grammar,유민애,제15호관 인문대학-119 강의실(중)-1[15-119], [15-119:금(1-2A)(2B-3)], [15-119:금(09:00~10:15)(10:30~11:45)],75분,3,일반과목,강의(이론),상대평가,일반(1~15주),비대상
36,인문대학,국어국문학과,3,전공심화,전공심화,0004917001,한국어의어문규범,Norm of Korean Language,전진호,제15호관 인문대학-503 전용어학실습실-3[15-503], [15-503:수(7-8A)(8B-9)], [15-503:수(15:00~16:15)(16:30~17:45)],75분,3,일반과목,강의(이론),상대평가,일반(1~15주),비대상
37,인문대학,국어국문학과,3,전공심화,전공심화,0006750001,한국어의어휘와문법,Vocabulary and Grammar of Korean,최주희,제15호관 인문대학-120 어학원강의실-1[15-120], [15-120:목(1-2A)(2B-3)], [15-120:목(09:00~10:15)(10:30~11:45)],75분,3,"교환학생,복수학위제대상",강의(이론),상대평가,일반(1~15주),비대상
38,인문대학,국어국문학과,3,전공심화,전공심화,0006750002,한국어의어휘와문법,Vocabulary and Grammar of Korean,한혜정,제15호관 인문대학-115 어학원강의실-2[15-115], [15-115:수(1-2A)(2B-3)], [15-115:수(09:00~10:15)(10:30~11:45)],75분,3,"교환학생,복수학위제대상",강의(이론),상대평가,일반(1~15주),비대상
39,인문대학,국어국문학과,3,전공심화,전공심화,0006975001,한국어 이해의 기초(2),Basic of Korean Comprehension(2),최유정,제15호관 인문대학-120 어학원강의실-1[15-120], [15-120:월(1-2A)(2B-3)], [15-120:월(09:00~10:15)(10:30~11:45)],75분,3,"교환학생,복수학위제대상",강의(이론),절대평가,일반(1~15주),원어강의(EN)
40,인문대학,국어국문학과,3,전공심화,전공심화,0006975002,한국어 이해의 기초(2),Basic of Korean Comprehension(2),김선영,제15호관 인문대학-115 어학원강의실-2[15-115], [15-115:금(1-2A)(2B-3)], [15-115:금(09:00~10:15)(10:30~11:45)],75분,3,"교환학생,복수학위제대상",강의(이론),상대평가,일반(1~15주),비대상
41,인문대학,국어국문학과,3,전공심화,전공심화,0006975003,한국어 이해의 기초(2),Basic of Korean Comprehension(2),최유정,제15호관 인문대학-120 어학원강의실-1[15-120], [15-120:금(1-2A)(2B-3)], [15-120:금(09:00~10:15)(10:30~11:45)],75분,3,"교환학생,복수학위제대상",강의(이론),상대평가,일반(1~15주),비대상
42,인문대학,국어국문학과,3,전공심화,전공심화,0006976001,한국어 표현의 기초(2),Basic of Korean Expression(2),최유정,제15호관 인문대학-120 어학원강의실-1[15-120], [15-120:금(7-8A)(8B-9)], [15-120:금(15:00~16:15)(16:30~17:45)],75분,3,"교환학생,복수학위제대상",강의(이론),상대평가,일반(1~15주),비대상
43,인문대학,국어국문학과,3,전공심화,전공심화,0006976002,한국어 표현의 기초(2),Basic of Korean Expression(2),김선영,제15호관 인문대학-115 어학원강의실-2[15-115], [15-115:금(4-5A)(5B-6)], [15-115:금(12:00~13:15)(13:30~14:45)],75분,3,"교환학생,복수학위제대상",강의(이론),상대평가,일반(1~15주),비대상
44,인문대학,국어국문학과,3,전공심화,전공심화,0006977001,한국 언어문화 입문(2),An Introduction to Korean Language and Culture(2),정하라,제15호관 인문대학-115 어학원강의실-2[15-115], [15-115:월(4-5A)(5B-6)], [15-115:월(12:00~13:15)(13:30~14:45)],75분,3,"교환학생,복수학위제대상",강의(이론),상대평가,일반(1~15주),비대상
45,인문대학,국어국문학과,3,전공심화,전공심화,0006977002,한국 언어문화 입문(2),An Introduction to Korean Language and Culture(2),정미진,제15호관 인문대학-115 어학원강의실-2[15-115], [15-115:월(1-2A)(2B-3)], [15-115:월(09:00~10:15)(10:30~11:45)],75분,3,"교환학생,복수학위제대상",강의(이론),상대평가,일반(1~15주),비대상
46,인문대학,국어국문학과,3,전공심화,전공심화,0009346001,스토리텔링의이해,Understanding of Storytelling,이채은,제15호관 인문대학-503 전용어학실습실-3[15-503], [15-503:금(7-8A)(8B-9)], [15-503:금(15:00~16:15)(16:30~17:45)],75분,3,일반과목,강의(이론),상대평가,일반(1~15주),비대상
47,인문대학,국어국문학과,3,전공심화,전공심화,0010766001,한국어와정보기술,Korean Language and Information Technology,안소진,제15호관 인문대학-119 강의실(중)-1[15-119]," [15-119:수(4-5A),목(5B-6)]"," [15-119:수(12:00~13:15),목(13:30~14:45)]",75분,3,일반과목,강의(이론),상대평가,일반(1~15주),비대상
48,인문대학,국어국문학과,3,전공심화,전공심화,AIA6045001,현대시론,STUDY OF MODERN POETRY,전병준,제15호관 인문대학-503 전용어학실습실-3[15-503]," [15-503:화(1-2A),목(1-2A)]"," [15-503:화(09:00~10:15),목(09:00~10:15)]",75분,3,일반과목,강의(이론),상대평가,일반(1~15주),비대상
49,인문대학,국어국문학과,4,전공심화,전공심화,0004884001,문학비평연습,Seminar on Literary Criticism,정우신,제15호관 인문대학-119 강의실(중)-1[15-119], [15-119:월(4-5A)(5B-6)], [15-119:월(12:00~13:15)(13:30~14:45)],75분,3,일반과목,강의(이론),상대평가,일반(1~15주),비대상
50,인문대학,국어국문학과,4,전공심화,전공심화,0006978001,한국어 이해의 심화(2),Advanced Course of Korean Comprehension(2),최주희,제15호관 인문대학-120 어학원강의실-1[15-120], [15-120:목(7-8A)(8B-9)], [15-120:목(15:00~16:15)(16:30~17:45)],75분,3,"교환학생,복수학위제대상",강의(이론),상대평가,일반(1~15주),비대상
51,인문대학,국어국문학과,4,전공심화,전공심화,0010767001,한국어와사회,Korean Language and Society,안희제,제15호관 인문대학-503 전용어학실습실-3[15-503], [15-503:화(7-8A)(8B-9)], [15-503:화(15:00~16:15)(16:30~17:45)],75분,3,일반과목,강의(이론),상대평가,일반(1~15주),비대상
52,인문대학,영어영문학과,전학년,전공심화,전공심화,0009062004,RISE,RISE,신나미,,,,50분(표준),3,일반과목,RISE(시간표 없음),이수인정,일반(1~15주),비대상
53,인문대학,영어영문학과,전학년,전공심화,전공심화,0009062005,RISE,RISE,윤소연,,,,50분(표준),3,일반과목,RISE(시간표 없음),이수인정,일반(1~15주),비대상
54,인문대학,영어영문학과,전학년,전공심화,전공심화,0009062006,RISE,RISE,전신화,,,,50분(표준),3,일반과목,RISE(시간표 없음),이수인정,일반(1~15주),비대상
55,인문대학,영어영문학과,전학년,전공심화,전공심화,0009062007,RISE,RISE,정채관,,,,50분(표준),3,일반과목,RISE(시간표 없음),이수인정,일반(1~15주),비대상
56,인문대학,영어영문학과,전학년,전공심화,전공심화,0009062008,RISE,RISE,김정태,,,,50분(표준),3,일반과목,RISE(시간표 없음),이수인정,일반(1~15주),비대상
57,인문대학,영어영문학과,1,전공기초,전공기초,0007800068,자기설계세미나 I,Self - Design Seminar I,황승현,제15호관 인문대학-116 강의실(대)-2[15-116], [15-116:수(5)], [15-116:수(13:00~13:50)],50분(표준),1,일반과목,자기설계세미나,이수인정,일반(1~15주),비대상
58,인문대학,영어영문학과,1,전공기초,전공기초,0007800069,자기설계세미나 I,Self - Design Seminar I,신나미,제15호관 인문대학-317 교육통계실습실[15-317], [15-317:수(5)], [15-317:수(13:00~13:50)],50분(표준),1,일반과목,자기설계세미나,이수인정,일반(1~15주),비대상
59,인문대학,영어영문학과,1,전공기초,전공기초,0007800070,자기설계세미나 I,Self - Design Seminar I,전신화,제15호관 인문대학-405 세미나실-4[15-405], [15-405:수(5)], [15-405:수(13:00~13:50)],50분(표준),1,일반과목,자기설계세미나,이수인정,일반(1~15주),비대상
60,인문대학,영어영문학과,1,전공핵심,전공핵심,AIB6093001,영어회화(1),ENGLISH CONVERSATION(1),알라나 커밍스,제15호관 인문대학-403 전용어학실습실-3[15-403]," [15-403:월(3),수(1)]"," [15-403:월(11:00~11:50),수(09:00~09:50)]",50분(표준),1,일반과목,실험실습,상대평가,일반(1~15주),원어강의(EN)
61,인문대학,영어영문학과,1,전공핵심,전공핵심,AIB6093002,영어회화(1),ENGLISH CONVERSATION(1),알라나 커밍스,제15호관 인문대학-116 강의실(대)-2[15-116]," [15-116:화(1),금(1)]"," [15-116:화(09:00~09:50),금(09:00~09:50)]",50분(표준),1,일반과목,실험실습,상대평가,일반(1~15주),원어강의(EN)
62,인문대학,영어영문학과,1,전공핵심,전공핵심,AIB6093003,영어회화(1),ENGLISH CONVERSATION(1),Anthony Wayne Thompson IV,제15호관 인문대학-116 강의실(대)-2[15-116]," [15-116:월(3),수(6)]"," [15-116:월(11:00~11:50),수(14:00~14:50)]",50분(표준),1,일반과목,실험실습,상대평가,일반(1~15주),원어강의(EN)
63,인문대학,영어영문학과,1,전공핵심,전공핵심,AIB6093004,영어회화(1),ENGLISH CONVERSATION(1),Anthony Wayne Thompson IV,제15호관 인문대학-403 전용어학실습실-3[15-403]," [15-403:화(9),금(1)]"," [15-403:화(17:00~17:50),금(09:00~09:50)]",50분(표준),1,일반과목,실험실습,상대평가,일반(1~15주),원어강의(EN)
64,인문대학,영어영문학과,1,전공심화,전공심화,0006969001,영문법의이해,Understanding of English Grammar,윤소연,"제15호관 인문대학-118B 강의실[15-118B], 제15호관 인문대학-403 전용어학실습실-3[15-403]", [15-118B:화(7-8A)] [15-403:목(7-8A)], [15-118B:화(15:00~16:15)] [15-403:목(15:00~16:15)],75분,3,일반과목,강의(이론),절대평가,일반(1~15주),원어강의(EN)
65,인문대학,영어영문학과,1,전공심화,전공심화,0007859001,영문학의기초,Foundations of English Literature,신나미,제15호관 인문대학-403 전용어학실습실-3[15-403]," [15-403:수(7-8A),금(7-8A)]"," [15-403:수(15:00~16:15),금(15:00~16:15)]",75분,3,일반과목,강의(이론),절대평가,일반(1~15주),원어강의(EN)
66,인문대학,영어영문학과,1,전공심화,전공심화,0007859002,영문학의기초,Foundations of English Literature,황연,제15호관 인문대학-317 교육통계실습실[15-317]," [15-317:목(4-5A),금(4-5A)]"," [15-317:목(12:00~13:15),금(12:00~13:15)]",75분,3,일반과목,강의(이론),절대평가,일반(1~15주),원어강의(EN)
67,인문대학,영어영문학과,1,전공심화,전공심화,AIB6103001,실용영어(1),PRACTICAL ENGLISH(1),정채관,"제15호관 인문대학-113 강의실(교육대학원)[15-113], 제15호관 인문대학-317 교육통계실습실[15-317]", [15-113:화(2B-3)] [15-317:금(2B-3)], [15-113:화(10:30~11:45)] [15-317:금(10:30~11:45)],75분,3,일반과목,e-Learning,상대평가,일반(1~15주),비대상
68,인문대학,영어영문학과,2,전공기초,전공기초,AIB6007001,영어회화(3),ENGLISH CONVERSATION(3),알라나 커밍스,"제15호관 인문대학-116 강의실(대)-2[15-116], 제15호관 인문대학-317 교육통계실습실[15-317]", [15-116:수(4)] [15-317:월(4)], [15-116:수(12:00~12:50)] [15-317:월(12:00~12:50)],50분(표준),1,일반과목,실험실습,상대평가,일반(1~15주),원어강의(EN)
69,인문대학,영어영문학과,2,전공기초,전공기초,AIB6097001,영작문(2),ENGLISH COMPOSITION(2),알라나 커밍스,제15호관 인문대학-403 전용어학실습실-3[15-403]," [15-403:월(6),수(6)]"," [15-403:월(14:00~14:50),수(14:00~14:50)]",50분(표준),1,일반과목,실험실습,상대평가,일반(1~15주),원어강의(EN)
70,인문대학,영어영문학과,2,전공기초,전공기초,AIB6097002,영작문(2),ENGLISH COMPOSITION(2),Anthony Wayne Thompson IV,"제15호관 인문대학-116 강의실(대)-2[15-116], 제15호관 인문대학-403 전용어학실습실-3[15-403]", [15-116:금(3)] [15-403:수(3)], [15-116:금(11:00~11:50)] [15-403:수(11:00~11:50)],50분(표준),1,일반과목,실험실습,상대평가,일반(1~15주),원어강의(EN)
71,인문대학,영어영문학과,2,전공핵심,전공핵심,AIB6001001,영어학입문,INTRODUCTORY ENGLISH LIGUISTICS,김정태,제15호관 인문대학-116 강의실(대)-2[15-116]," [15-116:화(2B-3),목(2B-3)]"," [15-116:화(10:30~11:45),목(10:30~11:45)]",75분,3,일반과목,강의(이론),상대평가,일반(1~15주),비대상
72,인문대학,영어영문학과,2,전공핵심,전공핵심,AIB6001002,영어학입문,INTRODUCTORY ENGLISH LIGUISTICS,김정태,제15호관 인문대학-116 강의실(대)-2[15-116]," [15-116:화(7-8A),목(5B-6)]"," [15-116:화(15:00~16:15),목(13:30~14:45)]",75분,3,일반과목,강의(이론),상대평가,일반(1~15주),비대상
73,인문대학,영어영문학과,2,전공심화,전공심화,0006945001,아동&청소년문학,Literature of Children and Youth,전신화,제15호관 인문대학-403 전용어학실습실-3[15-403]," [15-403:화(5B-6),수(8B-9)]"," [15-403:화(13:30~14:45),수(16:30~17:45)]",75분,3,일반과목,강의(이론),상대평가,일반(1~15주),비대상
74,인문대학,영어영문학과,2,전공심화,전공심화,0010770001,영시산책,Introduction to Poetry,하인혜,제15호관 인문대학-116 강의실(대)-2[15-116]," [15-116:수(7-8A),목(7-8A)]"," [15-116:수(15:00~16:15),목(15:00~16:15)]",75분,3,일반과목,강의(이론),절대평가,일반(1~15주),원어강의(EN)
75,인문대학,영어영문학과,2,전공심화,전공심화,0010771001,영어와심리,English and Psychology,윤소연,제15호관 인문대학-403 전용어학실습실-3[15-403]," [15-403:화(4-5A),목(4-5A)]"," [15-403:화(12:00~13:15),목(12:00~13:15)]",75분,3,일반과목,강의(이론),상대평가,일반(1~15주),비대상
76,인문대학,영어영문학과,2,전공심화,전공심화,AIB6011001,희곡개론,INTRODUCTION TO DRAMA,황연,"제15호관 인문대학-116 강의실(대)-2[15-116], 제15호관 인문대학-403 전용어학실습실-3[15-403]", [15-116:금(7-8A)] [15-403:목(8B-9)], [15-116:금(15:00~16:15)] [15-403:목(16:30~17:45)],75분,3,일반과목,강의(이론),상대평가,일반(1~15주),비대상
77,인문대학,영어영문학과,3,전공기초,전공기초,AIB6067001,중급영어회화(1),INTERMEDIATE ENGLISH CONVERSATION(1),알라나 커밍스,"제15호관 인문대학-116 강의실(대)-2[15-116], 제15호관 인문대학-403 전용어학실습실-3[15-403]", [15-116:수(3)] [15-403:금(6)], [15-116:수(11:00~11:50)] [15-403:금(14:00~14:50)],50분(표준),1,일반과목,실험실습,상대평가,일반(1~15주),원어강의(EN)
78,인문대학,영어영문학과,3,전공기초,전공기초,AIB6067002,중급영어회화(1),INTERMEDIATE ENGLISH CONVERSATION(1),Anthony Wayne Thompson IV,"제15호관 인문대학-116 강의실(대)-2[15-116], 제15호관 인문대학-118A 강의실[15-118A]", [15-116:월(4)] [15-118A:화(6)], [15-116:월(12:00~12:50)] [15-118A:화(14:00~14:50)],50분(표준),1,일반과목,실험실습,상대평가,일반(1~15주),원어강의(EN)
79,인문대학,영어영문학과,3,전공핵심,전공핵심,0004284001,영국문학사,History of English Literature,하인혜,제15호관 인문대학-403 전용어학실습실-3[15-403]," [15-403:화(1-2A),목(1-2A)]"," [15-403:화(09:00~10:15),목(09:00~10:15)]",75분,3,일반과목,강의(이론),절대평가,일반(1~15주),원어강의(EN)
80,인문대학,영어영문학과,3,전공핵심,전공핵심,0004284002,영국문학사,History of English Literature,하인혜,제15호관 인문대학-403 전용어학실습실-3[15-403]," [15-403:화(2B-3),목(2B-3)]"," [15-403:화(10:30~11:45),목(10:30~11:45)]",75분,3,일반과목,강의(이론),절대평가,일반(1~15주),원어강의(EN)
81,인문대학,영어영문학과,3,전공심화,전공심화,0007865001,영미드라마와문화,English & American Drama and Culture,황연,"제15호관 인문대학-118B 강의실[15-118B], 제15호관 인문대학-403 전용어학실습실-3[15-403]", [15-118B:금(2B-3)] [15-403:목(5B-6)], [15-118B:금(10:30~11:45)] [15-403:목(13:30~14:45)],75분,3,일반과목,강의(이론),상대평가,일반(1~15주),비대상
82,인문대학,영어영문학과,3,전공심화,전공심화,0009349001,영어권 작가 연구,Studies in Global Anglophone Writers,신나미,"제15호관 인문대학-116 강의실(대)-2[15-116], 제15호관 인문대학-118B 강의실[15-118B]", [15-116:금(4-5A)] [15-118B:화(4-5A)], [15-116:금(12:00~13:15)] [15-118B:화(12:00~13:15)],75분,3,일반과목,강의(이론),절대평가,일반(1~15주),원어강의(EN)
83,인문대학,영어영문학과,3,전공심화,전공심화,0012324001,음향음성학탐구,Exploration of Acoustic Phonetics,정예지,"제15호관 인문대학-116 강의실(대)-2[15-116], 제15호관 인문대학-403 전용어학실습실-3[15-403]", [15-116:목(4-5A)] [15-403:월(4-5A)], [15-116:목(12:00~13:15)] [15-403:월(12:00~13:15)],75분,3,일반과목,강의(이론),상대평가,일반(1~15주),비대상
84,인문대학,영어영문학과,3,전공심화,전공심화,AIB6018001,영어음운론,ENGLISH PHONOLOGY,정예지,"제15호관 인문대학-118B 강의실[15-118B], 제15호관 인문대학-403 전용어학실습실-3[15-403]", [15-118B:목(7-8A)] [15-403:월(7-8A)], [15-118B:목(15:00~16:15)] [15-403:월(15:00~16:15)],75분,3,일반과목,강의(이론),절대평가,일반(1~15주),원어강의(EN)
85,인문대학,영어영문학과,3,전공심화,전공심화,AIB6078001,비교문학,COMPARATIVE LITERATURE,이용화,제15호관 인문대학-403 전용어학실습실-3[15-403]," [15-403:화(7)(8),수(5)]"," [15-403:화(15:00~15:50)(16:00~16:50),수(13:00~13:50)]",50분(표준),3,일반과목,강의(이론),절대평가,일반(1~15주),원어강의(EN)
86,인문대학,영어영문학과,4,전공심화,전공심화,0012340001,AI활용번역입문,Introduction to AI Assisted Translation,정채관,제15호관 인문대학-317 교육통계실습실[15-317]," [15-317:화(5B-6)(7-8A),금(5B-6)(7-8A)]"," [15-317:화(13:30~14:45)(15:00~16:15),금(13:30~14:45)(15:00~16:15)]",75분,3,일반과목,온라인혼합형강좌,상대평가,집중A(1~8주),비대상
87,인문대학,영어영문학과,4,전공심화,전공심화,AIB6039001,교과교재연구및지도법(영어),STUDY ON MATERIAL AND TEACHING METHOD,김정태,제15호관 인문대학-116 강의실(대)-2[15-116]," [15-116:화(8B-9),목(8B-9)]"," [15-116:화(16:30~17:45),목(16:30~17:45)]",75분,3,일반과목,e-Learning,상대평가,일반(1~15주),비대상
88,인문대학,영어영문학과,4,전공심화,전공심화,AIB6073001,실무영작문,PRACTICAL ENGLISH COMPOSITION,알라나 커밍스,제15호관 인문대학-403 전용어학실습실-3[15-403], [15-403:금(3)(4)], [15-403:금(11:00~11:50)(12:00~12:50)],50분(표준),2,일반과목,강의(이론),상대평가,일반(1~15주),원어강의(EN)
89,인문대학,영어영문학과,4,전공심화,전공심화,AIB6074001,영어스피치와디베이트,ENGLISH SPEECH & DEBATE,Anthony Wayne Thompson IV,제15호관 인문대학-116 강의실(대)-2[15-116], [15-116:월(6)(7)], [15-116:월(14:00~14:50)(15:00~15:50)],50분(표준),2,일반과목,강의(이론),상대평가,일반(1~15주),원어강의(EN)
90,인문대학,독어독문학과,1,전공기초,전공기초,0007800004,자기설계세미나 I,Self - Design Seminar I,이노은,제15호관 인문대학-502 전용어학실습실-2[15-502], [15-502:화(9)], [15-502:화(17:00~17:50)],50분(표준),1,일반과목,자기설계세미나,이수인정,일반(1~15주),비대상
91,인문대학,독어독문학과,1,전공기초,전공기초,0007800005,자기설계세미나 I,Self - Design Seminar I,이원경,제15호관 인문대학-405 세미나실-4[15-405], [15-405:화(9)], [15-405:화(17:00~17:50)],50분(표준),1,일반과목,자기설계세미나,이수인정,일반(1~15주),비대상
92,인문대학,독어독문학과,1,전공기초,전공기초,0009352001,초급독일어회화A1 1,Elementary German Conversation A1 1,미하엘멩케,제15호관 인문대학-502 전용어학실습실-2[15-502], [15-502:금(2)(3)], [15-502:금(10:00~10:50)(11:00~11:50)],50분(표준),1,일반과목,실험실습,상대평가,일반(1~15주),비대상
93,인문대학,독어독문학과,1,전공기초,전공기초,0009352002,초급독일어회화A1 1,Elementary German Conversation A1 1,미하엘멩케,제15호관 인문대학-502 전용어학실습실-2[15-502], [15-502:금(6)(7)], [15-502:금(14:00~14:50)(15:00~15:50)],50분(표준),1,일반과목,실험실습,상대평가,일반(1~15주),비대상
94,인문대학,독어독문학과,1,전공기초,전공기초,0009353001,초급독일어A1 1,Elementary GermanA1 1,주소정,"제15호관 인문대학-103 최영숙강의실[15-103], 제15호관 인문대학-502 전용어학실습실-2[15-502]", [15-103:월(2)(3)] [15-502:화(7)(8)], [15-103:월(10:00~10:50)(11:00~11:50)] [15-502:화(15:00~15:50)(16:00~16:50)],50분(표준),3,일반과목,이론실험실습,상대평가,일반(1~15주),비대상
95,인문대학,독어독문학과,1,전공기초,전공기초,0009353002,초급독일어A1 1,Elementary GermanA1 1,주소정,제15호관 인문대학-103 최영숙강의실[15-103]," [15-103:월(4)(5),수(5)(6)]"," [15-103:월(12:00~12:50)(13:00~13:50),수(13:00~13:50)(14:00~14:50)]",50분(표준),3,일반과목,이론실험실습,상대평가,일반(1~15주),비대상
96,인문대학,독어독문학과,1,전공심화,전공심화,AIE6064001,독일명작의이해,Understanding of German  Masterpieces,이노은,제15호관 인문대학-502 전용어학실습실-2[15-502]," [15-502:화(2)(3),금(5)]"," [15-502:화(10:00~10:50)(11:00~11:50),금(13:00~13:50)]",50분(표준),3,일반과목,강의(이론),상대평가,일반(1~15주),비대상
97,인문대학,독어독문학과,1,전공심화,전공심화,AIE6071001,현대독일사회의이해,Understanding of Contemporary German  Society,명정,제15호관 인문대학-118A 강의실[15-118A], [15-118A:수(1-2A)(2B-3)], [15-118A:수(09:00~10:15)(10:30~11:45)],75분,3,일반과목,강의(이론),상대평가,일반(1~15주),비대상
98,인문대학,독어독문학과,2,전공핵심,전공핵심,0009354001,중급독일어A2 1,Intermediate GermanA2 1,슈텔레 에바,"제15호관 인문대학-103 최영숙강의실[15-103], 제15호관 인문대학-502 전용어학실습실-2[15-502]", [15-103:금(3)(4)] [15-502:수(2)(3)], [15-103:금(11:00~11:50)(12:00~12:50)] [15-502:수(10:00~10:50)(11:00~11:50)],50분(표준),3,일반과목,이론실험실습,상대평가,일반(1~15주),비대상
99,인문대학,독어독문학과,2,전공핵심,전공핵심,0009354002,중급독일어A2 1,Intermediate GermanA2 1,슈텔레 에바,"제15호관 인문대학-103 최영숙강의실[15-103], 제15호관 인문대학-502 전용어학실습실-2[15-502]", [15-103:금(5)(6)] [15-502:수(4)(5)], [15-103:금(13:00~13:50)(14:00~14:50)] [15-502:수(12:00~12:50)(13:00~13:50)],50분(표준),3,일반과목,이론실험실습,상대평가,일반(1~15주),비대상
100,인문대학,독어독문학과,2,전공핵심,전공핵심,0009355001,중급독일어회화 A2 1,Intermediate German Conversation A2 1,미하엘멩케,제15호관 인문대학-502 전용어학실습실-2[15-502], [15-502:목(4)(5)], [15-502:목(12:00~12:50)(13:00~13:50)],50분(표준),1,일반과목,실험실습,상대평가,일반(1~15주),비대상
101,인문대학,독어독문학과,2,전공핵심,전공핵심,0009355002,중급독일어회화 A2 1,Intermediate German Conversation A2 1,미하엘멩케,제15호관 인문대학-502 전용어학실습실-2[15-502], [15-502:목(7)(8)], [15-502:목(15:00~15:50)(16:00~16:50)],50분(표준),1,일반과목,실험실습,상대평가,일반(1~15주),비대상
102,인문대학,독어독문학과,2,전공심화,전공심화,0000352001,독일어문법,German Grammar,이원경,제15호관 인문대학-103 최영숙강의실[15-103]," [15-103:화(5B-6),수(7-8A)]"," [15-103:화(13:30~14:45),수(15:00~16:15)]",75분,3,일반과목,강의(이론),상대평가,일반(1~15주),비대상
103,인문대학,독어독문학과,2,전공심화,전공심화,0009356001,미디어학입문,Introduction to Media Studies,명정,제15호관 인문대학-502 전용어학실습실-2[15-502], [15-502:월(1-2A)(2B-3)], [15-502:월(09:00~10:15)(10:30~11:45)],75분,3,일반과목,강의(이론),상대평가,일반(1~15주),비대상
104,인문대학,독어독문학과,2,전공심화,전공심화,0009851001,독일어구문과표현,German Sentences and Expressions,박은주,제15호관 인문대학-103 최영숙강의실[15-103], [15-103:화(2B-3)(4-5A)], [15-103:화(10:30~11:45)(12:00~13:15)],75분,3,일반과목,강의(이론),상대평가,일반(1~15주),비대상
105,인문대학,독어독문학과,2,전공심화,전공심화,AIE6076001,독일의일상과대중문화,German Life and  Popular Culture,이노은,제15호관 인문대학-502 전용어학실습실-2[15-502]," [15-502:월(5B-6),목(2B-3)]"," [15-502:월(13:30~14:45),목(10:30~11:45)]",75분,3,일반과목,강의(이론),상대평가,일반(1~15주),비대상
106,인문대학,독어독문학과,2,전공심화,전공심화,AIE6078001,독일산문,German Prose,권혁준,제15호관 인문대학-502 전용어학실습실-2[15-502], [15-502:월(7-8A)(8B-9)], [15-502:월(15:00~16:15)(16:30~17:45)],75분,3,일반과목,강의(이론),상대평가,일반(1~15주),비대상
107,인문대학,독어독문학과,2,전공심화,전공심화,AIE6079001,독일문학사,History of  German Literature,권혁준,제15호관 인문대학-103 최영숙강의실[15-103], [15-103:화(7-8A)(8B-9)], [15-103:화(15:00~16:15)(16:30~17:45)],75분,3,일반과목,강의(이론),상대평가,일반(1~15주),비대상
108,인문대학,독어독문학과,3,전공심화,전공심화,0000354001,독일어작문,German Composition,이원경,제15호관 인문대학-103 최영숙강의실[15-103]," [15-103:수(2B-3),목(2B-3)]"," [15-103:수(10:30~11:45),목(10:30~11:45)]",75분,3,일반과목,강의(이론),상대평가,일반(1~15주),비대상
109,인문대학,독어독문학과,3,전공심화,전공심화,0009359001,고급독일어회화 B1 1,Advanced German Conversation B1 1,미하엘멩케,제15호관 인문대학-118A 강의실[15-118A], [15-118A:화(2B-3)(4-5A)], [15-118A:화(10:30~11:45)(12:00~13:15)],75분,3,일반과목,강의(이론),상대평가,일반(1~15주),비대상
110,인문대학,독어독문학과,3,전공심화,전공심화,AIE6074001,독일문화와젠더,German Cuiture and Gender,신동도,제15호관 인문대학-103 최영숙강의실[15-103], [15-103:목(5B-6)(7-8A)], [15-103:목(13:30~14:45)(15:00~16:15)],75분,3,일반과목,강의(이론),상대평가,일반(1~15주),비대상
111,인문대학,독어독문학과,4,전공심화,전공심화,AIE6034001,시사독일어,Current German,주소정,제15호관 인문대학-405 세미나실-4[15-405]," [15-405:화(2B-3),수(2B-3)]"," [15-405:화(10:30~11:45),수(10:30~11:45)]",75분,3,일반과목,강의(이론),상대평가,일반(1~15주),비대상
112,인문대학,독어독문학과,4,전공심화,전공심화,AIE6053001,유럽통상학의이해,Understanding of European Trade,미하엘멩케,제15호관 인문대학-502 전용어학실습실-2[15-502], [15-502:수(7-8A)(8B-9)], [15-502:수(15:00~16:15)(16:30~17:45)],75분,3,일반과목,강의(이론),상대평가,일반(1~15주),비대상
113,인문대학,독어독문학과,4,전공심화,전공심화,AIE6061001,유럽의역사와문화,History & Culture of Europe,신동도,제15호관 인문대학-101 강의실(중)-2[15-101], [15-101:화(4-5A)(5B-6)], [15-101:화(12:00~13:15)(13:30~14:45)],75분,3,일반과목,강의(이론),상대평가,일반(1~15주),비대상
114,인문대학,불어불문학과,전학년,전공심화,전공심화,0009062009,RISE,RISE,도윤정,,,,50분(표준),3,일반과목,RISE(시간표 없음),이수인정,일반(1~15주),비대상
115,인문대학,불어불문학과,1,전공기초,전공기초,0007800006,자기설계세미나 I,Self - Design Seminar I,박정준,제15호관 인문대학-501 전용어학실습실-1[15-501], [15-501:화(8)], [15-501:화(16:00~16:50)],50분(표준),1,일반과목,자기설계세미나,이수인정,일반(1~15주),비대상
116,인문대학,불어불문학과,1,전공기초,전공기초,0007800007,자기설계세미나 I,Self - Design Seminar I,도윤정,제15호관 인문대학-405 세미나실-4[15-405], [15-405:화(8)], [15-405:화(16:00~16:50)],50분(표준),1,일반과목,자기설계세미나,이수인정,일반(1~15주),비대상
117,인문대학,불어불문학과,1,전공기초,전공기초,0007800008,자기설계세미나 I,Self - Design Seminar I,이혜인,제15호관 인문대학-101 강의실(중)-2[15-101], [15-101:화(8)], [15-101:화(16:00~16:50)],50분(표준),1,일반과목,자기설계세미나,이수인정,일반(1~15주),비대상
118,인문대학,불어불문학과,1,전공기초,전공기초,AIF6142001,기초프랑스어(1),ELEMENTARY FRENCH(1),박정준,"제15호관 인문대학-101 강의실(중)-2[15-101], 제15호관 인문대학-501 전용어학실습실-1[15-501]", [15-101:월(2)(3)] [15-501:금(5)(6)], [15-101:월(10:00~10:50)(11:00~11:50)] [15-501:금(13:00~13:50)(14:00~14:50)],50분(표준),3,일반과목,이론실험실습,상대평가,일반(1~15주),비대상
119,인문대학,불어불문학과,1,전공기초,전공기초,AIF6142002,기초프랑스어(1),ELEMENTARY FRENCH(1),박정준,"제15호관 인문대학-101 강의실(중)-2[15-101], 제15호관 인문대학-501 전용어학실습실-1[15-501]", [15-101:화(2)(3)] [15-501:금(7)(8)], [15-101:화(10:00~10:50)(11:00~11:50)] [15-501:금(15:00~15:50)(16:00~16:50)],50분(표준),3,일반과목,이론실험실습,상대평가,일반(1~15주),비대상
120,인문대학,불어불문학과,1,전공핵심,전공핵심,AIF6138001,기초프랑스어회화(1),FRENCH CONVERSATION BEGINNING COURSE(1),파비앙,"제15호관 인문대학-101 강의실(중)-2[15-101], 제15호관 인문대학-501 전용어학실습실-1[15-501]", [15-101:수(2B-3)] [15-501:월(7-8A)], [15-101:수(10:30~11:45)] [15-501:월(15:00~16:15)],75분,3,일반과목,강의(이론),상대평가,일반(1~15주),비대상
121,인문대학,불어불문학과,1,전공핵심,전공핵심,AIF6138002,기초프랑스어회화(1),FRENCH CONVERSATION BEGINNING COURSE(1),파비앙,"제15호관 인문대학-101 강의실(중)-2[15-101], 제15호관 인문대학-501 전용어학실습실-1[15-501]", [15-101:수(4-5A)] [15-501:금(2B-3)], [15-101:수(12:00~13:15)] [15-501:금(10:30~11:45)],75분,3,일반과목,강의(이론),상대평가,일반(1~15주),비대상
122,인문대학,불어불문학과,1,전공심화,전공심화,AIF6022001,프랑스사회와문화,French Society and Culture,지영호,제15호관 인문대학-101 강의실(중)-2[15-101], [15-101:수(7)(8)(9)], [15-101:수(15:00~15:50)(16:00~16:50)(17:00~17:50)],50분(표준),3,일반과목,강의(이론),상대평가,일반(1~15주),비대상
123,인문대학,불어불문학과,2,전공핵심,전공핵심,AIF6002001,프랑스어회화(1),FRENCH CONVERSATION(1),파비앙,제15호관 인문대학-501 전용어학실습실-1[15-501]," [15-501:월(5B-6),목(4-5A)]"," [15-501:월(13:30~14:45),목(12:00~13:15)]",75분,3,일반과목,강의(이론),상대평가,일반(1~15주),비대상
124,인문대학,불어불문학과,2,전공핵심,전공핵심,AIF6002002,프랑스어회화(1),FRENCH CONVERSATION(1),파비앙,"제15호관 인문대학-101 강의실(중)-2[15-101], 제15호관 인문대학-501 전용어학실습실-1[15-501]", [15-101:금(4-5A)] [15-501:화(4-5A)], [15-101:금(12:00~13:15)] [15-501:화(12:00~13:15)],75분,3,일반과목,강의(이론),상대평가,일반(1~15주),비대상
125,인문대학,불어불문학과,2,전공심화,전공심화,0007862001,프랑스문학강독1,Reading in French Literature 1,도윤정,제15호관 인문대학-101 강의실(중)-2[15-101]," [15-101:월(7-8A),금(7-8A)]"," [15-101:월(15:00~16:15),금(15:00~16:15)]",75분,3,일반과목,강의(이론),상대평가,일반(1~15주),비대상
126,인문대학,불어불문학과,2,전공심화,전공심화,0007867001,프랑스어문법과 작문1,French Grammar and Composition 1,이현주,제15호관 인문대학-501 전용어학실습실-1[15-501]," [15-501:화(2B-3),목(5B-6)]"," [15-501:화(10:30~11:45),목(13:30~14:45)]",75분,3,일반과목,강의(이론),상대평가,일반(1~15주),비대상
127,인문대학,불어불문학과,3,전공심화,전공심화,0005456001,프랑스소설의이해,Understanding French Novels,이혜인,제15호관 인문대학-405 세미나실-4[15-405]," [15-405:화(4-5A),금(4-5A)]"," [15-405:화(12:00~13:15),금(12:00~13:15)]",75분,3,일반과목,강의(이론),상대평가,일반(1~15주),비대상
128,인문대학,불어불문학과,3,전공심화,전공심화,0007864001,중급프랑스어회화,French Conversation on Intermediate Level,파비앙,제15호관 인문대학-501 전용어학실습실-1[15-501]," [15-501:월(2B-3),목(2B-3)]"," [15-501:월(10:30~11:45),목(10:30~11:45)]",75분,3,일반과목,강의(이론),상대평가,일반(1~15주),비대상
129,인문대학,불어불문학과,3,전공심화,전공심화,0011413001,프랑스어의논리와사고,French logic and reasoning ,이현주,"제15호관 인문대학-101 강의실(중)-2[15-101], 제15호관 인문대학-501 전용어학실습실-1[15-501]", [15-101:월(5B-6)] [15-501:수(7-8A)], [15-101:월(13:30~14:45)] [15-501:수(15:00~16:15)],75분,3,일반과목,강의(이론),상대평가,일반(1~15주),비대상
130,인문대학,불어불문학과,3,전공심화,전공심화,0011414001,프랑스축제와문화예술,French festivals in the arts and culture ,지영호,제15호관 인문대학-501 전용어학실습실-1[15-501], [15-501:수(4)(5)(6)], [15-501:수(12:00~12:50)(13:00~13:50)(14:00~14:50)],50분(표준),3,일반과목,강의(이론),상대평가,일반(1~15주),비대상
131,인문대학,불어불문학과,3,전공심화,전공심화,0011760001,프랑스고전문학의이해,Understanding French Classical Literature,도윤정,제15호관 인문대학-405 세미나실-4[15-405]," [15-405:화(5B-6),금(5B-6)]"," [15-405:화(13:30~14:45),금(13:30~14:45)]",75분,3,일반과목,강의(이론),상대평가,일반(1~15주),비대상
132,인문대학,불어불문학과,3,전공심화,전공심화,AIF6051001,통상프랑스어,COMMERICAL FRENCH,이정환,제15호관 인문대학-405 세미나실-4[15-405], [15-405:목(5B-6)(7-8A)], [15-405:목(13:30~14:45)(15:00~16:15)],75분,3,일반과목,강의(이론),상대평가,일반(1~15주),비대상
133,인문대학,불어불문학과,4,전공심화,전공심화,0009378001,프랑스시사탐구,French on Current Topics,이혜인,제15호관 인문대학-405 세미나실-4[15-405]," [15-405:월(4-5A),목(4-5A)]"," [15-405:월(12:00~13:15),목(12:00~13:15)]",75분,3,일반과목,강의(이론),상대평가,일반(1~15주),비대상
134,인문대학,불어불문학과,4,전공심화,전공심화,AIF6054001,유럽통상학의이해,UNDERSTANDING OF EUROPEAN TRADE,파비앙,제15호관 인문대학-405 세미나실-4[15-405], [15-405:수(7)(8)(9)], [15-405:수(15:00~15:50)(16:00~16:50)(17:00~17:50)],50분(표준),3,일반과목,강의(이론),상대평가,일반(1~15주),비대상
135,인문대학,일본지역문화학과,1,전공기초,전공기초,0007800009,자기설계세미나 I,Self - Design Seminar I,남상욱,제15호관 인문대학-401 전용어학실습실-1[15-401], [15-401:수(9)], [15-401:수(17:00~17:50)],50분(표준),1,일반과목,자기설계세미나,이수인정,일반(1~15주),비대상
136,인문대학,일본지역문화학과,1,전공기초,전공기초,0007800010,자기설계세미나 I,Self - Design Seminar I,이호상,제15호관 인문대학-118A 강의실[15-118A], [15-118A:수(9)], [15-118A:수(17:00~17:50)],50분(표준),1,일반과목,자기설계세미나,이수인정,일반(1~15주),비대상
137,인문대학,일본지역문화학과,1,전공기초,전공기초,0007800011,자기설계세미나 I,Self - Design Seminar I,신은진,제15호관 인문대학-323 강의실(소)-5[15-323], [15-323:수(9)], [15-323:수(17:00~17:50)],50분(표준),1,일반과목,자기설계세미나,이수인정,일반(1~15주),비대상
138,인문대학,일본지역문화학과,1,전공기초,전공기초,AIC6039001,일본어입문(1),INTRODUCTION TO JAPANESE STUDY(1),신은진,제15호관 인문대학-401 전용어학실습실-1[15-401]," [15-401:월(2)(3),금(3)]"," [15-401:월(10:00~10:50)(11:00~11:50),금(11:00~11:50)]",50분(표준),3,일반과목,강의(이론),상대평가,일반(1~15주),비대상
139,인문대학,일본지역문화학과,1,전공기초,전공기초,AIC6039002,일본어입문(1),INTRODUCTION TO JAPANESE STUDY(1),신은진,제15호관 인문대학-401 전용어학실습실-1[15-401]," [15-401:월(5)(6),금(2)]"," [15-401:월(13:00~13:50)(14:00~14:50),금(10:00~10:50)]",50분(표준),3,일반과목,강의(이론),상대평가,일반(1~15주),비대상
140,인문대학,일본지역문화학과,1,전공핵심,전공핵심,0009894001,일본문화콘텐츠입문,Introduction to Japanese Culture Contents,남상욱,제15호관 인문대학-401 전용어학실습실-1[15-401]," [15-401:화(2B-3),목(5B-6)]"," [15-401:화(10:30~11:45),목(13:30~14:45)]",75분,3,일반과목,강의(이론),상대평가,일반(1~15주),비대상
141,인문대학,일본지역문화학과,1,전공심화,전공심화,0005993001,일본명작감상,JAPANESE CLASSIC LITERATURE APPRECIATION,박수정,제15호관 인문대학-401 전용어학실습실-1[15-401], [15-401:목(7-8A)(8B-9)], [15-401:목(15:00~16:15)(16:30~17:45)],75분,3,일반과목,강의(이론),상대평가,일반(1~15주),비대상
142,인문대학,일본지역문화학과,1,전공심화,전공심화,0010599001,기초일본어회화1,Basic Japanese Conversation 1,나카무라유리,"제15호관 인문대학-118B 강의실[15-118B], 제15호관 인문대학-323 강의실(소)-5[15-323]", [15-118B:수(7)] [15-323:화(5)(6)], [15-118B:수(15:00~15:50)] [15-323:화(13:00~13:50)(14:00~14:50)],50분(표준),2,일반과목,이론실험실습,상대평가,일반(1~15주),비대상
143,인문대학,일본지역문화학과,1,전공심화,전공심화,0010599002,기초일본어회화1,Basic Japanese Conversation 1,나카무라유리,"제15호관 인문대학-118B 강의실[15-118B], 제15호관 인문대학-323 강의실(소)-5[15-323]", [15-118B:금(7)] [15-323:수(2)(3)], [15-118B:금(15:00~15:50)] [15-323:수(10:00~10:50)(11:00~11:50)],50분(표준),2,일반과목,이론실험실습,상대평가,일반(1~15주),비대상
144,인문대학,일본지역문화학과,2,전공기초,전공기초,0010602001,아카데믹일본어1,Academic Japanese 1,신은진,제15호관 인문대학-401 전용어학실습실-1[15-401]," [15-401:화(7),수(2)(3)]"," [15-401:화(15:00~15:50),수(10:00~10:50)(11:00~11:50)]",50분(표준),2,일반과목,이론(어학),상대평가,일반(1~15주),비대상
145,인문대학,일본지역문화학과,2,전공핵심,전공핵심,0000367001,일본근현대사,Modern History of Japan,박진한,제15호관 인문대학-323 강의실(소)-5[15-323]," [15-323:월(5B-6),수(7-8A)]"," [15-323:월(13:30~14:45),수(15:00~16:15)]",75분,3,일반과목,강의(이론),상대평가,일반(1~15주),비대상
146,인문대학,일본지역문화학과,2,전공심화,전공심화,0006006001,표상문화론,CULTURE & REPRESENTATION,하성호,제15호관 인문대학-401 전용어학실습실-1[15-401], [15-401:금(5B-6)(7-8A)], [15-401:금(13:30~14:45)(15:00~16:15)],75분,3,일반과목,강의(이론),상대평가,일반(1~15주),비대상
147,인문대학,일본지역문화학과,2,전공심화,전공심화,0010043001,현대일본과일본인,Modern Japan and Japanese People,이강원,"제15호관 인문대학-323 강의실(소)-5[15-323], 제15호관 인문대학-401 전용어학실습실-1[15-401]", [15-323:목(5B-6)] [15-401:화(4-5A)], [15-323:목(13:30~14:45)] [15-401:화(12:00~13:15)],75분,3,일반과목,강의(이론),상대평가,일반(1~15주),비대상
148,인문대학,일본지역문화학과,2,전공심화,전공심화,0010603001,일본의지역지리,Regional Geography of Japan,다무라 후미노리,제15호관 인문대학-323 강의실(소)-5[15-323], [15-323:목(7-8A)(8B-9)], [15-323:목(15:00~16:15)(16:30~17:45)],75분,3,일반과목,강의(이론),상대평가,일반(1~15주),비대상
149,인문대학,일본지역문화학과,2,전공심화,전공심화,AIC6047001,실천일본어회화(1),PRACTICE OF JAPANESE CONVERSATION(1),나카무라유리,"제15호관 인문대학-118B 강의실[15-118B], 제15호관 인문대학-401 전용어학실습실-1[15-401]", [15-118B:수(5)(6)] [15-401:월(7)], [15-118B:수(13:00~13:50)(14:00~14:50)] [15-401:월(15:00~15:50)],50분(표준),2,일반과목,이론실험실습,상대평가,일반(1~15주),비대상
150,인문대학,일본지역문화학과,2,전공심화,전공심화,AIC6047002,실천일본어회화(1),PRACTICE OF JAPANESE CONVERSATION(1),나카무라유리,"제15호관 인문대학-323 강의실(소)-5[15-323], 제15호관 인문대학-401 전용어학실습실-1[15-401]", [15-323:화(2)(3)] [15-401:금(4)], [15-323:화(10:00~10:50)(11:00~11:50)] [15-401:금(12:00~12:50)],50분(표준),2,일반과목,이론실험실습,상대평가,일반(1~15주),비대상
151,인문대학,일본지역문화학과,3,전공핵심,전공핵심,0010617001,일본지역사회의이해,Understanding of Japanese Local Communities,이호상,"제15호관 인문대학-118B 강의실[15-118B], 제15호관 인문대학-401 전용어학실습실-1[15-401]", [15-118B:화(2B-3)] [15-401:목(2B-3)], [15-118B:화(10:30~11:45)] [15-401:목(10:30~11:45)],75분,3,일반과목,강의(이론),상대평가,일반(1~15주),비대상
152,인문대학,일본지역문화학과,3,전공심화,전공심화,0005974001,일본어학사,HISTORY OF JAPANESE LINGUISTICS,김종완,제15호관 인문대학-317 교육통계실습실[15-317], [15-317:목(5B-6)(7-8A)], [15-317:목(13:30~14:45)(15:00~16:15)],75분,3,일반과목,강의(이론),상대평가,일반(1~15주),비대상
153,인문대학,일본지역문화학과,3,전공심화,전공심화,0010604001,일본도시사,Japanese Urban History,박진한,제15호관 인문대학-323 강의실(소)-5[15-323]," [15-323:월(2B-3),화(7-8A)]"," [15-323:월(10:30~11:45),화(15:00~16:15)]",75분,3,일반과목,강의(이론),상대평가,일반(1~15주),비대상
154,인문대학,일본지역문화학과,3,전공심화,전공심화,0010605001,일본근현대문학강독,Japanese Modern and Contemporary Literature,박수정,제15호관 인문대학-323 강의실(소)-5[15-323], [15-323:수(4-5A)(5B-6)], [15-323:수(12:00~13:15)(13:30~14:45)],75분,3,일반과목,강의(이론),상대평가,일반(1~15주),비대상
155,인문대학,일본지역문화학과,3,전공심화,전공심화,0010784001,일본지역학특강,Special Lecture on Japanese Local Study,이강원,"제15호관 인문대학-323 강의실(소)-5[15-323], 제15호관 인문대학-401 전용어학실습실-1[15-401]", [15-323:목(4-5A)] [15-401:화(5B-6)], [15-323:목(12:00~13:15)] [15-401:화(13:30~14:45)],75분,3,일반과목,강의(이론),상대평가,일반(1~15주),비대상
156,인문대학,일본지역문화학과,3,전공심화,전공심화,AIC6054001,응용일본어회화(1),APPLICATION OF JAPANESE CONVERSATION(1),이선화,제15호관 인문대학-323 강의실(소)-5[15-323], [15-323:금(4)(5)(6)], [15-323:금(12:00~12:50)(13:00~13:50)(14:00~14:50)],50분(표준),2,일반과목,이론실험실습,상대평가,일반(1~15주),비대상
157,인문대학,일본지역문화학과,4,전공심화,전공심화,0007815001,일본지역문화기획캡스톤디자인,The Capstone Design for Japanese Cultural Planning,이호상,제15호관 인문대학-401 전용어학실습실-1[15-401], [15-401:수(5)(6)(7)], [15-401:수(13:00~13:50)(14:00~14:50)(15:00~15:50)],50분(표준),3,일반과목,강의(이론),절대평가,일반(1~15주),비대상
158,인문대학,일본지역문화학과,4,전공심화,전공심화,0011875001,일본어통번역연습1,Japanese Interpretation and Translation Practice1,이선화,제15호관 인문대학-323 강의실(소)-5[15-323], [15-323:금(7-8A)(8B-9)], [15-323:금(15:00~16:15)(16:30~17:45)],75분,3,일반과목,강의(이론),상대평가,일반(1~15주),비대상
159,인문대학,중어중국학과,1,전공기초,전공기초,0007800066,자기설계세미나 I,Self - Design Seminar I,윤지양,제15호관 인문대학-317 교육통계실습실[15-317], [15-317:월(3)], [15-317:월(11:00~11:50)],50분(표준),1,일반과목,자기설계세미나,이수인정,일반(1~15주),비대상
160,인문대학,중어중국학과,1,전공기초,전공기초,0007800067,자기설계세미나 I,Self - Design Seminar I,조봉래,제15호관 인문대학-402 전용어학실습실-2[15-402], [15-402:목(7)], [15-402:목(15:00~15:50)],50분(표준),1,일반과목,자기설계세미나,이수인정,일반(1~15주),비대상
161,인문대학,중어중국학과,1,전공기초,전공기초,0008661001,현대중국개론,Introduction to Contemporary China,권기영,제15호관 인문대학-322 강의실(대)-4[15-322]," [15-322:수(4-5A),목(5B-6)]"," [15-322:수(12:00~13:15),목(13:30~14:45)]",75분,3,일반과목,강의(이론),상대평가,일반(1~15주),비대상
162,인문대학,중어중국학과,1,전공핵심,전공핵심,0008657001,중국사개론,Introduction to Chinese History,이용운,제15호관 인문대학-322 강의실(대)-4[15-322], [15-322:월(4)(5)(6)], [15-322:월(12:00~12:50)(13:00~13:50)(14:00~14:50)],50분(표준),3,일반과목,강의(이론),상대평가,일반(1~15주),비대상
163,인문대학,중어중국학과,1,전공핵심,전공핵심,0008657002,중국사개론,Introduction to Chinese History,이용운,제15호관 인문대학-322 강의실(대)-4[15-322], [15-322:금(7)(8)(9)], [15-322:금(15:00~15:50)(16:00~16:50)(17:00~17:50)],50분(표준),3,일반과목,강의(이론),상대평가,일반(1~15주),비대상
164,인문대학,중어중국학과,1,전공심화,전공심화,AID6433001,기초중국어1,BASIC CHINESE(1),최윤경,"제15호관 인문대학-317 교육통계실습실[15-317], 제15호관 인문대학-402 전용어학실습실-2[15-402]"," [15-317:화(3)(4),수(2)(3)] [15-402:목(2)(3)]"," [15-317:화(11:00~11:50)(12:00~12:50),수(10:00~10:50)(11:00~11:50)] [15-402:목(10:00~10:50)(11:00~11:50)]",50분(표준),3,일반과목,온라인혼합형강좌,상대평가,일반(1~15주),비대상
165,인문대학,중어중국학과,1,전공심화,전공심화,AID6433002,기초중국어1,BASIC CHINESE(1),조혜영,"제15호관 인문대학-322 강의실(대)-4[15-322], 제15호관 인문대학-402 전용어학실습실-2[15-402]"," [15-322:월(7)(8),화(5)(6)] [15-402:금(2)(3)]"," [15-322:월(15:00~15:50)(16:00~16:50),화(13:00~13:50)(14:00~14:50)] [15-402:금(10:00~10:50)(11:00~11:50)]",50분(표준),3,일반과목,온라인혼합형강좌,상대평가,일반(1~15주),비대상
166,인문대학,중어중국학과,2,전공핵심,전공핵심,AID6404001,집중중국어실습(1),INTENSIVE ADVANCED CHINESE (1),변다은,"제15호관 인문대학-322 강의실(대)-4[15-322], 제15호관 인문대학-402 전용어학실습실-2[15-402]", [15-322:목(7)(8)] [15-402:금(4)(5)], [15-322:목(15:00~15:50)(16:00~16:50)] [15-402:금(12:00~12:50)(13:00~13:50)],50분(표준),2,일반과목,실험실습,상대평가,일반(1~15주),비대상
167,인문대학,중어중국학과,2,전공핵심,전공핵심,AID6404002,집중중국어실습(1),INTENSIVE ADVANCED CHINESE (1),변다은,"제15호관 인문대학-118B 강의실[15-118B], 제15호관 인문대학-402 전용어학실습실-2[15-402]", [15-118B:목(4)(5)] [15-402:금(7)(8)], [15-118B:목(12:00~12:50)(13:00~13:50)] [15-402:금(15:00~15:50)(16:00~16:50)],50분(표준),2,일반과목,실험실습,상대평가,일반(1~15주),비대상
168,인문대학,중어중국학과,2,전공핵심,전공핵심,AID6405001,중국어듣기와말하기(1),LISTENING AND CONVERSATION IN CHINESE(1),청웨이웨이,"제15호관 인문대학-322 강의실(대)-4[15-322], 제15호관 인문대학-402 전용어학실습실-2[15-402]", [15-322:월(2)(3)] [15-402:화(5)(6)], [15-322:월(10:00~10:50)(11:00~11:50)] [15-402:화(13:00~13:50)(14:00~14:50)],50분(표준),2,일반과목,실험실습,상대평가,일반(1~15주),비대상
169,인문대학,중어중국학과,2,전공핵심,전공핵심,AID6405002,중국어듣기와말하기(1),LISTENING AND CONVERSATION IN CHINESE(1),청웨이웨이,제15호관 인문대학-402 전용어학실습실-2[15-402]," [15-402:화(2)(3),수(5)(6)]"," [15-402:화(10:00~10:50)(11:00~11:50),수(13:00~13:50)(14:00~14:50)]",50분(표준),2,일반과목,실험실습,상대평가,일반(1~15주),비대상
170,인문대학,중어중국학과,2,전공심화,전공심화,0010047001,중국학을위한경제학입문,Basic Economics for China Studies,이재천,제15호관 인문대학-402 전용어학실습실-2[15-402], [15-402:월(6)(7)(8)], [15-402:월(14:00~14:50)(15:00~15:50)(16:00~16:50)],50분(표준),3,일반과목,강의(이론),상대평가,일반(1~15주),비대상
171,인문대학,중어중국학과,2,전공심화,전공심화,0011415001,근대중국의개혁과혁명,Reforms and Revolutions of Modern China,이용운,제15호관 인문대학-402 전용어학실습실-2[15-402], [15-402:수(2)(3)(4)], [15-402:수(10:00~10:50)(11:00~11:50)(12:00~12:50)],50분(표준),3,일반과목,강의(이론),상대평가,일반(1~15주),비대상
172,인문대학,중어중국학과,3,전공핵심,전공핵심,0008658001,중국학강독,Chinese Material Reading,조봉래,"제15호관 인문대학-322 강의실(대)-4[15-322], 제15호관 인문대학-402 전용어학실습실-2[15-402]", [15-322:목(2B-3)] [15-402:화(7-8A)], [15-322:목(10:30~11:45)] [15-402:화(15:00~16:15)],75분,3,일반과목,강의(이론),상대평가,일반(1~15주),비대상
173,인문대학,중어중국학과,3,전공핵심,전공핵심,0008658002,중국학강독,Chinese Material Reading,이재천,제15호관 인문대학-402 전용어학실습실-2[15-402], [15-402:월(2)(3)(4)], [15-402:월(10:00~10:50)(11:00~11:50)(12:00~12:50)],50분(표준),3,일반과목,강의(이론),상대평가,일반(1~15주),비대상
174,인문대학,중어중국학과,3,전공핵심,전공핵심,AID6413001,중국전통사상,THE CHINESE THOUGHTS,조봉래,"제15호관 인문대학-322 강의실(대)-4[15-322], 제15호관 인문대학-402 전용어학실습실-2[15-402]", [15-322:수(7-8A)] [15-402:목(5B-6)], [15-322:수(15:00~16:15)] [15-402:목(13:30~14:45)],75분,3,일반과목,강의(이론),상대평가,일반(1~15주),비대상
175,인문대학,중어중국학과,3,전공심화,전공심화,0010491001,중국소설속사랑과정의,Love And Justice in Chinese Novel,윤지양,"제15호관 인문대학-118B 강의실[15-118B], 제15호관 인문대학-402 전용어학실습실-2[15-402]", [15-118B:월(5B-6)] [15-402:목(4-5A)], [15-118B:월(13:30~14:45)] [15-402:목(12:00~13:15)],75분,3,일반과목,강의(이론),상대평가,일반(1~15주),비대상
176,인문대학,중어중국학과,3,전공심화,전공심화,AID6415001,중국어듣기와말하기(3),LISTENING AND CONVERSATION IN CHINESE(3),청웨이웨이,"제15호관 인문대학-118B 강의실[15-118B], 제15호관 인문대학-322 강의실(대)-4[15-322]", [15-118B:월(7)(8)] [15-322:금(2)(3)], [15-118B:월(15:00~15:50)(16:00~16:50)] [15-322:금(10:00~10:50)(11:00~11:50)],50분(표준),2,일반과목,실험실습,상대평가,일반(1~15주),비대상
177,인문대학,중어중국학과,4,전공핵심,전공핵심,0008820001,중국학연구종합설계,Comprehensive Design of Chinese Studies,윤지양,제15호관 인문대학-322 강의실(대)-4[15-322]," [15-322:화(7-8A),수(5B-6)]"," [15-322:화(15:00~16:15),수(13:30~14:45)]",75분,3,일반과목,강의(이론),절대평가,일반(1~15주),비대상
178,인문대학,중어중국학과,4,전공핵심,전공핵심,0008820002,중국학연구종합설계,Comprehensive Design of Chinese Studies,장정아,제15호관 인문대학-322 강의실(대)-4[15-322]," [15-322:화(1-2A),수(1-2A)]"," [15-322:화(09:00~10:15),수(09:00~10:15)]",75분,3,일반과목,강의(이론),절대평가,일반(1~15주),비대상
179,인문대학,중어중국학과,4,전공핵심,전공핵심,0010492001,고급한어강독,Advanced Chinese Reading ,최윤경,"제15호관 인문대학-118B 강의실[15-118B], 제15호관 인문대학-402 전용어학실습실-2[15-402]", [15-118B:화(5B-6)] [15-402:수(7-8A)], [15-118B:화(13:30~14:45)] [15-402:수(15:00~16:15)],75분,3,일반과목,온라인혼합형강좌,상대평가,일반(1~15주),비대상
180,인문대학,중어중국학과,4,전공핵심,전공핵심,0010492002,고급한어강독,Advanced Chinese Reading ,조혜영,제15호관 인문대학-322 강의실(대)-4[15-322]," [15-322:화(2B-3),수(2B-3)]"," [15-322:화(10:30~11:45),수(10:30~11:45)]",75분,3,일반과목,강의(이론),상대평가,일반(1~15주),비대상
181,자연과학대학,수학과,1,기초교양,학문의기초,XAA1358001,대학수학(1),CALCULUS(1),김인현,제5호관 자연과학대학·생명과학기술대학-104A 응용수학실습실[05-104A]," [05-104A:월(5B-6),화(5B-6)]"," [05-104A:월(13:30~14:45),화(13:30~14:45)]",75분,3,일반과목,강의(이론),상대평가,일반(1~15주),비대상
182,자연과학대학,수학과,1,전공기초,전공기초,XAA1168001,일반물리학(1),GENERAL PHYSICS(1),,제5호관 자연과학대학·생명과학기술대학-335 강의실-대(계단식)[05-335], [05-335:금(2)(3)], [05-335:금(10:00~10:50)(11:00~11:50)],50분(표준),2,일반과목,강의(이론),상대평가,일반(1~15주),비대상
183,자연과학대학,수학과,1,전공기초,전공기초,XAA1171001,일반물리학실험(1),LABORATORY IN GENERAL PHYSICS(1),이진호,제5호관 자연과학대학·생명과학기술대학-115 공통물리실험실-3[05-115], [05-115:수(7)(8)], [05-115:수(15:00~15:50)(16:00~16:50)],50분(표준),1,일반과목,실험실습,상대평가,일반(1~15주),비대상
184,자연과학대학,수학과,1,전공기초,전공기초,XAA1171002,일반물리학실험(1),LABORATORY IN GENERAL PHYSICS(1),문병희,제5호관 자연과학대학·생명과학기술대학-114 공통물리실험실-2[05-114], [05-114:수(7)(8)], [05-114:수(15:00~15:50)(16:00~16:50)],50분(표준),1,일반과목,실험실습,상대평가,일반(1~15주),비대상
185,자연과학대학,수학과,1,전공기초,전공기초,XAA1175001,일반생물학(1),GENERAL BIOLOGY(1),이종구,제5호관 자연과학대학·생명과학기술대학-103 수학과시청각실[05-103], [05-103:목(8)(9)], [05-103:목(16:00~16:50)(17:00~17:50)],50분(표준),2,일반과목,강의(이론),상대평가,일반(1~15주),비대상
186,자연과학대학,수학과,1,전공기초,전공기초,XAA1178001,일반생물학실험(1),General Biology Laboratory(1),이종구,제41호관 바이오 컴플렉스관-220 생물학기초실험실-1[41-220], [41-220:금(4)(5)], [41-220:금(12:00~12:50)(13:00~13:50)],50분(표준),1,일반과목,실험실습,상대평가,일반(1~15주),비대상
187,자연과학대학,수학과,1,전공기초,전공기초,XAA1178002,일반생물학실험(1),General Biology Laboratory(1),이종구,제41호관 바이오 컴플렉스관-220 생물학기초실험실-1[41-220], [41-220:금(6)(7)], [41-220:금(14:00~14:50)(15:00~15:50)],50분(표준),1,일반과목,실험실습,상대평가,일반(1~15주),비대상
188,자연과학대학,수학과,1,전공기초,전공기초,XAA1184001,일반화학(1),GENERAL CHEMISTRY(1),정관영,제5호관 자연과학대학·생명과학기술대학-335 강의실-대(계단식)[05-335], [05-335:목(2)(3)], [05-335:목(10:00~10:50)(11:00~11:50)],50분(표준),2,일반과목,강의(이론),상대평가,일반(1~15주),비대상
189,자연과학대학,수학과,1,전공기초,전공기초,XAA1187001,일반화학실험(1),General Chemistry Laboratory(1),권태현,제5호관 자연과학대학·생명과학기술대학-504 일반화학실험실[05-504], [05-504:화(7)(8)], [05-504:화(15:00~15:50)(16:00~16:50)],50분(표준),1,일반과목,실험실습,상대평가,일반(1~15주),비대상
190,자연과학대학,수학과,1,전공기초,전공기초,XAA1187002,일반화학실험(1),General Chemistry Laboratory(1),김태현,제5호관 자연과학대학·생명과학기술대학-504 일반화학실험실[05-504], [05-504:수(5)(6)], [05-504:수(13:00~13:50)(14:00~14:50)],50분(표준),1,일반과목,실험실습,상대평가,일반(1~15주),비대상
191,자연과학대학,수학과,1,전공핵심,전공핵심,BG06025001,선형대수학(1),LINEAR ALGEBRA(1),함남우,제5호관 자연과학대학·생명과학기술대학-103 수학과시청각실[05-103]," [05-103:화(2B-3),수(2B-3)]"," [05-103:화(10:30~11:45),수(10:30~11:45)]",75분,3,일반과목,강의(이론),상대평가,일반(1~15주),비대상
192,자연과학대학,수학과,1,전공심화,전공심화,BKA6012001,정수론,Number Theory,이윤복,제5호관 자연과학대학·생명과학기술대학-309 강의실(중)-1[05-309]," [05-309:월(2B-3),수(1-2A)]"," [05-309:월(10:30~11:45),수(09:00~10:15)]",75분,3,일반과목,강의(이론),상대평가,일반(1~15주),비대상
193,자연과학대학,수학과,2,전공핵심,전공핵심,BG06053001,현대대수학,MODERN ALGEBRA,장일승,제5호관 자연과학대학·생명과학기술대학-104A 응용수학실습실[05-104A]," [05-104A:수(5B-6),금(5B-6)]"," [05-104A:수(13:30~14:45),금(13:30~14:45)]",75분,3,일반과목,강의(이론),상대평가,일반(1~15주),비대상
194,자연과학대학,수학과,2,전공핵심,전공핵심,BKA6002001,해석학(1),Analysis(1),문병수,제5호관 자연과학대학·생명과학기술대학-309 강의실(중)-1[05-309]," [05-309:월(5B-6),금(7-8A)]"," [05-309:월(13:30~14:45),금(15:00~16:15)]",75분,3,일반과목,강의(이론),상대평가,일반(1~15주),비대상
195,자연과학대학,수학과,2,전공심화,전공심화,0010789001,매듭론,Knot Theory,배영진,제5호관 자연과학대학·생명과학기술대학-309 강의실(중)-1[05-309]," [05-309:화(1-2A),금(1-2A)]"," [05-309:화(09:00~10:15),금(09:00~10:15)]",75분,3,일반과목,강의(이론),상대평가,일반(1~15주),비대상
196,자연과학대학,수학과,2,전공심화,전공심화,BKA6003001,미분방정식,Differential Equation,문병수,제5호관 자연과학대학·생명과학기술대학-103 수학과시청각실[05-103]," [05-103:화(7-8A),목(5B-6)]"," [05-103:화(15:00~16:15),목(13:30~14:45)]",75분,3,일반과목,강의(이론),상대평가,일반(1~15주),비대상
197,자연과학대학,수학과,3,전공핵심,전공핵심,0011418001,복소함수론1,Functions of Complex Variables 1,김인현,제5호관 자연과학대학·생명과학기술대학-104A 응용수학실습실[05-104A]," [05-104A:월(2B-3),목(2B-3)]"," [05-104A:월(10:30~11:45),목(10:30~11:45)]",75분,3,일반과목,강의(이론),상대평가,일반(1~15주),비대상
198,자연과학대학,수학과,3,전공핵심,전공핵심,BKA6006001,미분기하학(1),Differential Geometry(1),유성민,제5호관 자연과학대학·생명과학기술대학-102A 통계처리실[05-102A]," [05-102A:화(5B-6),목(1-2A)]"," [05-102A:화(13:30~14:45),목(09:00~10:15)]",75분,3,일반과목,강의(이론),상대평가,일반(1~15주),비대상
199,자연과학대학,수학과,3,전공심화,전공심화,0010790001,대수적조합론,Algebraic Combinatorics,장일승,제5호관 자연과학대학·생명과학기술대학-104A 응용수학실습실[05-104A]," [05-104A:화(7-8A),수(2B-3)]"," [05-104A:화(15:00~16:15),수(10:30~11:45)]",75분,3,일반과목,강의(이론),상대평가,일반(1~15주),비대상
200,자연과학대학,수학과,3,전공심화,전공심화,0010794001,위상수학및응용,Topology and its Application,배영진,제5호관 자연과학대학·생명과학기술대학-309 강의실(중)-1[05-309]," [05-309:월(8B-9),금(2B-3)]"," [05-309:월(16:30~17:45),금(10:30~11:45)]",75분,3,일반과목,강의(이론),상대평가,일반(1~15주),비대상
201,자연과학대학,수학과,3,전공심화,전공심화,0011877001,수리통계학응용,Mathematical Statistics Application,최원,제5호관 자연과학대학·생명과학기술대학-309 강의실(중)-1[05-309]," [05-309:화(2B-3),목(5B-6)]"," [05-309:화(10:30~11:45),목(13:30~14:45)]",75분,3,일반과목,강의(이론),상대평가,일반(1~15주),비대상
202,자연과학대학,수학과,4,전공심화,전공심화,0010798001,갈루아이론,Galois Theory,이승재,제5호관 자연과학대학·생명과학기술대학-102A 통계처리실[05-102A]," [05-102A:월(5B-6),화(2B-3)]"," [05-102A:월(13:30~14:45),화(10:30~11:45)]",75분,3,일반과목,강의(이론),상대평가,일반(1~15주),비대상
203,자연과학대학,수학과,4,전공심화,전공심화,0011419001,인공지능을위한수학,Mathematics for Artificial Intelligence,배영진,제5호관 자연과학대학·생명과학기술대학-309 강의실(중)-1[05-309]," [05-309:월(7-8A),목(7-8A)]"," [05-309:월(15:00~16:15),목(15:00~16:15)]",75분,3,일반과목,강의(이론),상대평가,일반(1~15주),비대상
204,자연과학대학,물리학과,전학년,전공심화,전공심화,0009062010,RISE,RISE,김병훈,,,,50분(표준),3,일반과목,RISE(시간표 없음),이수인정,일반(1~15주),비대상
205,자연과학대학,물리학과,1,기초교양,학문의기초,XAA1358002,대학수학(1),CALCULUS(1),이미혜,제5호관 자연과학대학·생명과학기술대학-325 강의실(중)-2[05-325], [05-325:화(1-2A)(2B-3)], [05-325:화(09:00~10:15)(10:30~11:45)],75분,3,일반과목,강의(이론),상대평가,일반(1~15주),비대상
206,자연과학대학,물리학과,1,전공기초,전공기초,0002421001,일반생물학(1),General Biology(1),이탁기,제5호관 자연과학대학·생명과학기술대학-335 강의실-대(계단식)[05-335], [05-335:화(8)(9)], [05-335:화(16:00~16:50)(17:00~17:50)],50분(표준),2,일반과목,강의(이론),상대평가,일반(1~15주),비대상
207,자연과학대학,물리학과,1,전공기초,전공기초,0007800012,자기설계세미나 I,Self - Design Seminar I,문병희,제5호관 자연과학대학·생명과학기술대학-335 강의실-대(계단식)[05-335], [05-335:수(6)], [05-335:수(14:00~14:50)],50분(표준),1,일반과목,자기설계세미나,이수인정,일반(1~15주),비대상
208,자연과학대학,물리학과,1,전공기초,전공기초,0007800013,자기설계세미나 I,Self - Design Seminar I,이기훈,제5호관 자연과학대학·생명과학기술대학-335 강의실-대(계단식)[05-335], [05-335:수(5)], [05-335:수(13:00~13:50)],50분(표준),1,일반과목,자기설계세미나,이수인정,일반(1~15주),비대상
209,자연과학대학,물리학과,1,전공기초,전공기초,0007800014,자기설계세미나 I,Self - Design Seminar I,이진호,제5호관 자연과학대학·생명과학기술대학-421 강의실(소)-4[05-421], [05-421:수(6)], [05-421:수(14:00~14:50)],50분(표준),1,일반과목,자기설계세미나,이수인정,일반(1~15주),비대상
210,자연과학대학,물리학과,1,전공기초,전공기초,XAA1168002,일반물리학(1),GENERAL PHYSICS(1),박승룡,제5호관 자연과학대학·생명과학기술대학-335 강의실-대(계단식)[05-335]," [05-335:월(2)(3),수(8)]"," [05-335:월(10:00~10:50)(11:00~11:50),수(16:00~16:50)]",50분(표준),3,일반과목,강의(이론),상대평가,일반(1~15주),비대상
211,자연과학대학,물리학과,1,전공기초,전공기초,XAA1171003,일반물리학실험(1),LABORATORY IN GENERAL PHYSICS(1),송은선,제5호관 자연과학대학·생명과학기술대학-114 공통물리실험실-2[05-114], [05-114:화(5)(6)], [05-114:화(13:00~13:50)(14:00~14:50)],50분(표준),1,일반과목,실험실습,절대평가,일반(1~15주),비대상
212,자연과학대학,물리학과,1,전공기초,전공기초,XAA1171004,일반물리학실험(1),LABORATORY IN GENERAL PHYSICS(1),김정우,제5호관 자연과학대학·생명과학기술대학-112 공통물리실험실-1[05-112], [05-112:화(5)(6)], [05-112:화(13:00~13:50)(14:00~14:50)],50분(표준),1,일반과목,실험실습,절대평가,일반(1~15주),비대상
213,자연과학대학,물리학과,1,전공기초,전공기초,XAA1171005,일반물리학실험(1),LABORATORY IN GENERAL PHYSICS(1),박승룡,제5호관 자연과학대학·생명과학기술대학-109 일반물리실험실[05-109], [05-109:화(5)(6)], [05-109:화(13:00~13:50)(14:00~14:50)],50분(표준),1,일반과목,실험실습,절대평가,일반(1~15주),비대상
214,자연과학대학,물리학과,1,전공기초,전공기초,XAA1184002,일반화학(1),GENERAL CHEMISTRY(1),정관영,제5호관 자연과학대학·생명과학기술대학-335 강의실-대(계단식)[05-335], [05-335:금(7)(8)], [05-335:금(15:00~15:50)(16:00~16:50)],50분(표준),2,일반과목,강의(이론),상대평가,일반(1~15주),비대상
215,자연과학대학,물리학과,1,전공기초,전공기초,XAA1187003,일반화학실험(1),General Chemistry Laboratory(1),김태현,제5호관 자연과학대학·생명과학기술대학-504 일반화학실험실[05-504], [05-504:월(5)(6)], [05-504:월(13:00~13:50)(14:00~14:50)],50분(표준),1,일반과목,실험실습,상대평가,일반(1~15주),비대상
216,자연과학대학,물리학과,1,전공기초,전공기초,XAA1187004,일반화학실험(1),General Chemistry Laboratory(1),강동구,제5호관 자연과학대학·생명과학기술대학-504 일반화학실험실[05-504], [05-504:수(1)(2)], [05-504:수(09:00~09:50)(10:00~10:50)],50분(표준),1,일반과목,실험실습,상대평가,일반(1~15주),비대상
217,자연과학대학,물리학과,1,전공기초,전공기초,XAA1187005,일반화학실험(1),General Chemistry Laboratory(1),임태은,제5호관 자연과학대학·생명과학기술대학-504 일반화학실험실[05-504], [05-504:목(1)(2)], [05-504:목(09:00~09:50)(10:00~10:50)],50분(표준),1,일반과목,실험실습,상대평가,일반(1~15주),비대상
218,자연과학대학,물리학과,2,전공핵심,전공핵심,BKB6001001,일반역학(1),MECHANICS(1),김병훈,제5호관 자연과학대학·생명과학기술대학-325 강의실(중)-2[05-325]," [05-325:화(5B-6),수(2B-3)]"," [05-325:화(13:30~14:45),수(10:30~11:45)]",75분,3,일반과목,강의(이론),상대평가,일반(1~15주),비대상
219,자연과학대학,물리학과,2,전공핵심,전공핵심,BKB6002001,현대물리학(1),MODERN PHYSICS(1),박승룡,"제5호관 자연과학대학·생명과학기술대학-325 강의실(중)-2[05-325], 제5호관 자연과학대학·생명과학기술대학-335 강의실-대(계단식)[05-335]", [05-325:월(5)(6)] [05-335:수(7)], [05-325:월(13:00~13:50)(14:00~14:50)] [05-335:수(15:00~15:50)],50분(표준),3,일반과목,강의(이론),상대평가,일반(1~15주),비대상
220,자연과학대학,물리학과,2,전공핵심,전공핵심,BKB6003001,역학실험,MECHANICS LAB,한강희,제5호관 자연과학대학·생명과학기술대학-109 일반물리실험실[05-109], [05-109:수(8)(9)], [05-109:수(16:00~16:50)(17:00~17:50)],50분(표준),1,일반과목,실험실습,절대평가,일반(1~15주),비대상
221,자연과학대학,물리학과,2,전공핵심,전공핵심,BKB6003002,역학실험,MECHANICS LAB,한강희,제5호관 자연과학대학·생명과학기술대학-109 일반물리실험실[05-109], [05-109:월(7)(8)], [05-109:월(15:00~15:50)(16:00~16:50)],50분(표준),1,일반과목,실험실습,절대평가,일반(1~15주),비대상
222,자연과학대학,물리학과,2,전공심화,전공심화,0008467001,선형대수학,LINEAR ALGEBRA,함남우,제5호관 자연과학대학·생명과학기술대학-103 수학과시청각실[05-103]," [05-103:월(2B-3),수(5B-6)]"," [05-103:월(10:30~11:45),수(13:30~14:45)]",75분,3,일반과목,강의(이론),상대평가,일반(1~15주),비대상
223,자연과학대학,물리학과,2,전공심화,전공심화,0010801001,물리연구소개,Introduction to research in physics,박영미,제5호관 자연과학대학·생명과학기술대학-325 강의실(중)-2[05-325], [05-325:목(8)], [05-325:목(16:00~16:50)],50분(표준),1,일반과목,강의(이론),이수인정,일반(1~15주),비대상
224,자연과학대학,물리학과,2,전공심화,전공심화,0010802001,물리프로그래밍,Introduction to Computational Physics,엇후 도르츠,제5호관 자연과학대학·생명과학기술대학-117 전산실 및 전산물리실험실(물리학과 전산실)[05-117]," [05-117:화(2B-3),목(2B-3)]"," [05-117:화(10:30~11:45),목(10:30~11:45)]",75분,3,일반과목,강의(이론),절대평가,일반(1~15주),원어강의(EN)
225,자연과학대학,물리학과,2,전공심화,전공심화,BKB6006001,수리물리학(1),MATHEMATICAL PHYSICS(1),엇후 도르츠,제5호관 자연과학대학·생명과학기술대학-325 강의실(중)-2[05-325]," [05-325:목(5B-6),금(5B-6)]"," [05-325:목(13:30~14:45),금(13:30~14:45)]",75분,3,일반과목,강의(이론),절대평가,일반(1~15주),원어강의(EN)
226,자연과학대학,물리학과,3,전공핵심,전공핵심,0010803001,계측실험1,Instrumentation Laboratory 1,김진영,제5호관 자연과학대학·생명과학기술대학-522 전자기학 및 전자물리실험실[05-522], [05-522:목(2)(3)], [05-522:목(10:00~10:50)(11:00~11:50)],50분(표준),1,일반과목,실험실습,절대평가,일반(1~15주),비대상
227,자연과학대학,물리학과,3,전공핵심,전공핵심,0010803002,계측실험1,Instrumentation Laboratory 1,김진영,제5호관 자연과학대학·생명과학기술대학-523 현대물리실험실[05-523], [05-523:목(5)(6)], [05-523:목(13:00~13:50)(14:00~14:50)],50분(표준),1,일반과목,실험실습,절대평가,일반(1~15주),비대상
228,자연과학대학,물리학과,3,전공핵심,전공핵심,BKB6014001,양자역학(1),QUANTUM PHYSICS(1),이기훈,제5호관 자연과학대학·생명과학기술대학-325 강의실(중)-2[05-325]," [05-325:월(7-8A),화(7-8A)]"," [05-325:월(15:00~16:15),화(15:00~16:15)]",75분,3,일반과목,강의(이론),상대평가,일반(1~15주),비대상
229,자연과학대학,물리학과,3,전공핵심,전공핵심,BKB6020001,전자기학(2),ELECTROMAGNETISM(2),박영미,제5호관 자연과학대학·생명과학기술대학-325 강의실(중)-2[05-325]," [05-325:수(7-8A),금(2B-3)]"," [05-325:수(15:00~16:15),금(10:30~11:45)]",75분,3,일반과목,강의(이론),상대평가,일반(1~15주),비대상
230,자연과학대학,물리학과,3,전공심화,전공심화,BKB6007001,열및통계물리학(1),THERMAL AND STATISTICAL PHYSICS(1),김정우,제5호관 자연과학대학·생명과학기술대학-326 강의실(소)-2[05-326]," [05-326:월(3),수(3),금(1)]"," [05-326:월(11:00~11:50),수(11:00~11:50),금(09:00~09:50)]",50분(표준),3,일반과목,강의(이론),상대평가,일반(1~15주),글로벌강의(ES)
231,자연과학대학,물리학과,3,전공심화,전공심화,BKB6053001,반도체물리학,SEMICONDUCTOR PHYSICS,이진호,"제5호관 자연과학대학·생명과학기술대학-326 강의실(소)-2[05-326], 제5호관 자연과학대학·생명과학기술대학-421 강의실(소)-4[05-421]", [05-326:월(5B-6)] [05-421:금(5B-6)], [05-326:월(13:30~14:45)] [05-421:금(13:30~14:45)],75분,3,일반과목,강의(이론),상대평가,일반(1~15주),비대상
232,자연과학대학,물리학과,4,전공심화,전공심화,0010804001,물리연구캡스톤디자인,Physics research capstone design,김병훈,제5호관 자연과학대학·생명과학기술대학-326 강의실(소)-2[05-326]," [05-326:월(7)(8),수(7)(8)]"," [05-326:월(15:00~15:50)(16:00~16:50),수(15:00~15:50)(16:00~16:50)]",50분(표준),2,일반과목,실험실습,절대평가,일반(1~15주),비대상
233,자연과학대학,물리학과,4,전공심화,전공심화,0010806001,현대광학개론,Introduction to Modern optics,전충삼,제5호관 자연과학대학·생명과학기술대학-326 강의실(소)-2[05-326], [05-326:수(4-5A)(5B-6)], [05-326:수(12:00~13:15)(13:30~14:45)],75분,3,일반과목,강의(이론),상대평가,일반(1~15주),비대상
234,자연과학대학,물리학과,4,전공심화,전공심화,BKB6017001,광학(2),OPTICS(2),박영미,제5호관 자연과학대학·생명과학기술대학-421 강의실(소)-4[05-421]," [05-421:화(2B-3),목(2B-3)]"," [05-421:화(10:30~11:45),목(10:30~11:45)]",75분,3,일반과목,강의(이론),상대평가,일반(1~15주),비대상
235,자연과학대학,물리학과,4,전공심화,전공심화,BKB6029001,고체물리학(2),SOLID STATE PHYSICS(2),문병희,제5호관 자연과학대학·생명과학기술대학-326 강의실(소)-2[05-326]," [05-326:화(7)(8),목(7)]"," [05-326:화(15:00~15:50)(16:00~16:50),목(15:00~15:50)]",50분(표준),3,일반과목,강의(이론),상대평가,일반(1~15주),비대상
236,자연과학대학,화학과,전학년,전공심화,전공심화,0009062011,RISE,RISE,김진호,,,,50분(표준),3,일반과목,RISE(시간표 없음),이수인정,일반(1~15주),비대상
237,자연과학대학,화학과,전학년,전공심화,전공심화,0009062012,RISE,RISE,권태현,,,,50분(표준),3,일반과목,RISE(시간표 없음),이수인정,일반(1~15주),비대상
238,자연과학대학,화학과,1,기초교양,학문의기초,XAA1358003,대학수학(1),CALCULUS(1),이정찬,제5호관 자연과학대학·생명과학기술대학-507 강의실(중)-5[05-507], [05-507:목(6)(7)(8)], [05-507:목(14:00~14:50)(15:00~15:50)(16:00~16:50)],50분(표준),3,일반과목,강의(이론),상대평가,일반(1~15주),비대상
239,자연과학대학,화학과,1,전공기초,전공기초,XAA1168003,일반물리학(1),GENERAL PHYSICS(1),,제5호관 자연과학대학·생명과학기술대학-335 강의실-대(계단식)[05-335], [05-335:금(5)(6)], [05-335:금(13:00~13:50)(14:00~14:50)],50분(표준),2,일반과목,강의(이론),상대평가,일반(1~15주),비대상
240,자연과학대학,화학과,1,전공기초,전공기초,XAA1171006,일반물리학실험(1),LABORATORY IN GENERAL PHYSICS(1),권남오,제5호관 자연과학대학·생명과학기술대학-115 공통물리실험실-3[05-115], [05-115:월(2)(3)], [05-115:월(10:00~10:50)(11:00~11:50)],50분(표준),1,일반과목,실험실습,절대평가,일반(1~15주),비대상
241,자연과학대학,화학과,1,전공기초,전공기초,XAA1171007,일반물리학실험(1),LABORATORY IN GENERAL PHYSICS(1),함효식,제5호관 자연과학대학·생명과학기술대학-112 공통물리실험실-1[05-112], [05-112:월(2)(3)], [05-112:월(10:00~10:50)(11:00~11:50)],50분(표준),1,일반과목,실험실습,절대평가,일반(1~15주),비대상
242,자연과학대학,화학과,1,전공기초,전공기초,XAA1171008,일반물리학실험(1),LABORATORY IN GENERAL PHYSICS(1),이기훈,제5호관 자연과학대학·생명과학기술대학-109 일반물리실험실[05-109], [05-109:월(2)(3)], [05-109:월(10:00~10:50)(11:00~11:50)],50분(표준),1,일반과목,실험실습,절대평가,일반(1~15주),비대상
243,자연과학대학,화학과,1,전공기초,전공기초,XAA1175002,일반생물학(1),GENERAL BIOLOGY(1),,제5호관 자연과학대학·생명과학기술대학-507 강의실(중)-5[05-507], [05-507:수(5)(6)], [05-507:수(13:00~13:50)(14:00~14:50)],50분(표준),2,일반과목,강의(이론),상대평가,일반(1~15주),비대상
244,자연과학대학,화학과,1,전공기초,전공기초,XAA1178003,일반생물학실험(1),General Biology Laboratory(1),김재광,제41호관 바이오 컴플렉스관-220 생물학기초실험실-1[41-220], [41-220:화(2)(3)], [41-220:화(10:00~10:50)(11:00~11:50)],50분(표준),1,일반과목,실험실습,절대평가,일반(1~15주),비대상
245,자연과학대학,화학과,1,전공기초,전공기초,XAA1178004,일반생물학실험(1),General Biology Laboratory(1),김길원,제41호관 바이오 컴플렉스관-220 생물학기초실험실-1[41-220], [41-220:목(2)(3)], [41-220:목(10:00~10:50)(11:00~11:50)],50분(표준),1,일반과목,실험실습,절대평가,일반(1~15주),비대상
246,자연과학대학,화학과,1,전공기초,전공기초,XAA1178005,일반생물학실험(1),General Biology Laboratory(1),김재광,제41호관 바이오 컴플렉스관-217 생물학기초실험실-2[41-217], [41-217:화(7)(8)], [41-217:화(15:00~15:50)(16:00~16:50)],50분(표준),1,일반과목,실험실습,절대평가,일반(1~15주),비대상
247,자연과학대학,화학과,1,전공기초,전공기초,XAA1184003,일반화학(1),GENERAL CHEMISTRY(1),방지원,제5호관 자연과학대학·생명과학기술대학-507 강의실(중)-5[05-507]," [05-507:월(4-5A),금(2B-3)]"," [05-507:월(12:00~13:15),금(10:30~11:45)]",75분,3,일반과목,강의(이론),상대평가,일반(1~15주),비대상
248,자연과학대학,화학과,1,전공기초,전공기초,XAA1187006,일반화학실험(1),General Chemistry Laboratory(1),강동구,제5호관 자연과학대학·생명과학기술대학-504 일반화학실험실[05-504], [05-504:화(5)(6)], [05-504:화(13:00~13:50)(14:00~14:50)],50분(표준),1,일반과목,실험실습,상대평가,일반(1~15주),비대상
249,자연과학대학,화학과,1,전공기초,전공기초,XAA1187007,일반화학실험(1),General Chemistry Laboratory(1),김강우,제5호관 자연과학대학·생명과학기술대학-504 일반화학실험실[05-504], [05-504:수(3)(4)], [05-504:수(11:00~11:50)(12:00~12:50)],50분(표준),1,일반과목,실험실습,상대평가,일반(1~15주),비대상
250,자연과학대학,화학과,1,전공기초,전공기초,XAA1187008,일반화학실험(1),General Chemistry Laboratory(1),김태현,제5호관 자연과학대학·생명과학기술대학-504 일반화학실험실[05-504], [05-504:금(7)(8)], [05-504:금(15:00~15:50)(16:00~16:50)],50분(표준),1,일반과목,실험실습,상대평가,일반(1~15주),비대상
251,자연과학대학,화학과,2,전공핵심,전공핵심,0001397001,분석화학실험,Analytical Chemistry Laboratory,김규원,제5호관 자연과학대학·생명과학기술대학-508 합성실험실[05-508], [05-508:금(6)(7)(8)(9)], [05-508:금(14:00~14:50)(15:00~15:50)(16:00~16:50)(17:00~17:50)],50분(표준),2,일반과목,실험실습,상대평가,일반(1~15주),비대상
252,자연과학대학,화학과,2,전공핵심,전공핵심,0001397002,분석화학실험,Analytical Chemistry Laboratory,권태현,제5호관 자연과학대학·생명과학기술대학-508 합성실험실[05-508], [05-508:수(6)(7)(8)(9)], [05-508:수(14:00~14:50)(15:00~15:50)(16:00~16:50)(17:00~17:50)],50분(표준),2,일반과목,실험실습,상대평가,일반(1~15주),비대상
253,자연과학대학,화학과,2,전공핵심,전공핵심,BKC6001001,유기화학(1),ORGANIC CHEMISTRY(1),김진호,제5호관 자연과학대학·생명과학기술대학-335 강의실-대(계단식)[05-335]," [05-335:월(5B-6),수(1-2A)]"," [05-335:월(13:30~14:45),수(09:00~10:15)]",75분,3,일반과목,강의(이론),상대평가,일반(1~15주),비대상
254,자연과학대학,화학과,2,전공핵심,전공핵심,BKC6002001,물리화학(1),PHYSICAL CHEMISTRY(1),이창민,"제5호관 자연과학대학·생명과학기술대학-335 강의실-대(계단식)[05-335], 제5호관 자연과학대학·생명과학기술대학-507 강의실(중)-5[05-507]", [05-335:수(2B-3)] [05-507:화(2B-3)], [05-335:수(10:30~11:45)] [05-507:화(10:30~11:45)],75분,3,일반과목,강의(이론),상대평가,일반(1~15주),비대상
255,자연과학대학,화학과,2,전공핵심,전공핵심,BKC6004001,분석화학(1),ANALYTICAL CHEMISTRY(1),김규원,제5호관 자연과학대학·생명과학기술대학-335 강의실-대(계단식)[05-335]," [05-335:월(8)(9),화(7)]"," [05-335:월(16:00~16:50)(17:00~17:50),화(15:00~15:50)]",50분(표준),3,일반과목,강의(이론),상대평가,일반(1~15주),비대상
256,자연과학대학,화학과,3,전공핵심,전공핵심,BKC6012001,무기화학(1),INORGANIC CHEMISTRY(1),김강우,제5호관 자연과학대학·생명과학기술대학-507 강의실(중)-5[05-507]," [05-507:월(2B-3),목(2B-3)]"," [05-507:월(10:30~11:45),목(10:30~11:45)]",75분,3,일반과목,강의(이론),상대평가,일반(1~15주),비대상
257,자연과학대학,화학과,3,전공핵심,전공핵심,BKC6017001,물리화학실험,Physical Chemistry Laboratory,방지원,제5호관 자연과학대학·생명과학기술대학-510 물리화학실험실[05-510], [05-510:월(6)(7)(8)(9)], [05-510:월(14:00~14:50)(15:00~15:50)(16:00~16:50)(17:00~17:50)],50분(표준),2,일반과목,실험실습,상대평가,일반(1~15주),비대상
258,자연과학대학,화학과,3,전공핵심,전공핵심,BKC6017002,물리화학실험,Physical Chemistry Laboratory,이창민,제5호관 자연과학대학·생명과학기술대학-510 물리화학실험실[05-510], [05-510:금(6)(7)(8)(9)], [05-510:금(14:00~14:50)(15:00~15:50)(16:00~16:50)(17:00~17:50)],50분(표준),2,일반과목,실험실습,상대평가,일반(1~15주),비대상
259,자연과학대학,화학과,3,전공심화,전공심화,0007816001,화학논문연구 I,Graduation thesis and research I,임태은,제5호관 자연과학대학·생명과학기술대학-507 강의실(중)-5[05-507], [05-507:화(8)(9)], [05-507:화(16:00~16:50)(17:00~17:50)],50분(표준),2,일반과목,강의(이론),이수인정,일반(1~15주),비대상
260,자연과학대학,화학과,3,전공심화,전공심화,0010458001,에너지화학,Energy Chemistry,임태은,제5호관 자연과학대학·생명과학기술대학-506 강의실(소)-5[05-506]," [05-506:화(4-5A),수(2B-3)]"," [05-506:화(12:00~13:15),수(10:30~11:45)]",75분,3,일반과목,강의(이론),상대평가,일반(1~15주),비대상
261,자연과학대학,화학과,3,전공심화,전공심화,BKC6013001,유기화학(3),ORGANIC CHEMISTRY(3),김태현,제5호관 자연과학대학·생명과학기술대학-506 강의실(소)-5[05-506]," [05-506:화(2B-3),금(2B-3)]"," [05-506:화(10:30~11:45),금(10:30~11:45)]",75분,3,일반과목,강의(이론),상대평가,일반(1~15주),비대상
262,자연과학대학,화학과,3,전공심화,전공심화,BKC6014001,생화학(1),BIOCHEMISTRY(1),강동구,제5호관 자연과학대학·생명과학기술대학-506 강의실(소)-5[05-506]," [05-506:월(4-5A),수(5B-6)]"," [05-506:월(12:00~13:15),수(13:30~14:45)]",75분,3,일반과목,강의(이론),상대평가,일반(1~15주),비대상
263,자연과학대학,화학과,3,전공심화,전공심화,BKC6016001,분자분광학,MOLECULAR SPECTROSCOPY,이창민,"제5호관 자연과학대학·생명과학기술대학-506 강의실(소)-5[05-506], 제5호관 자연과학대학·생명과학기술대학-507 강의실(중)-5[05-507]", [05-506:목(7-8A)] [05-507:화(5B-6)], [05-506:목(15:00~16:15)] [05-507:화(13:30~14:45)],75분,3,일반과목,강의(이론),상대평가,일반(1~15주),비대상
264,자연과학대학,화학과,4,전공심화,전공심화,0007809001,의약합성화학,Synthetic Medicinal Chemistry,김진호,제5호관 자연과학대학·생명과학기술대학-506 강의실(소)-5[05-506]," [05-506:월(2B-3),목(2B-3)]"," [05-506:월(10:30~11:45),목(10:30~11:45)]",75분,3,일반과목,강의(이론),상대평가,일반(1~15주),비대상
265,자연과학대학,화학과,4,전공심화,전공심화,0010813001,나노재료화학,Nano Materials Chemistry,권태현,제5호관 자연과학대학·생명과학기술대학-506 강의실(소)-5[05-506]," [05-506:화(1-2A),목(1-2A)]"," [05-506:화(09:00~10:15),목(09:00~10:15)]",75분,3,일반과목,강의(이론),상대평가,일반(1~15주),비대상
266,자연과학대학,화학과,4,전공심화,전공심화,0010814001,화학캡스톤디자인1,Capstone Design1,방지원,제5호관 자연과학대학·생명과학기술대학-510 물리화학실험실[05-510]," [05-510:화(8)(9),금(1)]"," [05-510:화(16:00~16:50)(17:00~17:50),금(09:00~09:50)]",50분(표준),3,일반과목,강의(이론),절대평가,일반(1~15주),비대상
267,자연과학대학,패션산업학과,전학년,전공심화,전공심화,0009062013,RISE,RISE,김선희,제5호관 자연과학대학·생명과학기술대학-329 입체구성실[05-329]," [05-329:월(8B-9),목(8B-9)]"," [05-329:월(16:30~17:45),목(16:30~17:45)]",75분,3,일반과목,RISE(시간표 있음),이수인정,일반(1~15주),비대상
268,자연과학대학,패션산업학과,전학년,전공심화,전공심화,0009062014,RISE,RISE,이현승,제5호관 자연과학대학·생명과학기술대학-344 디자인캐드실[05-344]," [05-344:수(8B-9),금(5B-6)]"," [05-344:수(16:30~17:45),금(13:30~14:45)]",75분,3,일반과목,RISE(시간표 있음),이수인정,일반(1~15주),비대상
269,자연과학대학,패션산업학과,전학년,전공심화,전공심화,0009062015,RISE,RISE,장인우,제5호관 자연과학대학·생명과학기술대학-328 평면구성실[05-328]," [05-328:화(2B-3),목(5B-6)]"," [05-328:화(10:30~11:45),목(13:30~14:45)]",75분,3,일반과목,RISE(시간표 있음),이수인정,일반(1~15주),비대상
270,자연과학대학,패션산업학과,1,전공핵심,전공핵심,0011421001,글로벌패션산업이해,Introduction to the global fashion industry,이현정,제5호관 자연과학대학·생명과학기술대학-420 강의실(중)-4[05-420], [05-420:월(4-5A)(5B-6)], [05-420:월(12:00~13:15)(13:30~14:45)],75분,3,일반과목,강의(이론),상대평가,일반(1~15주),비대상
271,자연과학대학,패션산업학과,1,전공핵심,전공핵심,BLB6067001,섬유소재이해,UNDERSTANDING TEXTILES(1),조윤경,제5호관 자연과학대학·생명과학기술대학-420 강의실(중)-4[05-420]," [05-420:수(5B-6),목(5B-6)]"," [05-420:수(13:30~14:45),목(13:30~14:45)]",75분,3,일반과목,강의(이론),상대평가,일반(1~15주),비대상
272,자연과학대학,패션산업학과,1,전공심화,전공심화,0010817001,색채와패션,Color and Fashion,한나리,제5호관 자연과학대학·생명과학기술대학-321 패션디자인실 [05-321], [05-321:금(1)(2)(3)(4)], [05-321:금(09:00~09:50)(10:00~10:50)(11:00~11:50)(12:00~12:50)],50분(표준),3,일반과목,이론실험실습,상대평가,일반(1~15주),비대상
273,자연과학대학,패션산업학과,1,전공심화,전공심화,0010817002,색채와패션,Color and Fashion,한나리,제5호관 자연과학대학·생명과학기술대학-321 패션디자인실 [05-321], [05-321:금(6)(7)(8)(9)], [05-321:금(14:00~14:50)(15:00~15:50)(16:00~16:50)(17:00~17:50)],50분(표준),3,일반과목,이론실험실습,상대평가,일반(1~15주),비대상
274,자연과학대학,패션산업학과,2,전공핵심,전공핵심,0006041001,서양복식사,History of Occidental Costume,장인우,제5호관 자연과학대학·생명과학기술대학-420 강의실(중)-4[05-420]," [05-420:화(5B-6),목(2B-3)]"," [05-420:화(13:30~14:45),목(10:30~11:45)]",75분,3,일반과목,강의(이론),상대평가,일반(1~15주),비대상
275,자연과학대학,패션산업학과,2,전공심화,전공심화,0008665001,패션드로잉과도식화,Fashion Drawing and Flats,박은경,제5호관 자연과학대학·생명과학기술대학-321 패션디자인실 [05-321]," [05-321:월(6)(7),수(6)(7)]"," [05-321:월(14:00~14:50)(15:00~15:50),수(14:00~14:50)(15:00~15:50)]",50분(표준),3,일반과목,이론실험실습,상대평가,일반(1~15주),비대상
276,자연과학대학,패션산업학과,2,전공심화,전공심화,0010818001,비즈니스데이터분석기초,Introduction to business data analysis,권기용,제5호관 자연과학대학·생명과학기술대학-344 디자인캐드실[05-344]," [05-344:월(8)(9),화(3)(4)]"," [05-344:월(16:00~16:50)(17:00~17:50),화(11:00~11:50)(12:00~12:50)]",50분(표준),3,일반과목,이론실험실습,절대평가,일반(1~15주),원어강의(EN)
277,자연과학대학,패션산업학과,2,전공심화,전공심화,0010819001,2D패턴디자인,2D Pattern design,이유정,제5호관 자연과학대학·생명과학기술대학-329 입체구성실[05-329], [05-329:수(1)(2)(3)(4)], [05-329:수(09:00~09:50)(10:00~10:50)(11:00~11:50)(12:00~12:50)],50분(표준),3,일반과목,이론실험실습,상대평가,일반(1~15주),비대상
278,자연과학대학,패션산업학과,2,전공심화,전공심화,0012348001,텍스타일염색과표현,Textile finishing for fashion expression,조윤경,제5호관 자연과학대학·생명과학기술대학-323 의류소재실험실[05-323]," [05-323:수(8)(9),목(8)(9)]"," [05-323:수(16:00~16:50)(17:00~17:50),목(16:00~16:50)(17:00~17:50)]",50분(표준),3,일반과목,이론실험실습,상대평가,일반(1~15주),비대상
279,자연과학대학,패션산업학과,3,전공핵심,전공핵심,0011422001,현대패션콘텐츠, Contemporary Fashion Content,박은경,제5호관 자연과학대학·생명과학기술대학-420 강의실(중)-4[05-420]," [05-420:월(2B-3),화(2B-3)]"," [05-420:월(10:30~11:45),화(10:30~11:45)]",75분,3,일반과목,강의(이론),상대평가,일반(1~15주),비대상
280,자연과학대학,패션산업학과,3,전공심화,전공심화,0001399001,테일러링,Tailoring,이주연,제5호관 자연과학대학·생명과학기술대학-329 입체구성실[05-329], [05-329:화(6)(7)(8)(9)], [05-329:화(14:00~14:50)(15:00~15:50)(16:00~16:50)(17:00~17:50)],50분(표준),3,일반과목,이론실험실습,상대평가,일반(1~15주),비대상
281,자연과학대학,패션산업학과,3,전공심화,전공심화,0006022001,패션커뮤니케이션,Fashion Communications,이현정,제5호관 자연과학대학·생명과학기술대학-420 강의실(중)-4[05-420], [05-420:월(7-8A)(8B-9)], [05-420:월(15:00~16:15)(16:30~17:45)],75분,3,일반과목,강의(이론),상대평가,일반(1~15주),비대상
282,자연과학대학,패션산업학과,3,전공심화,전공심화,0010820001,패션디자인스튜디오I,Fashion Design Studio I,이현승,제5호관 자연과학대학·생명과학기술대학-344 디자인캐드실[05-344]," [05-344:수(3)(4),목(6)(7)]"," [05-344:수(11:00~11:50)(12:00~12:50),목(14:00~14:50)(15:00~15:50)]",50분(표준),3,일반과목,온라인혼합형강좌,상대평가,일반(1~15주),비대상
283,자연과학대학,패션산업학과,3,전공심화,전공심화,0011880001,AI패션창업,AI Fashion Startup,김선희,제5호관 자연과학대학·생명과학기술대학-344 디자인캐드실[05-344]," [05-344:수(1)(2),목(3)(4)]"," [05-344:수(09:00~09:50)(10:00~10:50),목(11:00~11:50)(12:00~12:50)]",50분(표준),3,일반과목,이론실험실습,상대평가,일반(1~15주),비대상
284,자연과학대학,패션산업학과,3,전공심화,전공심화,0012349001,패션정형데이터관리와분석,Fashion Structured Data Management and Analysis,권기용,제5호관 자연과학대학·생명과학기술대학-406 패션 테크 스튜디오[05-406]," [05-406:수(8B-9),목(8B-9)]"," [05-406:수(16:30~17:45),목(16:30~17:45)]",75분,3,일반과목,강의(이론),상대평가,일반(1~15주),비대상
285,자연과학대학,패션산업학과,4,전공심화,전공심화,0008669001,글로벌패션소비자,Global Fashion Consumer,권기용,"제5호관 자연과학대학·생명과학기술대학-406 패션 테크 스튜디오[05-406], 제5호관 자연과학대학·생명과학기술대학-420 강의실(중)-4[05-420]", [05-406:월(4-5A)] [05-420:수(4-5A)], [05-406:월(12:00~13:15)] [05-420:수(12:00~13:15)],75분,3,일반과목,강의(이론),상대평가,일반(1~15주),비대상
286,자연과학대학,패션산업학과,4,전공심화,전공심화,0008670001,캡스톤패션디자인,Capstone Fashion Design,김선희,제5호관 자연과학대학·생명과학기술대학-329 입체구성실[05-329]," [05-329:월(6)(7),목(6)(7)]"," [05-329:월(14:00~14:50)(15:00~15:50),목(14:00~14:50)(15:00~15:50)]",50분(표준),3,일반과목,이론실험실습,절대평가,일반(1~15주),비대상
287,자연과학대학,패션산업학과,4,전공심화,전공심화,0008670002,캡스톤패션디자인,Capstone Fashion Design,이현승,제5호관 자연과학대학·생명과학기술대학-329 입체구성실[05-329]," [05-329:수(6)(7),금(3)(4)]"," [05-329:수(14:00~14:50)(15:00~15:50),금(11:00~11:50)(12:00~12:50)]",50분(표준),3,일반과목,이론실험실습,절대평가,일반(1~15주),비대상
288,자연과학대학,해양학과,전학년,전공심화,전공심화,0009062075,RISE,RISE,김장균,제5호관 자연과학대학·생명과학기술대학-530 해양학과세미나실[05-530], [05-530:화(야1)(야2)(야3)], [05-530:화(18:00~18:50)(18:55~19:45)(19:50~20:40)],50분(표준),3,일반과목,RISE(시간표 있음),이수인정,일반(1~15주),비대상
289,자연과학대학,해양학과,1,기초교양,학문의기초,XAA1358004,대학수학(1),CALCULUS(1),이미혜,제5호관 자연과학대학·생명과학기술대학-527 강의실[05-527], [05-527:화(5)(6)(7)], [05-527:화(13:00~13:50)(14:00~14:50)(15:00~15:50)],50분(표준),3,일반과목,강의(이론),상대평가,일반(1~15주),비대상
290,자연과학대학,해양학과,1,전공기초,전공기초,0007800015,자기설계세미나 I,Self - Design Seminar I,김연정,제5호관 자연과학대학·생명과학기술대학-336 강의실[05-336], [05-336:목(3)], [05-336:목(11:00~11:50)],50분(표준),1,일반과목,자기설계세미나,이수인정,일반(1~15주),비대상
291,자연과학대학,해양학과,1,전공기초,전공기초,0007800016,자기설계세미나 I,Self - Design Seminar I,김일남,제5호관 자연과학대학·생명과학기술대학-527 강의실[05-527], [05-527:목(3)], [05-527:목(11:00~11:50)],50분(표준),1,일반과목,자기설계세미나,이수인정,일반(1~15주),비대상
292,자연과학대학,해양학과,1,전공기초,전공기초,BH06042001,일반물리학,GENERAL PHYSICS,김진영,제5호관 자연과학대학·생명과학기술대학-335 강의실-대(계단식)[05-335], [05-335:목(7)(8)], [05-335:목(15:00~15:50)(16:00~16:50)],50분(표준),2,일반과목,강의(이론),상대평가,일반(1~15주),비대상
293,자연과학대학,해양학과,1,전공기초,전공기초,XAA1170001,일반물리학실험,GENERAL PHYSICS LABORATORY,함효식,제5호관 자연과학대학·생명과학기술대학-112 공통물리실험실-1[05-112], [05-112:수(2)(3)], [05-112:수(10:00~10:50)(11:00~11:50)],50분(표준),1,일반과목,실험실습,상대평가,일반(1~15주),비대상
294,자연과학대학,해양학과,1,전공기초,전공기초,XAA1170002,일반물리학실험,GENERAL PHYSICS LABORATORY,이진호,제5호관 자연과학대학·생명과학기술대학-109 일반물리실험실[05-109], [05-109:수(2)(3)], [05-109:수(10:00~10:50)(11:00~11:50)],50분(표준),1,일반과목,실험실습,상대평가,일반(1~15주),비대상
295,자연과학대학,해양학과,1,전공기초,전공기초,XAA1175003,일반생물학(1),GENERAL BIOLOGY(1),김장균,제5호관 자연과학대학·생명과학기술대학-527 강의실[05-527], [05-527:월(5)(6)], [05-527:월(13:00~13:50)(14:00~14:50)],50분(표준),2,일반과목,온라인혼합형강좌,상대평가,일반(1~15주),비대상
296,자연과학대학,해양학과,1,전공기초,전공기초,XAA1178006,일반생물학실험(1),General Biology Laboratory(1),김장균,제5호관 자연과학대학·생명과학기술대학-432 실험실습실[05-432], [05-432:수(4)(5)], [05-432:수(12:00~12:50)(13:00~13:50)],50분(표준),1,일반과목,실험실습,상대평가,일반(1~15주),비대상
297,자연과학대학,해양학과,1,전공기초,전공기초,XAA1178007,일반생물학실험(1),General Biology Laboratory(1),김장균,제5호관 자연과학대학·생명과학기술대학-432 실험실습실[05-432], [05-432:수(6)(7)], [05-432:수(14:00~14:50)(15:00~15:50)],50분(표준),1,일반과목,실험실습,상대평가,일반(1~15주),비대상
298,자연과학대학,해양학과,1,전공기초,전공기초,XAA1184004,일반화학(1),GENERAL CHEMISTRY(1),김태현,제5호관 자연과학대학·생명과학기술대학-527 강의실[05-527], [05-527:월(2)(3)], [05-527:월(10:00~10:50)(11:00~11:50)],50분(표준),2,일반과목,강의(이론),상대평가,일반(1~15주),비대상
299,자연과학대학,해양학과,1,전공기초,전공기초,XAA1187009,일반화학실험(1),General Chemistry Laboratory(1),임태은,제5호관 자연과학대학·생명과학기술대학-504 일반화학실험실[05-504], [05-504:화(1)(2)], [05-504:화(09:00~09:50)(10:00~10:50)],50분(표준),1,일반과목,실험실습,상대평가,일반(1~15주),비대상
300,자연과학대학,해양학과,1,전공기초,전공기초,XAA1187010,일반화학실험(1),General Chemistry Laboratory(1),김진호,제5호관 자연과학대학·생명과학기술대학-504 일반화학실험실[05-504], [05-504:화(3)(4)], [05-504:화(11:00~11:50)(12:00~12:50)],50분(표준),1,일반과목,실험실습,상대평가,일반(1~15주),비대상
301,자연과학대학,해양학과,1,전공심화,전공심화,0006094001,해양연구및실습,Marine Excursion,이경재,"제5호관 자연과학대학·생명과학기술대학-527 강의실[05-527], 가상건물-199 외부강의실[ZZ-199]"," [05-527:월(8)(9),화(8)(9)] [ZZ-199:토(5)(6)(7)(8)]"," [05-527:월(16:00~16:50)(17:00~17:50),화(16:00~16:50)(17:00~17:50)] [ZZ-199:토(13:00~13:50)(14:00~14:50)(15:00~15:50)(16:00~16:50)]",50분(표준),3,일반과목,온라인혼합형강좌,절대평가,집중B(9~15주),비대상
302,자연과학대학,해양학과,2,전공핵심,전공핵심,0004214001,생물해양학 및 실험,Marine Biology and Experiment,이호준,"제5호관 자연과학대학·생명과학기술대학-432 실험실습실[05-432], 제5호관 자연과학대학·생명과학기술대학-527 강의실[05-527]", [05-432:금(7)(8)] [05-527:(5)(6)], [05-432:금(15:00~15:50)(16:00~16:50)] [05-527:(13:00~13:50)(14:00~14:50)],50분(표준),3,일반과목,이론실험실습,상대평가,일반(1~15주),비대상
303,자연과학대학,해양학과,2,전공핵심,전공핵심,0004957001,화학해양학 및 실험,Chemistry Marine and Experiment,,"제5호관 자연과학대학·생명과학기술대학-432 실험실습실[05-432], 제5호관 자연과학대학·생명과학기술대학-527 강의실[05-527]", [05-432:수(8)(9)] [05-527:(6)(7)], [05-432:수(16:00~16:50)(17:00~17:50)] [05-527:(14:00~14:50)(15:00~15:50)],50분(표준),3,일반과목,이론실험실습,상대평가,일반(1~15주),비대상
304,자연과학대학,해양학과,2,전공심화,전공심화,0003808001,수환경보존학,Aquatic Environmental Conservation,김연정,제5호관 자연과학대학·생명과학기술대학-336 강의실[05-336]," [05-336:월(7-8A),목(1-2A)]"," [05-336:월(15:00~16:15),목(09:00~10:15)]",75분,3,일반과목,강의(이론),상대평가,일반(1~15주),비대상
305,자연과학대학,해양학과,2,전공심화,전공심화,0005960001,해양무척추생물학,Marine invertebrates,이재성,"제5호관 자연과학대학·생명과학기술대학-335 강의실-대(계단식)[05-335], 제5호관 자연과학대학·생명과학기술대학-336 강의실[05-336]", [05-335:화(1)] [05-336:월(1)(2)], [05-335:화(09:00~09:50)] [05-336:월(09:00~09:50)(10:00~10:50)],50분(표준),3,일반과목,강의(이론),상대평가,일반(1~15주),비대상
306,자연과학대학,해양학과,2,전공심화,전공심화,0010455001,해수순환의이해,Ocean Circulation,김일남,제5호관 자연과학대학·생명과학기술대학-336 강의실[05-336]," [05-336:월(3)(4),화(2)]"," [05-336:월(11:00~11:50)(12:00~12:50),화(10:00~10:50)]",50분(표준),3,일반과목,강의(이론),상대평가,일반(1~15주),비대상
307,자연과학대학,해양학과,2,전공심화,전공심화,0011428001,지질해양학1,Geological Oceanography I,김영균,제5호관 자연과학대학·생명과학기술대학-527 강의실[05-527], [05-527:금(1-2A)(2B-3)], [05-527:금(09:00~10:15)(10:30~11:45)],75분,3,일반과목,강의(이론),상대평가,일반(1~15주),비대상
308,자연과학대학,해양학과,2,전공심화,전공심화,0012351001,해양학을위한수리계산과학개론,Introduction to Mathematical and Computational Science for Oceanography,이경재,"제4호관 BM컨텐츠관-105 전산실습실-2[04-105], 제5호관 자연과학대학·생명과학기술대학-336 강의실[05-336]", [04-105:수(2)(3)] [05-336:화(5)(6)], [04-105:수(10:00~10:50)(11:00~11:50)] [05-336:화(13:00~13:50)(14:00~14:50)],50분(표준),3,일반과목,이론실험실습,상대평가,일반(1~15주),비대상
309,자연과학대학,해양학과,2,전공심화,전공심화,BKD6004001,생물통계학,BIOSTATISTICS,,제5호관 자연과학대학·생명과학기술대학-527 강의실[05-527], [05-527:목(4-5A)(5B-6)], [05-527:목(12:00~13:15)(13:30~14:45)],75분,3,일반과목,강의(이론),상대평가,일반(1~15주),비대상
310,자연과학대학,해양학과,3,전공핵심,전공핵심,0006867001,양식과환경,Aquaculture and the Environment (with lab),,"제5호관 자연과학대학·생명과학기술대학-432 실험실습실[05-432], 제5호관 자연과학대학·생명과학기술대학-527 강의실[05-527]", [05-432:목(3)(4)] [05-527:(1)(2)], [05-432:목(11:00~11:50)(12:00~12:50)] [05-527:(09:00~09:50)(10:00~10:50)],50분(표준),3,일반과목,이론실험실습,절대평가,일반(1~15주),비대상
311,자연과학대학,해양학과,3,전공심화,전공심화,0003816001,조류생리생태학및실험,Algal Ecophysiology,공정애,"제5호관 자연과학대학·생명과학기술대학-336 강의실[05-336], 제5호관 자연과학대학·생명과학기술대학-432 실험실습실[05-432]", [05-336:목(6)(7)] [05-432:(8)(9)], [05-336:목(14:00~14:50)(15:00~15:50)] [05-432:(16:00~16:50)(17:00~17:50)],50분(표준),3,일반과목,이론실험실습,상대평가,일반(1~15주),비대상
312,자연과학대학,해양학과,3,전공심화,전공심화,0006944001,해양분자생물학및실험,Marine Molecular biology and Experiment,김연정,"제5호관 자연과학대학·생명과학기술대학-336 강의실[05-336], 제5호관 자연과학대학·생명과학기술대학-432 실험실습실[05-432]", [05-336:수(2)(3)] [05-432:화(2)(3)], [05-336:수(10:00~10:50)(11:00~11:50)] [05-432:화(10:00~10:50)(11:00~11:50)],50분(표준),3,일반과목,온라인혼합형강좌,상대평가,일반(1~15주),비대상
313,자연과학대학,해양학과,3,전공심화,전공심화,0007820001,첨단해양미생물학 및 응용,Advanced Marine Microbiology and Practice,이재성,,,,50분(표준),3,일반과목,이론실험실습,절대평가,일반(1~15주),비대상
314,자연과학대학,해양학과,3,전공심화,전공심화,0011429001,물리해양학2,Physical Oceanography2,이경재,제5호관 자연과학대학·생명과학기술대학-336 강의실[05-336]," [05-336:월(5B-6),수(5B-6)]"," [05-336:월(13:30~14:45),수(13:30~14:45)]",75분,3,일반과목,강의(이론),상대평가,일반(1~15주),비대상
315,자연과학대학,해양학과,4,전공심화,전공심화,0008678001,다이빙사이언스,Diving Science,노승갑,제5호관 자연과학대학·생명과학기술대학-527 강의실[05-527], [05-527:토(1)(2)(3)(4)], [05-527:토(09:00~09:50)(10:00~10:50)(11:00~11:50)(12:00~12:50)],50분(표준),2,일반과목,실험실습,상대평가,일반(1~15주),비대상
316,자연과학대학,해양학과,4,전공심화,전공심화,0009391001,캡스톤디자인2,Capstone Design 2,김연정,제5호관 자연과학대학·생명과학기술대학-432 실험실습실[05-432]," [05-432:월(0),화(0),수(0),목(0)]"," [05-432:월(08:00~08:50),화(08:00~08:50),수(08:00~08:50),목(08:00~08:50)]",50분(표준),2,일반과목,실험실습,절대평가,일반(1~15주),비대상
317,자연과학대학,해양학과,4,전공심화,전공심화,0010829001,해양산업이슈세미나1,Marine Industrial Issue Seminar 1,이재성,제5호관 자연과학대학·생명과학기술대학-527 강의실[05-527], [05-527:목(7)(8)], [05-527:목(15:00~15:50)(16:00~16:50)],50분(표준),2,일반과목,강의(이론),이수인정,일반(1~15주),비대상
318,사회과학대학,사회복지학과,1,전공기초,전공기초,0007800017,자기설계세미나 I,Self - Design Seminar I,정선영,제13호관 사회과학·글로벌정경대학-103 강의실(소)-3[13-103], [13-103:목(4)], [13-103:목(12:00~12:50)],50분(표준),1,일반과목,자기설계세미나,이수인정,일반(1~15주),비대상
319,사회과학대학,사회복지학과,1,전공기초,전공기초,0007800018,자기설계세미나 I,Self - Design Seminar I,남은지,제13호관 사회과학·글로벌정경대학-104 강의실(소)-4[13-104], [13-104:목(4)], [13-104:목(12:00~12:50)],50분(표준),1,일반과목,자기설계세미나,이수인정,일반(1~15주),비대상
320,사회과학대학,사회복지학과,1,전공핵심,전공핵심,0010055001,사회복지학개론,INTRODUCTION TO SOCIAL WELFARE,송다영,제13호관 사회과학·글로벌정경대학-207 강의실(소)[13-207]," [13-207:월(2)(3),수(2)]"," [13-207:월(10:00~10:50)(11:00~11:50),수(10:00~10:50)]",50분(표준),3,일반과목,강의(이론),상대평가,일반(1~15주),비대상
321,사회과학대학,사회복지학과,1,전공심화,전공심화,0010061001,사회복지와인권,Human Rights and Social Welfare,권정호,제13호관 사회과학·글로벌정경대학-205 강의실(소)[13-205], [13-205:수(7-8A)(8B-9)], [13-205:수(15:00~16:15)(16:30~17:45)],75분,3,일반과목,강의(이론),상대평가,일반(1~15주),비대상
322,사회과학대학,사회복지학과,1,전공심화,전공심화,CGB6003001,사회문제론,SOCIAL PROBLEMS,장애지,제13호관 사회과학·글로벌정경대학-205 강의실(소)[13-205], [13-205:목(7-8A)(8B-9)], [13-205:목(15:00~16:15)(16:30~17:45)],75분,3,일반과목,강의(이론),상대평가,일반(1~15주),비대상
323,사회과학대학,사회복지학과,2,전공핵심,전공핵심,CGB6012001,사회복지실천론,SOCIAL WORK PRACTICE THEORIES,최보라,제13호관 사회과학·글로벌정경대학-207 강의실(소)[13-207], [13-207:금(2)(3)(4)], [13-207:금(10:00~10:50)(11:00~11:50)(12:00~12:50)],50분(표준),3,일반과목,강의(이론),상대평가,일반(1~15주),비대상
324,사회과학대학,사회복지학과,2,전공심화,전공심화,0010056001,정신건강사회복지론,Social Welfare in Mental Health,박종은,제13호관 사회과학·글로벌정경대학-205 강의실(소)[13-205], [13-205:화(4-5A)(5B-6)], [13-205:화(12:00~13:15)(13:30~14:45)],75분,3,일반과목,강의(이론),상대평가,일반(1~15주),비대상
325,사회과학대학,사회복지학과,2,전공심화,전공심화,0010832001,사회서비스개론,Social Service,박영민,제13호관 사회과학·글로벌정경대학-205 강의실(소)[13-205], [13-205:목(4-5A)(5B-6)], [13-205:목(12:00~13:15)(13:30~14:45)],75분,3,일반과목,강의(이론),상대평가,일반(1~15주),비대상
326,사회과학대학,사회복지학과,2,전공심화,전공심화,CGB6004001,아동복지론,CHILD WELFARE,정선영,제13호관 사회과학·글로벌정경대학-205 강의실(소)[13-205]," [13-205:화(2B-3),목(2B-3)]"," [13-205:화(10:30~11:45),목(10:30~11:45)]",75분,3,일반과목,강의(이론),상대평가,일반(1~15주),비대상
327,사회과학대학,사회복지학과,2,전공심화,전공심화,CGB6007001,사회복지조사론,RESEARCH METHODS FOR SOCIAL WELFARE,박영민,제13호관 사회과학·글로벌정경대학-207 강의실(소)[13-207], [13-207:목(7-8A)(8B-9)], [13-207:목(15:00~16:15)(16:30~17:45)],75분,3,일반과목,강의(이론),상대평가,일반(1~15주),비대상
328,사회과학대학,사회복지학과,2,전공심화,전공심화,CGB6010001,사회보장론,SOCIAL SECURITY,송다영,제13호관 사회과학·글로벌정경대학-102 강의실(소)-2[13-102]," [13-102:월(6),수(7)(8)]"," [13-102:월(14:00~14:50),수(15:00~15:50)(16:00~16:50)]",50분(표준),3,일반과목,강의(이론),상대평가,일반(1~15주),비대상
329,사회과학대학,사회복지학과,3,전공핵심,전공핵심,CGB6016001,사회복지행정론,SOCIAL WELFARE ADMINISTRATION,전용호,제13호관 사회과학·글로벌정경대학-207 강의실(소)[13-207]," [13-207:월(4)(5),수(3)]"," [13-207:월(12:00~12:50)(13:00~13:50),수(11:00~11:50)]",50분(표준),3,일반과목,강의(이론),상대평가,일반(1~15주),비대상
330,사회과학대학,사회복지학과,3,전공심화,전공심화,0010060001,사회복지와문화다양성,Diversity and Social Welfare,김혜미,제13호관 사회과학·글로벌정경대학-104 강의실(소)-4[13-104]," [13-104:화(2B-3),목(2B-3)]"," [13-104:화(10:30~11:45),목(10:30~11:45)]",75분,3,일반과목,강의(이론),상대평가,일반(1~15주),비대상
331,사회과학대학,사회복지학과,3,전공심화,전공심화,CGB6009001,청소년복지론,YOUTH WELFARE,윤용희,제13호관 사회과학·글로벌정경대학-205 강의실(소)[13-205], [13-205:월(7-8A)(8B-9)], [13-205:월(15:00~16:15)(16:30~17:45)],75분,3,일반과목,강의(이론),상대평가,일반(1~15주),비대상
332,사회과학대학,사회복지학과,3,전공심화,전공심화,CGB6023001,프로그램개발과평가,PROGRAM DEVELOPMENT AND EVALUATION,정선영,제13호관 사회과학·글로벌정경대학-101 강의실(소)-1[13-101]," [13-101:화(7-8A),목(7-8A)]"," [13-101:화(15:00~16:15),목(15:00~16:15)]",75분,3,일반과목,강의(이론),상대평가,일반(1~15주),비대상
333,사회과학대학,사회복지학과,4,전공심화,전공심화,0010057001,사회복지법제와 실천,SOCIAL WELFARE LAWS  AND PRACTICE,이은아,제13호관 사회과학·글로벌정경대학-207 강의실(소)[13-207], [13-207:수(7-8A)(8B-9)], [13-207:수(15:00~16:15)(16:30~17:45)],75분,3,일반과목,강의(이론),상대평가,일반(1~15주),비대상
334,사회과학대학,사회복지학과,4,전공심화,전공심화,CGB6025001,여성복지론,SOCIAL SERVICES FOR WOMAN,최보라,제13호관 사회과학·글로벌정경대학-205 강의실(소)[13-205], [13-205:금(6)(7)(8)], [13-205:금(14:00~14:50)(15:00~15:50)(16:00~16:50)],50분(표준),3,일반과목,강의(이론),상대평가,일반(1~15주),비대상
335,사회과학대학,미디어커뮤니케이션학과,전학년,전공심화,전공심화,0009062016,RISE,RISE,김태민,제13호관 사회과학·글로벌정경대학-305 연구용실험실-3[13-305], [13-305:수(5B-6)(7-8A)], [13-305:수(13:30~14:45)(15:00~16:15)],75분,3,일반과목,RISE(시간표 있음),이수인정,일반(1~15주),비대상
336,사회과학대학,미디어커뮤니케이션학과,1,전공핵심,전공핵심,0008682001,휴먼커뮤니케이션입문,Introduction to Human Communication,김은이,제13호관 사회과학·글로벌정경대학-107 강의실(소)-6[13-107]," [13-107:화(2)(3),금(1)]"," [13-107:화(10:00~10:50)(11:00~11:50),금(09:00~09:50)]",50분(표준),3,일반과목,강의(이론),상대평가,일반(1~15주),비대상
337,사회과학대학,미디어커뮤니케이션학과,1,전공심화,전공심화,0008683001,영상제작실습기초,Introduction to Video Production,남윤국,제13호관 사회과학·글로벌정경대학-308 실습실-1[13-308], [13-308:수(3)(4)(5)], [13-308:수(11:00~11:50)(12:00~12:50)(13:00~13:50)],50분(표준),3,일반과목,강의(이론),상대평가,일반(1~15주),비대상
338,사회과학대학,미디어커뮤니케이션학과,1,전공심화,전공심화,0008683002,영상제작실습기초,Introduction to Video Production,남윤국,제13호관 사회과학·글로벌정경대학-308 실습실-1[13-308], [13-308:수(6)(7)(8)], [13-308:수(14:00~14:50)(15:00~15:50)(16:00~16:50)],50분(표준),3,일반과목,강의(이론),상대평가,일반(1~15주),비대상
339,사회과학대학,미디어커뮤니케이션학과,1,전공심화,전공심화,0010063001,퍼블릭스피킹1,Public Speaking1,김은이,제13호관 사회과학·글로벌정경대학-305 연구용실험실-3[13-305]," [13-305:월(0),금(2)(3)]"," [13-305:월(08:00~08:50),금(10:00~10:50)(11:00~11:50)]",50분(표준),3,일반과목,강의(이론),상대평가,일반(1~15주),비대상
340,사회과학대학,미디어커뮤니케이션학과,1,전공심화,전공심화,0010063002,퍼블릭스피킹1,Public Speaking1,김은이,제13호관 사회과학·글로벌정경대학-305 연구용실험실-3[13-305]," [13-305:화(0),금(5)(6)]"," [13-305:화(08:00~08:50),금(13:00~13:50)(14:00~14:50)]",50분(표준),3,일반과목,강의(이론),상대평가,일반(1~15주),비대상
341,사회과학대학,미디어커뮤니케이션학과,1,전공심화,전공심화,0010834001,디지털미디어리터러시,Digital Media Literacy,유우현,제13호관 사회과학·글로벌정경대학-102 강의실(소)-2[13-102]," [13-102:월(7-8A),목(7-8A)]"," [13-102:월(15:00~16:15),목(15:00~16:15)]",75분,3,일반과목,강의(이론),상대평가,일반(1~15주),비대상
342,사회과학대학,미디어커뮤니케이션학과,1,전공심화,전공심화,0010834002,디지털미디어리터러시,Digital Media Literacy,유우현,제13호관 사회과학·글로벌정경대학-102 강의실(소)-2[13-102]," [13-102:월(8B-9),목(8B-9)]"," [13-102:월(16:30~17:45),목(16:30~17:45)]",75분,3,일반과목,강의(이론),상대평가,일반(1~15주),비대상
343,사회과학대학,미디어커뮤니케이션학과,1,전공심화,전공심화,0010835001,미디어커뮤니케이션길라잡이,A Students Guide to to Media and Communication Studies,박진성,제13호관 사회과학·글로벌정경대학-208 강의실(소)[13-208], [13-208:목(5)(6)], [13-208:목(13:00~13:50)(14:00~14:50)],50분(표준),2,일반과목,강의(이론),이수인정,일반(1~15주),비대상
344,사회과학대학,미디어커뮤니케이션학과,2,전공심화,전공심화,0008684001,PR원론,Principles of Public Relations,이수범,제13호관 사회과학·글로벌정경대학-102 강의실(소)-2[13-102]," [13-102:화(5B-6),목(5B-6)]"," [13-102:화(13:30~14:45),목(13:30~14:45)]",75분,3,일반과목,강의(이론),상대평가,일반(1~15주),비대상
345,사회과학대학,미디어커뮤니케이션학과,2,전공심화,전공심화,0008688001,영화의이해,Understanding Movies,이동후,제13호관 사회과학·글로벌정경대학-102 강의실(소)-2[13-102]," [13-102:화(0),수(2)(3)]"," [13-102:화(08:00~08:50),수(10:00~10:50)(11:00~11:50)]",50분(표준),3,일반과목,강의(이론),상대평가,일반(1~15주),비대상
346,사회과학대학,미디어커뮤니케이션학과,2,전공심화,전공심화,0008703001,광고입문,Principles of Advertising,박진성,"제13호관 사회과학·글로벌정경대학-102 강의실(소)-2[13-102], 가상건물-200 온라인강의실[ZZ-200]", [13-102:수(5)(6)] [ZZ-200:금(0)], [13-102:수(13:00~13:50)(14:00~14:50)] [ZZ-200:금(08:00~08:50)],50분(표준),3,일반과목,온라인혼합형강좌,상대평가,일반(1~15주),비대상
347,사회과학대학,미디어커뮤니케이션학과,2,전공심화,전공심화,CFD6095001,디지털영상제작(1),DIGITAL EDITING(1),장태희,제13호관 사회과학·글로벌정경대학-308 실습실-1[13-308], [13-308:월(3)(4)(5)], [13-308:월(11:00~11:50)(12:00~12:50)(13:00~13:50)],50분(표준),3,일반과목,강의(이론),상대평가,일반(1~15주),비대상
348,사회과학대학,미디어커뮤니케이션학과,2,전공심화,전공심화,CFD6095002,디지털영상제작(1),DIGITAL EDITING(1),장태희,제13호관 사회과학·글로벌정경대학-308 실습실-1[13-308], [13-308:월(6)(7)(8)], [13-308:월(14:00~14:50)(15:00~15:50)(16:00~16:50)],50분(표준),3,일반과목,강의(이론),상대평가,일반(1~15주),비대상
349,사회과학대학,미디어커뮤니케이션학과,3,전공심화,전공심화,0008690001,미디어리서치실습,Media Research Workshop,반현,제13호관 사회과학·글로벌정경대학-308 실습실-1[13-308]," [13-308:화(2)(3),목(0)]"," [13-308:화(10:00~10:50)(11:00~11:50),목(08:00~08:50)]",50분(표준),3,일반과목,강의(이론),상대평가,일반(1~15주),비대상
350,사회과학대학,미디어커뮤니케이션학과,3,전공심화,전공심화,0008690002,미디어리서치실습,Media Research Workshop,반현,제13호관 사회과학·글로벌정경대학-308 실습실-1[13-308]," [13-308:화(5)(6),금(0)]"," [13-308:화(13:00~13:50)(14:00~14:50),금(08:00~08:50)]",50분(표준),3,일반과목,강의(이론),상대평가,일반(1~15주),비대상
351,사회과학대학,미디어커뮤니케이션학과,3,전공심화,전공심화,0008693001,커뮤니케이션세미나,Seminar in Communication,이수범,제13호관 사회과학·글로벌정경대학-106 강의실(소)-5[13-106]," [13-106:수(0),목(2)(3)]"," [13-106:수(08:00~08:50),목(10:00~10:50)(11:00~11:50)]",50분(표준),3,일반과목,강의(이론),상대평가,일반(1~15주),비대상
352,사회과학대학,미디어커뮤니케이션학과,3,전공심화,전공심화,0008699001,엔터테인먼트산업론,Entertainment Industry,나정희,제13호관 사회과학·글로벌정경대학-102 강의실(소)-2[13-102], [13-102:월(1)(2)(3)], [13-102:월(09:00~09:50)(10:00~10:50)(11:00~11:50)],50분(표준),3,일반과목,강의(이론),상대평가,일반(1~15주),비대상
353,사회과학대학,미디어커뮤니케이션학과,3,전공심화,전공심화,0008710001,1인미디어콘텐츠기획,One-Person Media Content Planning,유우현,제13호관 사회과학·글로벌정경대학-102 강의실(소)-2[13-102]," [13-102:월(4-5A),목(4-5A)]"," [13-102:월(12:00~13:15),목(12:00~13:15)]",75분,3,일반과목,강의(이론),상대평가,일반(1~15주),비대상
354,사회과학대학,미디어커뮤니케이션학과,4,전공심화,전공심화,0008694001,스페셜토픽1,Special Topics 1,오세성,제13호관 사회과학·글로벌정경대학-101 강의실(소)-1[13-101], [13-101:월(2)(3)(4)], [13-101:월(10:00~10:50)(11:00~11:50)(12:00~12:50)],50분(표준),3,일반과목,강의(이론),상대평가,일반(1~15주),비대상
355,사회과학대학,미디어커뮤니케이션학과,4,전공심화,전공심화,0008697001,미디어생태계탐색,Explorations in Media Ecology,이동후,제13호관 사회과학·글로벌정경대학-104 강의실(소)-4[13-104]," [13-104:화(5B-6),수(5B-6)]"," [13-104:화(13:30~14:45),수(13:30~14:45)]",75분,3,일반과목,강의(이론),상대평가,일반(1~15주),비대상
356,사회과학대학,미디어커뮤니케이션학과,4,전공심화,전공심화,0008705001,위기관리전략,Crisis Communication,송민호,제13호관 사회과학·글로벌정경대학-104 강의실(소)-4[13-104], [13-104:목(7)(8)(9)], [13-104:목(15:00~15:50)(16:00~16:50)(17:00~17:50)],50분(표준),3,일반과목,강의(이론),상대평가,일반(1~15주),비대상
357,사회과학대학,미디어커뮤니케이션학과,4,전공심화,전공심화,0010837001,브랜디드콘텐츠캡스톤디자인,Brand Contents Capstone Design,김태민,제13호관 사회과학·글로벌정경대학-101 강의실(소)-1[13-101]," [13-101:화(2B-3),수(2B-3)]"," [13-101:화(10:30~11:45),수(10:30~11:45)]",75분,3,일반과목,강의(이론),절대평가,일반(1~15주),비대상
358,사회과학대학,문헌정보학과,전학년,전공심화,전공심화,0009062017,RISE,RISE,조재인,,,,50분(표준),3,일반과목,RISE(시간표 없음),이수인정,일반(1~15주),비대상
359,사회과학대학,문헌정보학과,전학년,전공심화,전공심화,0009062018,RISE,RISE,왕린,,,,50분(표준),3,일반과목,RISE(시간표 없음),이수인정,일반(1~15주),비대상
360,사회과학대학,문헌정보학과,전학년,전공심화,전공심화,0009062019,RISE,RISE,신정엽,,,,50분(표준),3,일반과목,RISE(시간표 없음),이수인정,일반(1~15주),비대상
361,사회과학대학,문헌정보학과,1,전공기초,전공기초,0001290001,문헌정보학개론,Introduction to the Library and Information Sciences,황정의,제13호관 사회과학·글로벌정경대학-207 강의실(소)[13-207], [13-207:화(1-2A)(2B-3)], [13-207:화(09:00~10:15)(10:30~11:45)],75분,3,일반과목,강의(이론),상대평가,일반(1~15주),비대상
362,사회과학대학,문헌정보학과,1,전공기초,전공기초,0011885001,기록과사회,Archives and Society,신정엽,제13호관 사회과학·글로벌정경대학-107 강의실(소)-6[13-107]," [13-107:월(2B-3),수(2B-3)]"," [13-107:월(10:30~11:45),수(10:30~11:45)]",75분,3,일반과목,강의(이론),상대평가,일반(1~15주),비대상
363,사회과학대학,문헌정보학과,2,전공핵심,전공핵심,0001673001,자료목록법,Cataloging,황정의,제13호관 사회과학·글로벌정경대학-103 강의실(소)-3[13-103], [13-103:화(5)(6)(7)], [13-103:화(13:00~13:50)(14:00~14:50)(15:00~15:50)],50분(표준),3,일반과목,강의(이론),상대평가,일반(1~15주),비대상
364,사회과학대학,문헌정보학과,2,전공핵심,전공핵심,0001674001,자료분류법,Classification,김혜경,제29호관 생명과학기술대학-209 전산실습실[29-209], [29-209:화(2)(3)(4)], [29-209:화(10:00~10:50)(11:00~11:50)(12:00~12:50)],50분(표준),3,일반과목,강의(이론),상대평가,일반(1~15주),비대상
365,사회과학대학,문헌정보학과,2,전공심화,전공심화,0001676001,정보검색,Information Retrieval,장수현,제29호관 생명과학기술대학-209 전산실습실[29-209], [29-209:수(2B-3)(4-5A)], [29-209:수(10:30~11:45)(12:00~13:15)],75분,3,일반과목,강의(이론),상대평가,일반(1~15주),비대상
366,사회과학대학,문헌정보학과,2,전공심화,전공심화,0010843001,데이터분석과시각화,Data analysis and visualization,장수현,제13호관 사회과학·글로벌정경대학-209 컴퓨터실[13-209], [13-209:수(7-8A)(8B-9)], [13-209:수(15:00~16:15)(16:30~17:45)],75분,3,일반과목,강의(이론),상대평가,일반(1~15주),비대상
367,사회과학대학,문헌정보학과,3,전공핵심,전공핵심,0001689001,기록관리,Records Management and Archives,조재인,"제13호관 사회과학·글로벌정경대학-107 강의실(소)-6[13-107], 제13호관 사회과학·글로벌정경대학-207 강의실(소)[13-207]", [13-107:수(8B-9)] [13-207:목(5B-6)], [13-107:수(16:30~17:45)] [13-207:목(13:30~14:45)],75분,3,일반과목,강의(이론),상대평가,일반(1~15주),비대상
368,사회과학대학,문헌정보학과,3,전공핵심,전공핵심,0009395001,정보시스템구축론,Building Information System for Libraries,박종도,제29호관 생명과학기술대학-209 전산실습실[29-209]," [29-209:월(5B-6),수(7-8A)]"," [29-209:월(13:30~14:45),수(15:00~16:15)]",75분,3,일반과목,강의(이론),상대평가,일반(1~15주),비대상
369,사회과학대학,문헌정보학과,3,전공심화,전공심화,0001690001,도서및도서관사,Introduction to Library & Information Science,김혜경,제13호관 사회과학·글로벌정경대학-207 강의실(소)[13-207], [13-207:화(6)(7)(8)], [13-207:화(14:00~14:50)(15:00~15:50)(16:00~16:50)],50분(표준),3,일반과목,강의(이론),상대평가,일반(1~15주),비대상
370,사회과학대학,문헌정보학과,4,전공심화,전공심화,0001706001,정보처리,Information Processing,박종도,제29호관 생명과학기술대학-209 전산실습실[29-209]," [29-209:월(7-8A),수(5B-6)]"," [29-209:월(15:00~16:15),수(13:30~14:45)]",75분,3,일반과목,강의(이론),상대평가,일반(1~15주),비대상
371,사회과학대학,창의인재개발학과,1,전공기초,전공기초,0007800019,자기설계세미나 I,Self - Design Seminar I,고유정,제13호관 사회과학·글로벌정경대학-204 강의실(소)[13-204], [13-204:월(7)], [13-204:월(15:00~15:50)],50분(표준),1,일반과목,자기설계세미나,이수인정,일반(1~15주),비대상
372,사회과학대학,창의인재개발학과,1,전공핵심,전공핵심,0004974001,인적자원개발론,Theories of Human Resource Development,김태성,제13호관 사회과학·글로벌정경대학-208 강의실(소)[13-208]," [13-208:화(0),목(7)(8)]"," [13-208:화(08:00~08:50),목(15:00~15:50)(16:00~16:50)]",50분(표준),3,일반과목,온라인혼합형강좌,절대평가,일반(1~15주),비대상
373,사회과학대학,창의인재개발학과,1,전공심화,전공심화,0001199001,원격교육론,DISTANCE EDUCATION,이세현,제13호관 사회과학·글로벌정경대학-204 강의실(소)[13-204], [13-204:목(4)(5)(6)], [13-204:목(12:00~12:50)(13:00~13:50)(14:00~14:50)],50분(표준),3,일반과목,강의(이론),절대평가,일반(1~15주),비대상
374,사회과학대학,창의인재개발학과,1,전공심화,전공심화,0010509001,상담심리학,Counseling Psychology,유현경,제13호관 사회과학·글로벌정경대학-204 강의실(소)[13-204], [13-204:월(2)(3)(4)], [13-204:월(10:00~10:50)(11:00~11:50)(12:00~12:50)],50분(표준),3,일반과목,강의(이론),절대평가,일반(1~15주),비대상
375,사회과학대학,창의인재개발학과,1,전공심화,전공심화,0010852001,인간관계와소통,Human relations and communication ,한기순,"제13호관 사회과학·글로벌정경대학-204 강의실(소)[13-204], 제13호관 사회과학·글로벌정경대학-208 강의실(소)[13-208]", [13-204:화(2)(3)] [13-208:목(9)], [13-204:화(10:00~10:50)(11:00~11:50)] [13-208:목(17:00~17:50)],50분(표준),3,일반과목,강의(이론),절대평가,일반(1~15주),비대상
376,사회과학대학,창의인재개발학과,2,전공핵심,전공핵심,0001202001,교수설계론,Theories of Instructional Design,임정훈,제13호관 사회과학·글로벌정경대학-208 강의실(소)[13-208]," [13-208:월(5B-6),수(7-8A)]"," [13-208:월(13:30~14:45),수(15:00~16:15)]",75분,3,일반과목,온라인혼합형강좌,절대평가,일반(1~15주),비대상
377,사회과학대학,창의인재개발학과,2,전공심화,전공심화,0001720001,심리측정및평가,Psychological Testing and Evaluation,박선영,제13호관 사회과학·글로벌정경대학-204 강의실(소)[13-204], [13-204:화(4)(5)(6)], [13-204:화(12:00~12:50)(13:00~13:50)(14:00~14:50)],50분(표준),3,일반과목,강의(이론),상대평가,일반(1~15주),비대상
378,사회과학대학,창의인재개발학과,2,전공심화,전공심화,0001738001,전략적HRD세미나,Seminar in Human Resources Development,김진용,제13호관 사회과학·글로벌정경대학-206 강의실(소)[13-206], [13-206:목(1)(2)(3)], [13-206:목(09:00~09:50)(10:00~10:50)(11:00~11:50)],50분(표준),3,일반과목,강의(이론),상대평가,일반(1~15주),비대상
379,사회과학대학,창의인재개발학과,2,전공심화,전공심화,0006783001,인적자원개발및관리,Human Resource Development and Human Resource Management,김은수,제13호관 사회과학·글로벌정경대학-204 강의실(소)[13-204], [13-204:수(4)(5)(6)], [13-204:수(12:00~12:50)(13:00~13:50)(14:00~14:50)],50분(표준),3,일반과목,강의(이론),상대평가,일반(1~15주),비대상
380,사회과학대학,창의인재개발학과,2,전공심화,전공심화,0009401001,인적자원자료분석의실제,Practice of Human Resources Data Analysis,유현주,제13호관 사회과학·글로벌정경대학-209 컴퓨터실[13-209], [13-209:목(7)(8)(9)], [13-209:목(15:00~15:50)(16:00~16:50)(17:00~17:50)],50분(표준),3,일반과목,강의(이론),상대평가,일반(1~15주),비대상
381,사회과학대학,창의인재개발학과,3,전공핵심,전공핵심,0006779001,조직행동과HRD,Organizational Behavior & Human Resources Development,이민욱,제13호관 사회과학·글로벌정경대학-208 강의실(소)[13-208]," [13-208:화(5B-6),수(5B-6)]"," [13-208:화(13:30~14:45),수(13:30~14:45)]",75분,3,일반과목,강의(이론),절대평가,일반(1~15주),비대상
382,사회과학대학,창의인재개발학과,3,전공심화,전공심화,0001714001,창의성의측정과판별,Assessment and Identification of creativity,박선희,제13호관 사회과학·글로벌정경대학-204 강의실(소)[13-204], [13-204:수(1)(2)(3)], [13-204:수(09:00~09:50)(10:00~10:50)(11:00~11:50)],50분(표준),3,일반과목,강의(이론),상대평가,일반(1~15주),비대상
383,사회과학대학,창의인재개발학과,3,전공심화,전공심화,0001734001,집단상담,Group Counseling,이지연,제13호관 사회과학·글로벌정경대학-304 공동세미나실[13-304]," [13-304:화(2)(3),수(2)]"," [13-304:화(10:00~10:50)(11:00~11:50),수(10:00~10:50)]",50분(표준),3,일반과목,강의(이론),절대평가,일반(1~15주),비대상
384,사회과학대학,창의인재개발학과,3,전공심화,전공심화,0006781001,경력개발과 HRD,Career Development & Human Resource Development,김은수,제13호관 사회과학·글로벌정경대학-104 강의실(소)-4[13-104], [13-104:화(7)(8)(9)], [13-104:화(15:00~15:50)(16:00~16:50)(17:00~17:50)],50분(표준),3,일반과목,강의(이론),상대평가,일반(1~15주),비대상
385,사회과학대학,창의인재개발학과,3,전공심화,전공심화,0009400001,데이터 기반 평가,Data-Based Evaluation,이정아,제13호관 사회과학·글로벌정경대학-204 강의실(소)[13-204], [13-204:금(1)(2)(3)], [13-204:금(09:00~09:50)(10:00~10:50)(11:00~11:50)],50분(표준),3,일반과목,강의(이론),상대평가,일반(1~15주),비대상
386,사회과학대학,창의인재개발학과,3,전공심화,전공심화,0010853001,수업관찰및체계적분석,Instructional Observation and Systematic Analysis,김미화,제13호관 사회과학·글로벌정경대학-304 공동세미나실[13-304], [13-304:목(4)(5)(6)], [13-304:목(12:00~12:50)(13:00~13:50)(14:00~14:50)],50분(표준),3,일반과목,강의(이론),상대평가,일반(1~15주),비대상
387,사회과학대학,창의인재개발학과,3,전공심화,전공심화,0011182001,AI와교육,AI and Education,고유정,제13호관 사회과학·글로벌정경대학-204 강의실(소)[13-204]," [13-204:월(5B-6),목(2B-3)]"," [13-204:월(13:30~14:45),목(10:30~11:45)]",75분,3,일반과목,강의(이론),상대평가,일반(1~15주),비대상
388,사회과학대학,창의인재개발학과,4,전공심화,전공심화,0003412001,리더십의이해와실천,Understanding & Practice of Leadership,김진용,제13호관 사회과학·글로벌정경대학-103 강의실(소)-3[13-103], [13-103:목(5)(6)(7)], [13-103:목(13:00~13:50)(14:00~14:50)(15:00~15:50)],50분(표준),3,일반과목,강의(이론),상대평가,일반(1~15주),비대상
389,사회과학대학,창의인재개발학과,4,전공심화,전공심화,0006782001,직업교육과 HRD,Vocational Education & Human Resource Development,,제13호관 사회과학·글로벌정경대학-304 공동세미나실[13-304], [13-304:금(7)(8)(9)], [13-304:금(15:00~15:50)(16:00~16:50)(17:00~17:50)],50분(표준),3,일반과목,강의(이론),절대평가,일반(1~15주),비대상
390,사회과학대학,창의인재개발학과,4,전공심화,전공심화,0007847001,진로상담,Career Guidance and Counseling,유현경,제13호관 사회과학·글로벌정경대학-304 공동세미나실[13-304], [13-304:월(6)(7)(8)], [13-304:월(14:00~14:50)(15:00~15:50)(16:00~16:50)],50분(표준),3,일반과목,강의(이론),절대평가,일반(1~15주),비대상
391,글로벌정경대학,행정학과,1,전공기초,전공기초,0007800020,자기설계세미나 I,Self - Design Seminar I,김동원,제13호관 사회과학·글로벌정경대학-208 강의실(소)[13-208], [13-208:수(9)], [13-208:수(17:00~17:50)],50분(표준),1,일반과목,자기설계세미나,이수인정,일반(1~15주),비대상
392,글로벌정경대학,행정학과,1,전공기초,전공기초,0007800021,자기설계세미나 I,Self - Design Seminar I,박소영,제13호관 사회과학·글로벌정경대학-104 강의실(소)-4[13-104], [13-104:수(9)], [13-104:수(17:00~17:50)],50분(표준),1,일반과목,자기설계세미나,이수인정,일반(1~15주),비대상
393,글로벌정경대학,행정학과,1,전공기초,전공기초,0007800022,자기설계세미나 I,Self - Design Seminar I,김국진,제13호관 사회과학·글로벌정경대학-101 강의실(소)-1[13-101], [13-101:수(9)], [13-101:수(17:00~17:50)],50분(표준),1,일반과목,자기설계세미나,이수인정,일반(1~15주),비대상
394,글로벌정경대학,행정학과,1,전공핵심,전공핵심,0009402001,행정학,UNDERSTANDING OF PUBLIC ADMINISTRATION,이신우,제13호관 사회과학·글로벌정경대학-208 강의실(소)[13-208]," [13-208:화(2B-3),목(2B-3)]"," [13-208:화(10:30~11:45),목(10:30~11:45)]",75분,3,일반과목,강의(이론),상대평가,일반(1~15주),비대상
395,글로벌정경대학,행정학과,1,전공심화,전공심화,CAB6048001,경제학의이해,INTRODUCTION OF ECONOMICS,김종주,제13호관 사회과학·글로벌정경대학-101 강의실(소)-1[13-101], [13-101:화(4-5A)(5B-6)], [13-101:화(12:00~13:15)(13:30~14:45)],75분,3,일반과목,강의(이론),상대평가,일반(1~15주),비대상
396,글로벌정경대학,행정학과,2,전공핵심,전공핵심,CFB6001001,행정조직론,PUBLIC ORGANIZATIONS,타오,제13호관 사회과학·글로벌정경대학-208 강의실(소)[13-208]," [13-208:월(2B-3),화(7-8A)]"," [13-208:월(10:30~11:45),화(15:00~16:15)]",75분,3,일반과목,강의(이론),절대평가,일반(1~15주),원어강의(EN)
397,글로벌정경대학,행정학과,2,전공핵심,전공핵심,CFB6002001,인사행정론,PUBLIC PERSONNEL ADMINISTRATION,김동원,제13호관 사회과학·글로벌정경대학-208 강의실(소)[13-208]," [13-208:월(8B-9),금(2B-3)]"," [13-208:월(16:30~17:45),금(10:30~11:45)]",75분,3,일반과목,강의(이론),상대평가,일반(1~15주),비대상
398,글로벌정경대학,행정학과,2,전공심화,전공심화,CFB6004001,헌법,CONSTITUTIONAL LAW,남상택,제13호관 사회과학·글로벌정경대학-206 강의실(소)[13-206], [13-206:목(7-8A)(8B-9)], [13-206:목(15:00~16:15)(16:30~17:45)],75분,3,일반과목,강의(이론),상대평가,일반(1~15주),비대상
399,글로벌정경대학,행정학과,2,전공심화,전공심화,CFB6022001,행정사,HISTORY OF PUBLIC ADMINISTRATION,채드 앤더슨,제13호관 사회과학·글로벌정경대학-206 강의실(소)[13-206]," [13-206:화(4-5A),수(4-5A)]"," [13-206:화(12:00~13:15),수(12:00~13:15)]",75분,3,일반과목,강의(이론),절대평가,일반(1~15주),원어강의(EN)
400,글로벌정경대학,행정학과,2,전공심화,전공심화,CFB6030001,인간관계론,HUMAN RELATIONS IN GOVERNMENT,채드 앤더슨,제13호관 사회과학·글로벌정경대학-206 강의실(소)[13-206]," [13-206:목(4-5A),금(4-5A)]"," [13-206:목(12:00~13:15),금(12:00~13:15)]",75분,3,일반과목,강의(이론),절대평가,일반(1~15주),원어강의(EN)
401,글로벌정경대학,행정학과,3,전공핵심,전공핵심,0001583001,공공정책의이해,UNDERSTANDING OF PUBLIC POLICY,김국진,제13호관 사회과학·글로벌정경대학-208 강의실(소)[13-208]," [13-208:화(8B-9),수(2B-3)]"," [13-208:화(16:30~17:45),수(10:30~11:45)]",75분,3,일반과목,강의(이론),상대평가,일반(1~15주),비대상
402,글로벌정경대학,행정학과,3,전공심화,전공심화,0001584001,예산분석론,ANALYTIC TECHNIQUES OF BUDGETING,박소영,제13호관 사회과학·글로벌정경대학-206 강의실(소)[13-206]," [13-206:화(7-8A),수(7-8A)]"," [13-206:화(15:00~16:15),수(15:00~16:15)]",75분,3,일반과목,온라인혼합형강좌,상대평가,일반(1~15주),비대상
403,글로벌정경대학,행정학과,3,전공심화,전공심화,0009403001,데이터분석론,Data Analysis in Public Administration,김국진,"제13호관 사회과학·글로벌정경대학-206 강의실(소)[13-206], 제13호관 사회과학·글로벌정경대학-209 컴퓨터실[13-209]", [13-206:목(5B-6)] [13-209:수(5B-6)], [13-206:목(13:30~14:45)] [13-209:수(13:30~14:45)],75분,3,일반과목,e-Learning,상대평가,일반(1~15주),비대상
404,글로벌정경대학,행정학과,3,전공심화,전공심화,0010856001,경찰학,Police Science,장승수,제13호관 사회과학·글로벌정경대학-101 강의실(소)-1[13-101], [13-101:월(7-8A)(8B-9)], [13-101:월(15:00~16:15)(16:30~17:45)],75분,3,일반과목,강의(이론),상대평가,일반(1~15주),비대상
405,글로벌정경대학,행정학과,3,전공심화,전공심화,0010857001,E거버넌스,E Governance,서진완,제13호관 사회과학·글로벌정경대학-206 강의실(소)[13-206]," [13-206:화(2B-3),수(2B-3)]"," [13-206:화(10:30~11:45),수(10:30~11:45)]",75분,3,일반과목,강의(이론),상대평가,일반(1~15주),비대상
406,글로벌정경대학,행정학과,3,전공심화,전공심화,0010858001,진로세미나I,Career Seminar I,타오,제13호관 사회과학·글로벌정경대학-101 강의실(소)-1[13-101], [13-101:수(7)], [13-101:수(15:00~15:50)],50분(표준),1,일반과목,강의(이론),절대평가,일반(1~15주),원어강의(EN)
407,글로벌정경대학,행정학과,4,전공심화,전공심화,CFB6021001,공기업론,PUBLIC ENTERPRISE,박소영,제13호관 사회과학·글로벌정경대학-206 강의실(소)[13-206]," [13-206:월(7-8A),수(5B-6)]"," [13-206:월(15:00~16:15),수(13:30~14:45)]",75분,3,일반과목,e-Learning,상대평가,일반(1~15주),비대상
408,글로벌정경대학,행정학과,4,전공심화,전공심화,CFB6032001,한국정부론,GOVERNMENT OF KOREA,서진완,제13호관 사회과학·글로벌정경대학-206 강의실(소)[13-206]," [13-206:화(8B-9),수(8B-9)]"," [13-206:화(16:30~17:45),수(16:30~17:45)]",75분,3,일반과목,강의(이론),상대평가,일반(1~15주),비대상
409,글로벌정경대학,정치외교학과,1,전공기초,전공기초,0007800043,자기설계세미나 I,Self - Design Seminar I,정영우,제13호관 사회과학·글로벌정경대학-107 강의실(소)-6[13-107], [13-107:금(4)], [13-107:금(12:00~12:50)],50분(표준),1,일반과목,자기설계세미나,이수인정,일반(1~15주),비대상
410,글로벌정경대학,정치외교학과,1,전공기초,전공기초,CF06010001,정치학의이해,UNDERSTANDING POLITICAL SCIENCE,우병득,제13호관 사회과학·글로벌정경대학-107 강의실(소)-6[13-107]," [13-107:월(5B-6),화(5B-6)]"," [13-107:월(13:30~14:45),화(13:30~14:45)]",75분,3,일반과목,강의(이론),절대평가,일반(1~15주),원어강의(EN)
411,글로벌정경대학,정치외교학과,1,전공기초,전공기초,CF07005001,국제정치의이해,INTRODUCTION TO INTERNATIONAL POLITICS,이효원,제13호관 사회과학·글로벌정경대학-107 강의실(소)-6[13-107]," [13-107:수(7-8A),목(2B-3)]"," [13-107:수(15:00~16:15),목(10:30~11:45)]",75분,3,일반과목,강의(이론),상대평가,일반(1~15주),비대상
412,글로벌정경대학,정치외교학과,2,전공핵심,전공핵심,CFC6019001,비교정치론,COMPARATIVE POLITICS,이준한,제13호관 사회과학·글로벌정경대학-107 강의실(소)-6[13-107]," [13-107:수(5B-6),목(5B-6)]"," [13-107:수(13:30~14:45),목(13:30~14:45)]",75분,3,일반과목,강의(이론),상대평가,일반(1~15주),글로벌강의(ES)
413,글로벌정경대학,정치외교학과,2,전공심화,전공심화,0010464001,정치학사례연구,Case Studies in Political Science ,정영우,제13호관 사회과학·글로벌정경대학-106 강의실(소)-5[13-106]," [13-106:수(4-5A),금(2B-3)]"," [13-106:수(12:00~13:15),금(10:30~11:45)]",75분,3,일반과목,온라인혼합형강좌,상대평가,일반(1~15주),비대상
414,글로벌정경대학,정치외교학과,2,전공심화,전공심화,CFC6109001,현대사회와민주주의,DEMOCRACY IN CONTEMPORARY SOCIETY,강진옥,제13호관 사회과학·글로벌정경대학-106 강의실(소)-5[13-106], [13-106:목(7-8A)(8B-9)], [13-106:목(15:00~16:15)(16:30~17:45)],75분,3,일반과목,강의(이론),상대평가,일반(1~15주),비대상
415,글로벌정경대학,정치외교학과,3,전공심화,전공심화,0011433001,강대국정치론,Great Power Politics,강지연,제13호관 사회과학·글로벌정경대학-106 강의실(소)-5[13-106], [13-106:화(2B-3)(4-5A)], [13-106:화(10:30~11:45)(12:00~13:15)],75분,3,일반과목,강의(이론),상대평가,일반(1~15주),비대상
416,글로벌정경대학,정치외교학과,3,전공심화,전공심화,0012353001,젠더와정치,Gender and Politics,우병득,제13호관 사회과학·글로벌정경대학-106 강의실(소)-5[13-106]," [13-106:월(2B-3),화(8B-9)]"," [13-106:월(10:30~11:45),화(16:30~17:45)]",75분,3,일반과목,온라인혼합형강좌,절대평가,일반(1~15주),원어강의(EN)
417,글로벌정경대학,정치외교학과,3,전공심화,전공심화,CFC6101001,현대안보론,STUDIES ON INTERNATIONAL SECURITY,이정우,제13호관 사회과학·글로벌정경대학-106 강의실(소)-5[13-106], [13-106:월(7-8A)(8B-9)], [13-106:월(15:00~16:15)(16:30~17:45)],75분,3,일반과목,강의(이론),상대평가,일반(1~15주),비대상
418,글로벌정경대학,정치외교학과,4,전공심화,전공심화,0010068001,현대비교정치쟁점,Contemporary Issues in Comparative Politics,정영우,제13호관 사회과학·글로벌정경대학-106 강의실(소)-5[13-106]," [13-106:수(8B-9),금(5B-6)]"," [13-106:수(16:30~17:45),금(13:30~14:45)]",75분,3,일반과목,온라인혼합형강좌,상대평가,일반(1~15주),비대상
419,글로벌정경대학,정치외교학과,4,전공심화,전공심화,0011434001,빅데이터와정치,Big Data and Politics,우병득,제13호관 사회과학·글로벌정경대학-209 컴퓨터실[13-209]," [13-209:월(4-5A),화(1-2A)]"," [13-209:월(12:00~13:15),화(09:00~10:15)]",75분,3,일반과목,온라인혼합형강좌,절대평가,일반(1~15주),원어강의(EN)
420,글로벌정경대학,정치외교학과,4,전공심화,전공심화,0011435001,핵정치론,Nuclear Politics,강지연,제13호관 사회과학·글로벌정경대학-106 강의실(소)-5[13-106], [13-106:화(5B-6)(7-8A)], [13-106:화(13:30~14:45)(15:00~16:15)],75분,3,일반과목,강의(이론),상대평가,일반(1~15주),비대상
421,글로벌정경대학,경제학과,전학년,전공심화,전공심화,0009062020,RISE,RISE,이기환,,,,50분(표준),3,일반과목,RISE(시간표 없음),이수인정,일반(1~15주),비대상
422,글로벌정경대학,경제학과,1,전공기초,전공기초,KB01001001,경제학원리(1),PRINCIPLES OF ECONOMICS(1),서세욱,제14호관 동북아경제·경영-115 LAB실(강의실)[14-115], [14-115:월(1-2A)(2B-3)], [14-115:월(09:00~10:15)(10:30~11:45)],75분,3,일반과목,강의(이론),상대평가,일반(1~15주),비대상
423,글로벌정경대학,경제학과,1,전공기초,전공기초,KB01001002,경제학원리(1),PRINCIPLES OF ECONOMICS(1),서세욱,제14호관 동북아경제·경영-312 강의실(소)-10[14-312], [14-312:월(4-5A)(5B-6)], [14-312:월(12:00~13:15)(13:30~14:45)],75분,3,일반과목,강의(이론),상대평가,일반(1~15주),비대상
424,글로벌정경대학,경제학과,1,전공기초,전공기초,KB01001003,경제학원리(1),PRINCIPLES OF ECONOMICS(1),이명헌,제14호관 동북아경제·경영-312 강의실(소)-10[14-312]," [14-312:수(7-8A),목(7-8A)]"," [14-312:수(15:00~16:15),목(15:00~16:15)]",75분,3,일반과목,강의(이론),상대평가,일반(1~15주),비대상
425,글로벌정경대학,경제학과,1,전공심화,전공심화,KB02002001,회계원리,INTRODUCTION TO ACCOUNTING,한홍열,제29호관 생명과학기술대학-403 강의실(경제학과)[29-403], [29-403:금(2B-3)(4-5A)], [29-403:금(10:30~11:45)(12:00~13:15)],75분,3,일반과목,강의(이론),상대평가,일반(1~15주),비대상
426,글로벌정경대학,경제학과,2,전공기초,전공기초,0010872001,경제통계기초,Basic Economic Statistics,김선진,제14호관 동북아경제·경영-114 강의실[14-114]," [14-114:월(4-5A),목(2B-3)]"," [14-114:월(12:00~13:15),목(10:30~11:45)]",75분,3,일반과목,강의(이론),상대평가,일반(1~15주),비대상
427,글로벌정경대학,경제학과,2,전공기초,전공기초,0010872002,경제통계기초,Basic Economic Statistics,김선진,제14호관 동북아경제·경영-105 강의실[14-105]," [14-105:월(5B-6),목(4-5A)]"," [14-105:월(13:30~14:45),목(12:00~13:15)]",75분,3,일반과목,강의(이론),절대평가,일반(1~15주),원어강의(EN)
428,글로벌정경대학,경제학과,2,전공핵심,전공핵심,KBA6006001,경제사,GENERAL ECONOMIC HISTORY,양준호,제14호관 동북아경제·경영-114 강의실[14-114]," [14-114:수(7-8A),목(7-8A)]"," [14-114:수(15:00~16:15),목(15:00~16:15)]",75분,3,일반과목,강의(이론),상대평가,일반(1~15주),비대상
429,글로벌정경대학,경제학과,2,전공핵심,전공핵심,KBA6006002,경제사,GENERAL ECONOMIC HISTORY,양준호,제14호관 동북아경제·경영-114 강의실[14-114]," [14-114:수(8B-9),목(8B-9)]"," [14-114:수(16:30~17:45),목(16:30~17:45)]",75분,3,일반과목,강의(이론),상대평가,일반(1~15주),비대상
430,글로벌정경대학,경제학과,2,전공핵심,전공핵심,KBA6030001,미시경제학,MICROECONOMICS,황성현,제14호관 동북아경제·경영-312 강의실(소)-10[14-312]," [14-312:화(4-5A),수(4-5A)]"," [14-312:화(12:00~13:15),수(12:00~13:15)]",75분,3,일반과목,강의(이론),상대평가,일반(1~15주),비대상
431,글로벌정경대학,경제학과,2,전공핵심,전공핵심,KBA6030002,미시경제학,MICROECONOMICS,황성현,제14호관 동북아경제·경영-312 강의실(소)-10[14-312]," [14-312:화(5B-6),수(5B-6)]"," [14-312:화(13:30~14:45),수(13:30~14:45)]",75분,3,일반과목,강의(이론),상대평가,일반(1~15주),비대상
432,글로벌정경대학,경제학과,2,전공핵심,전공핵심,KBA6030003,미시경제학,MICROECONOMICS,오태희,제14호관 동북아경제·경영-312 강의실(소)-10[14-312]," [14-312:월(2B-3),화(2B-3)]"," [14-312:월(10:30~11:45),화(10:30~11:45)]",75분,3,일반과목,강의(이론),상대평가,일반(1~15주),비대상
433,글로벌정경대학,경제학과,2,전공심화,전공심화,0010863001,시사경제1,Economic Research and Journalism 1,황선길,제14호관 동북아경제·경영-209 강의실(소)-9[14-209], [14-209:월(7-8A)(8B-9)], [14-209:월(15:00~16:15)(16:30~17:45)],75분,3,일반과목,강의(이론),상대평가,일반(1~15주),비대상
434,글로벌정경대학,경제학과,2,전공심화,전공심화,KBA6034001,수리경제학,MATHEMATICAL ECONOMICS,이장연,제14호관 동북아경제·경영-312 강의실(소)-10[14-312]," [14-312:목(1-2A),금(1-2A)]"," [14-312:목(09:00~10:15),금(09:00~10:15)]",75분,3,일반과목,e-Learning,상대평가,일반(1~15주),비대상
435,글로벌정경대학,경제학과,2,전공심화,전공심화,KBA6067001,정치경제학,MARXIAN ECONOMICS,이갑영,제14호관 동북아경제·경영-105 강의실[14-105], [14-105:월(7-8A)(8B-9)], [14-105:월(15:00~16:15)(16:30~17:45)],75분,3,일반과목,강의(이론),상대평가,일반(1~15주),비대상
436,글로벌정경대학,경제학과,2,전공심화,전공심화,KBA6079001,경제자료의이해와활용,COMPREHENSION AND APPLICATION OF ECONOMIC DATA,김종주,제14호관 동북아경제·경영-105 강의실[14-105], [14-105:화(7-8A)(8B-9)], [14-105:화(15:00~16:15)(16:30~17:45)],75분,3,일반과목,강의(이론),상대평가,일반(1~15주),비대상
437,글로벌정경대학,경제학과,3,전공심화,전공심화,0002684001,농업과푸드시스템의경제학,ECONOMICS OF AGRICULTURE AND FOOD SYSTEM,이명헌,제14호관 동북아경제·경영-105 강의실[14-105]," [14-105:수(5B-6),목(5B-6)]"," [14-105:수(13:30~14:45),목(13:30~14:45)]",75분,3,일반과목,강의(이론),상대평가,일반(1~15주),비대상
438,글로벌정경대학,경제학과,3,전공심화,전공심화,0010864001,기초계량경제학,Basic Metric Economics,오태희,제14호관 동북아경제·경영-312 강의실(소)-10[14-312]," [14-312:월(7-8A),화(7-8A)]"," [14-312:월(15:00~16:15),화(15:00~16:15)]",75분,3,일반과목,강의(이론),상대평가,일반(1~15주),비대상
439,글로벌정경대학,경제학과,3,전공심화,전공심화,0010865001,공정경쟁과산업분석,Fair Competition and Industry Analysis,이기환,제14호관 동북아경제·경영-105 강의실[14-105]," [14-105:월(4-5A),화(4-5A)]"," [14-105:월(12:00~13:15),화(12:00~13:15)]",75분,3,일반과목,강의(이론),상대평가,일반(1~15주),비대상
440,글로벌정경대학,경제학과,3,전공심화,전공심화,KBA6045001,화폐금융론,MONETARY ECONOMICS,황상연,제14호관 동북아경제·경영-312 강의실(소)-10[14-312]," [14-312:수(2B-3),목(2B-3)]"," [14-312:수(10:30~11:45),목(10:30~11:45)]",75분,3,일반과목,강의(이론),상대평가,일반(1~15주),비대상
441,글로벌정경대학,경제학과,3,전공심화,전공심화,KBA6051001,국제무역론,INTERNATIONAL TRADE,이원경,제14호관 동북아경제·경영-312 강의실(소)-10[14-312]," [14-312:화(8B-9),목(8B-9)]"," [14-312:화(16:30~17:45),목(16:30~17:45)]",75분,3,일반과목,강의(이론),상대평가,일반(1~15주),비대상
442,글로벌정경대학,경제학과,3,전공심화,전공심화,KBA6083001,금융경제학,FINANCIAL ECONOMICS,신현열,제14호관 동북아경제·경영-105 강의실[14-105], [14-105:화(1-2A)(2B-3)], [14-105:화(09:00~10:15)(10:30~11:45)],75분,3,일반과목,강의(이론),상대평가,일반(1~15주),비대상
443,글로벌정경대학,경제학과,4,전공심화,전공심화,0010874001,코딩거시경제학,Coding and Macroeconomics,황상연,제14호관 동북아경제·경영-309 컴퓨터실 [14-309]," [14-309:화(7-8A),수(7-8A)]"," [14-309:화(15:00~16:15),수(15:00~16:15)]",75분,3,일반과목,강의(이론),절대평가,일반(1~15주),비대상
444,글로벌정경대학,경제학과,4,전공심화,전공심화,KBA6070001,거시경제학특강,SEPCIAL TOPICS ON MACROECONOMICS,이원경,"제14호관 동북아경제·경영-105 강의실[14-105], 제14호관 동북아경제·경영-312 강의실(소)-10[14-312]", [14-105:화(5B-6)] [14-312:목(5B-6)], [14-105:화(13:30~14:45)] [14-312:목(13:30~14:45)],75분,3,일반과목,강의(이론),상대평가,일반(1~15주),비대상
445,글로벌정경대학,경제학과,4,전공심화,전공심화,KBA6075001,게임이론,GAMES THEORY,이기환,제14호관 동북아경제·경영-105 강의실[14-105]," [14-105:월(2B-3),수(2B-3)]"," [14-105:월(10:30~11:45),수(10:30~11:45)]",75분,3,일반과목,강의(이론),상대평가,일반(1~15주),비대상
446,글로벌정경대학,경제학과(야),2,전공심화,전공심화,0010863002,시사경제1,Economic Research and Journalism 1,임조순,제14호관 동북아경제·경영-105 강의실[14-105], [14-105:목(야1)(야2)(야3)], [14-105:목(18:00~18:50)(18:55~19:45)(19:50~20:40)],50분(표준),3,일반과목,강의(이론),상대평가,일반(1~15주),비대상
447,글로벌정경대학,경제학과(야),2,전공심화,전공심화,KBA6067002,정치경제학,MARXIAN ECONOMICS,이갑영,제14호관 동북아경제·경영-105 강의실[14-105], [14-105:월(야1)(야2)(야3)], [14-105:월(18:00~18:50)(18:55~19:45)(19:50~20:40)],50분(표준),3,일반과목,강의(이론),상대평가,일반(1~15주),비대상
448,글로벌정경대학,경제학과(야),2,전공심화,전공심화,KBA6079002,경제자료의이해와활용,COMPREHENSION AND APPLICATION OF ECONOMIC DATA,김종주,제14호관 동북아경제·경영-105 강의실[14-105], [14-105:화(야1)(야2)(야3)], [14-105:화(18:00~18:50)(18:55~19:45)(19:50~20:40)],50분(표준),3,일반과목,강의(이론),상대평가,일반(1~15주),비대상
449,글로벌정경대학,경제학과(야),4,전공심화,전공심화,0009407001,기후경제학,Economics of Climate Change,강희찬,제14호관 동북아경제·경영-312 강의실(소)-10[14-312], [14-312:수(야1)(야2)(야3)], [14-312:수(18:00~18:50)(18:55~19:45)(19:50~20:40)],50분(표준),3,일반과목,강의(이론),상대평가,일반(1~15주),비대상
450,글로벌정경대학,무역학부,전학년,전공심화,전공심화,0009062074,RISE,RISE,김준식,,,,50분(표준),3,일반과목,RISE(시간표 없음),이수인정,일반(1~15주),비대상
451,글로벌정경대학,무역학부,1,전공핵심,전공핵심,KB01001004,경제학원리(1),PRINCIPLES OF ECONOMICS(1),김순홍,제14호관 동북아경제·경영-114 강의실[14-114]," [14-114:월(7-8A),화(7-8A)]"," [14-114:월(15:00~16:15),화(15:00~16:15)]",75분,3,일반과목,강의(이론),상대평가,일반(1~15주),비대상
452,글로벌정경대학,무역학부,1,전공핵심,전공핵심,KB01001005,경제학원리(1),PRINCIPLES OF ECONOMICS(1),옥우석,제14호관 동북아경제·경영-114 강의실[14-114]," [14-114:월(8B-9),수(2B-3)]"," [14-114:월(16:30~17:45),수(10:30~11:45)]",75분,3,일반과목,강의(이론),상대평가,일반(1~15주),비대상
453,글로벌정경대학,무역학부,1,전공핵심,전공핵심,KB01001006,경제학원리(1),PRINCIPLES OF ECONOMICS(1),주현,제14호관 동북아경제·경영-114 강의실[14-114], [14-114:화(2B-3)(4-5A)], [14-114:화(10:30~11:45)(12:00~13:15)],75분,3,일반과목,강의(이론),상대평가,일반(1~15주),비대상
454,글로벌정경대학,무역학부,1,전공핵심,전공핵심,KB01001007,경제학원리(1),PRINCIPLES OF ECONOMICS(1),주현,제29호관 생명과학기술대학-403 강의실(경제학과)[29-403], [29-403:화(7-8A)(8B-9)], [29-403:화(15:00~16:15)(16:30~17:45)],75분,3,일반과목,강의(이론),상대평가,일반(1~15주),비대상
455,글로벌정경대학,무역학부,1,전공핵심,전공핵심,KB02001001,경영학원론,PRINCIPLES OF MANAGEMENT,이루리,제14호관 동북아경제·경영-114 강의실[14-114]," [14-114:화(5B-6),목(5B-6)]"," [14-114:화(13:30~14:45),목(13:30~14:45)]",75분,3,일반과목,강의(이론),상대평가,일반(1~15주),글로벌강의(ES)
456,글로벌정경대학,무역학부,1,전공핵심,전공핵심,KB02001002,경영학원론,PRINCIPLES OF MANAGEMENT,유담,제14호관 동북아경제·경영-114 강의실[14-114]," [14-114:월(5B-6),수(5B-6)]"," [14-114:월(13:30~14:45),수(13:30~14:45)]",75분,3,일반과목,강의(이론),상대평가,일반(1~15주),비대상
457,글로벌정경대학,무역학부,1,전공심화,전공심화,0010877001,글로벌비즈니스커뮤니케이션,Global Business Communication Skills,박진범,제14호관 동북아경제·경영-114 강의실[14-114], [14-114:월(야2)(야3)(야4)], [14-114:월(18:55~19:45)(19:50~20:40)(20:45~21:35)],50분(표준),3,일반과목,강의(이론),상대평가,일반(1~15주),비대상
458,글로벌정경대학,무역학부,2,전공핵심,전공핵심,0001248001,물류개론,Principles of Logistics and Transportation,안영효,제14호관 동북아경제·경영-115 LAB실(강의실)[14-115]," [14-115:월(4-5A),수(8B-9)]"," [14-115:월(12:00~13:15),수(16:30~17:45)]",75분,3,일반과목,강의(이론),상대평가,일반(1~15주),비대상
459,글로벌정경대학,무역학부,2,전공핵심,전공핵심,0001248002,물류개론,Principles of Logistics and Transportation,안영효,제14호관 동북아경제·경영-114 강의실[14-114]," [14-114:수(1-2A),목(4-5A)]"," [14-114:수(09:00~10:15),목(12:00~13:15)]",75분,3,일반과목,강의(이론),상대평가,일반(1~15주),비대상
460,글로벌정경대학,무역학부,2,전공핵심,전공핵심,0001248003,물류개론,Principles of Logistics and Transportation,안영효,제14호관 동북아경제·경영-115 LAB실(강의실)[14-115]," [14-115:월(8B-9),목(7-8A)]"," [14-115:월(16:30~17:45),목(15:00~16:15)]",75분,3,일반과목,강의(이론),상대평가,일반(1~15주),비대상
461,글로벌정경대학,무역학부,2,전공핵심,전공핵심,0001249001,금융경제학,Financial Economics,박구웅,제14호관 동북아경제·경영-115 LAB실(강의실)[14-115]," [14-115:수(5B-6),목(2B-3)]"," [14-115:수(13:30~14:45),목(10:30~11:45)]",75분,3,일반과목,강의(이론),상대평가,일반(1~15주),비대상
462,글로벌정경대학,무역학부,2,전공핵심,전공핵심,0001249002,금융경제학,Financial Economics,김준식,제14호관 동북아경제·경영-114 강의실[14-114]," [14-114:화(8B-9),수(4-5A)]"," [14-114:화(16:30~17:45),수(12:00~13:15)]",75분,3,일반과목,강의(이론),상대평가,일반(1~15주),비대상
463,글로벌정경대학,무역학부,2,전공핵심,전공핵심,0001249003,금융경제학,Financial Economics,김준식,제14호관 동북아경제·경영-115 LAB실(강의실)[14-115]," [14-115:수(7-8A),목(5B-6)]"," [14-115:수(15:00~16:15),목(13:30~14:45)]",75분,3,일반과목,강의(이론),상대평가,일반(1~15주),비대상
464,글로벌정경대학,무역학부,2,전공핵심,전공핵심,0001250001,e-biz개론,Introduction to e-business,유병국,제14호관 동북아경제·경영-309 컴퓨터실 [14-309]," [14-309:월(8B-9),목(8B-9)]"," [14-309:월(16:30~17:45),목(16:30~17:45)]",75분,3,일반과목,강의(이론),상대평가,일반(1~15주),비대상
465,글로벌정경대학,무역학부,2,전공핵심,전공핵심,0001250002,e-biz개론,Introduction to e-business,황낙건,제29호관 생명과학기술대학-403 강의실(경제학과)[29-403], [29-403:월(5B-6)(7-8A)], [29-403:월(13:30~14:45)(15:00~16:15)],75분,3,일반과목,강의(이론),상대평가,일반(1~15주),비대상
466,글로벌정경대학,무역학부,2,전공핵심,전공핵심,KBB6002001,국제무역론,THEORY OF INTERNATION TRADE,이윤,"제14호관 동북아경제·경영-114 강의실[14-114], 제14호관 동북아경제·경영-115 LAB실(강의실)[14-115]", [14-114:월(2B-3)] [14-115:화(5B-6)], [14-114:월(10:30~11:45)] [14-115:화(13:30~14:45)],75분,3,일반과목,강의(이론),상대평가,일반(1~15주),비대상
467,글로벌정경대학,무역학부,2,전공핵심,전공핵심,KBB6002002,국제무역론,THEORY OF INTERNATION TRADE,이윤,제14호관 동북아경제·경영-115 LAB실(강의실)[14-115]," [14-115:월(7-8A),화(4-5A)]"," [14-115:월(15:00~16:15),화(12:00~13:15)]",75분,3,일반과목,강의(이론),상대평가,일반(1~15주),비대상
468,글로벌정경대학,무역학부,2,전공핵심,전공핵심,KBB6002003,국제무역론,THEORY OF INTERNATION TRADE,이윤,제14호관 동북아경제·경영-115 LAB실(강의실)[14-115]," [14-115:월(5B-6),화(7-8A)]"," [14-115:월(13:30~14:45),화(15:00~16:15)]",75분,3,일반과목,강의(이론),상대평가,일반(1~15주),비대상
469,글로벌정경대학,무역학부,2,전공심화,전공심화,0001443001,회계원리,Introduntion to Accounting,이창현,제29호관 생명과학기술대학-403 강의실(경제학과)[29-403], [29-403:목(7-8A)(8B-9)], [29-403:목(15:00~16:15)(16:30~17:45)],75분,3,일반과목,강의(이론),상대평가,일반(1~15주),비대상
470,글로벌정경대학,무역학부,2,전공심화,전공심화,GA06108001,국제통상론,Trade Policies: Theories and Practices,고보민,가상건물-200 온라인강의실[ZZ-200], [ZZ-200:수(야1-2A)(야2B-3)], [ZZ-200:수(18:00~19:15)(19:25~20:40)],75분,3,일반과목,e-Learning(HUSS),상대평가,일반(1~15주),비대상
471,글로벌정경대학,무역학부,2,전공심화,전공심화,GA06108002,국제통상론,Trade Policies: Theories and Practices,손기윤,제14호관 동북아경제·경영-209 강의실(소)-9[14-209], [14-209:수(5B-6)(7-8A)], [14-209:수(13:30~14:45)(15:00~16:15)],75분,3,일반과목,강의(이론),상대평가,일반(1~15주),비대상
472,글로벌정경대학,무역학부,3,전공심화,전공심화,0010469001,MICE개론,Convention and Exhibition industry,정진영,제14호관 동북아경제·경영-209 강의실(소)-9[14-209]," [14-209:화(2B-3),수(2B-3)]"," [14-209:화(10:30~11:45),수(10:30~11:45)]",75분,3,일반과목,강의(이론),상대평가,일반(1~15주),비대상
473,글로벌정경대학,무역학부,3,전공심화,전공심화,0010878001,디지털비즈니스애널리틱스,Digital Business Analytics,김경원,제14호관 동북아경제·경영-309 컴퓨터실 [14-309]," [14-309:화(2B-3),목(7-8A)]"," [14-309:화(10:30~11:45),목(15:00~16:15)]",75분,3,일반과목,온라인혼합형강좌,상대평가,일반(1~15주),비대상
474,글로벌정경대학,무역학부,3,전공심화,전공심화,0010878002,디지털비즈니스애널리틱스,Digital Business Analytics,김경원,제29호관 생명과학기술대학-203 강의실(무역학부)[29-203]," [29-203:화(5B-6),목(4-5A)]"," [29-203:화(13:30~14:45),목(12:00~13:15)]",75분,3,일반과목,온라인혼합형강좌,상대평가,일반(1~15주),비대상
475,글로벌정경대학,무역학부,3,전공심화,전공심화,0010887001,통계실습,Practice of Statistics,유병국,제14호관 동북아경제·경영-309 컴퓨터실 [14-309]," [14-309:화(8B-9),목(5B-6)]"," [14-309:화(16:30~17:45),목(13:30~14:45)]",75분,3,일반과목,강의(이론),상대평가,일반(1~15주),비대상
476,글로벌정경대학,무역학부,3,전공심화,전공심화,0011436001,서비스마케팅론,Service Marketing,이루리,제14호관 동북아경제·경영-209 강의실(소)-9[14-209]," [14-209:화(7-8A),목(4-5A)]"," [14-209:화(15:00~16:15),목(12:00~13:15)]",75분,3,일반과목,강의(이론),상대평가,일반(1~15주),비대상
477,글로벌정경대학,무역학부,3,전공심화,전공심화,0012354001,국제거래규범,Law of International Transactions,김규진,제14호관 동북아경제·경영-209 강의실(소)-9[14-209]," [14-209:화(8B-9),목(8B-9)]"," [14-209:화(16:30~17:45),목(16:30~17:45)]",75분,3,일반과목,온라인혼합형강좌,상대평가,일반(1~15주),비대상
478,글로벌정경대학,무역학부,3,전공심화,전공심화,KBB6011001,국제금융론,THEORY OF INTERNATION FINANCE,박구웅,제14호관 동북아경제·경영-209 강의실(소)-9[14-209]," [14-209:월(4-5A),수(8B-9)]"," [14-209:월(12:00~13:15),수(16:30~17:45)]",75분,3,일반과목,강의(이론),상대평가,일반(1~15주),비대상
479,글로벌정경대학,무역학부,3,전공심화,전공심화,KBB6051001,국제경영론,INTERNATIONAL BUSINESS MANAGEMENT,유담,제14호관 동북아경제·경영-209 강의실(소)-9[14-209]," [14-209:월(2B-3),목(1-2A)]"," [14-209:월(10:30~11:45),목(09:00~10:15)]",75분,3,일반과목,강의(이론),절대평가,일반(1~15주),원어강의(EN)
480,글로벌정경대학,무역학부,3,전공심화,전공심화,KBB6055001,국제무역보험론,THEORY OF INTERNATIONAL TRADE INSURANCE,김규진,제14호관 동북아경제·경영-209 강의실(소)-9[14-209]," [14-209:화(5B-6),목(2B-3)]"," [14-209:화(13:30~14:45),목(10:30~11:45)]",75분,3,일반과목,온라인혼합형강좌,상대평가,일반(1~15주),비대상
481,글로벌정경대학,무역학부,4,전공심화,전공심화,0006714001,MICE기획론,Convention Planning,정진영,제29호관 생명과학기술대학-203 강의실(무역학부)[29-203]," [29-203:수(7-8A)(8B-9),목(5B-6)(7-8A)]"," [29-203:수(15:00~16:15)(16:30~17:45),목(13:30~14:45)(15:00~16:15)]",75분,3,일반과목,강의(이론),절대평가,집중A(1~8주),비대상
482,글로벌정경대학,무역학부,4,전공심화,전공심화,0010880001,글로벌비즈니스캡스톤디자인1,Global Business Capstone Design 1,옥우석,제29호관 생명과학기술대학-203 강의실(무역학부)[29-203], [29-203:화(야1)(야2)(야3)], [29-203:화(18:00~18:50)(18:55~19:45)(19:50~20:40)],50분(표준),3,일반과목,강의(이론),절대평가,일반(1~15주),비대상
483,글로벌정경대학,무역학부,4,전공심화,전공심화,0010880002,글로벌비즈니스캡스톤디자인1,Global Business Capstone Design 1,이종화,"제29호관 생명과학기술대학-203 강의실(무역학부)[29-203], 가상건물-200 온라인강의실[ZZ-200]", [29-203:월(7-8A)(8B-9)] [ZZ-200:금(4-5A)(5B-6)], [29-203:월(15:00~16:15)(16:30~17:45)] [ZZ-200:금(12:00~13:15)(13:30~14:45)],75분,3,일반과목,온라인혼합형강좌,절대평가,집중A(1~8주),원어강의(EN)
484,글로벌정경대학,무역학부,4,전공심화,전공심화,0010882001,인공지능기반의사결정,AI Driven Decision Making,김경원,제29호관 생명과학기술대학-203 강의실(무역학부)[29-203]," [29-203:목(1-2A),금(2B-3)]"," [29-203:목(09:00~10:15),금(10:30~11:45)]",75분,3,일반과목,강의(이론),상대평가,일반(1~15주),비대상
485,글로벌정경대학,무역학부,4,전공심화,전공심화,0010883001,글로벌한류와엔터테인먼트경영전략,Global Hallyu Korean Wave and   Business Strategy for Entertainment,박영은,제19호관 융합자유전공대학·국제교류관-108 강의실[19-108], [19-108:월(1-2A)(2B-3)(4-5A)(5B-6)], [19-108:월(09:00~10:15)(10:30~11:45)(12:00~13:15)(13:30~14:45)],75분,3,일반과목,온라인혼합형강좌(HUSS),상대평가,집중A(1~8주),비대상
486,글로벌정경대학,무역학부,4,전공심화,전공심화,0011437001,디지털무역론,Understand of Digital Trade ,고보민,"제14호관 동북아경제·경영-105 강의실[14-105], 제14호관 동북아경제·경영-115 LAB실(강의실)[14-115]", [14-105:목(2B-3)] [14-115:수(2B-3)], [14-105:목(10:30~11:45)] [14-115:수(10:30~11:45)],75분,3,일반과목,강의(이론),상대평가,일반(1~15주),비대상
487,글로벌정경대학,무역학부,4,전공심화,전공심화,0011890001,바이오비즈니스론,Introduction to Bio Business,이루리,제14호관 동북아경제·경영-114 강의실[14-114], [14-114:목(야1)(야2)(야3)], [14-114:목(18:00~18:50)(18:55~19:45)(19:50~20:40)],50분(표준),3,일반과목,강의(이론),이수인정,일반(1~15주),비대상
488,글로벌정경대학,무역학부,4,전공심화,전공심화,KBB6012001,관세론,STUDY OF TARIFFS,김필준,제29호관 생명과학기술대학-403 강의실(경제학과)[29-403], [29-403:수(7-8A)(8B-9)], [29-403:수(15:00~16:15)(16:30~17:45)],75분,3,일반과목,강의(이론),상대평가,일반(1~15주),비대상
489,글로벌정경대학,무역학부(야),2,전공핵심,전공핵심,0001250003,e-biz개론,Introduction to e-business,황낙건,제14호관 동북아경제·경영-115 LAB실(강의실)[14-115], [14-115:월(야1)(야2)(야3)], [14-115:월(18:00~18:50)(18:55~19:45)(19:50~20:40)],50분(표준),3,일반과목,강의(이론),상대평가,일반(1~15주),비대상
490,글로벌정경대학,무역학부(야),2,전공심화,전공심화,GA06108003,국제통상론,Trade Policies: Theories and Practices,손기윤,제14호관 동북아경제·경영-209 강의실(소)-9[14-209], [14-209:수(야1)(야2)(야3)], [14-209:수(18:00~18:50)(18:55~19:45)(19:50~20:40)],50분(표준),3,일반과목,강의(이론),상대평가,일반(1~15주),비대상
491,글로벌정경대학,무역학부(야),3,전공심화,전공심화,0001265001,기업물류및SCM,Business Logistics & Supply Chain Management,안영효,제14호관 동북아경제·경영-115 LAB실(강의실)[14-115], [14-115:화(야1)(야2)(야3)], [14-115:화(18:00~18:50)(18:55~19:45)(19:50~20:40)],50분(표준),3,일반과목,강의(이론),절대평가,일반(1~15주),원어강의(EN)
492,글로벌정경대학,무역학부(야),4,전공심화,전공심화,0004198001,유통관리론,Retail Management,김순홍,제14호관 동북아경제·경영-309 컴퓨터실 [14-309], [14-309:월(야1)(야2)(야3)], [14-309:월(18:00~18:50)(18:55~19:45)(19:50~20:40)],50분(표준),3,일반과목,강의(이론),상대평가,일반(1~15주),비대상
493,글로벌정경대학,무역학부(야),4,전공심화,전공심화,KBB6012002,관세론,STUDY OF TARIFFS,김필준,제29호관 생명과학기술대학-403 강의실(경제학과)[29-403], [29-403:수(야1)(야2)(야3)], [29-403:수(18:00~18:50)(18:55~19:45)(19:50~20:40)],50분(표준),3,일반과목,강의(이론),상대평가,일반(1~15주),비대상
494,글로벌정경대학,소비자학과,1,전공핵심,전공핵심,0007943001,소비자의사결정,Consumer Decision-Making,김종흠,제5호관 자연과학대학·생명과학기술대학-524 강의실(중)[05-524]," [05-524:월(5B-6),수(2B-3)]"," [05-524:월(13:30~14:45),수(10:30~11:45)]",75분,3,일반과목,강의(이론),상대평가,일반(1~15주),비대상
495,글로벌정경대학,소비자학과,1,전공핵심,전공핵심,BL06003001,소비자와시장,CONSUMER AND THE MARKET,박지우,제5호관 자연과학대학·생명과학기술대학-524 강의실(중)[05-524], [05-524:금(2)(3)(4)], [05-524:금(10:00~10:50)(11:00~11:50)(12:00~12:50)],50분(표준),3,일반과목,강의(이론),상대평가,일반(1~15주),비대상
496,글로벌정경대학,소비자학과,1,전공심화,전공심화,0007945001,고객서비스,CUSTOMER SERVICE,이명현,제5호관 자연과학대학·생명과학기술대학-524 강의실(중)[05-524], [05-524:월(7)(8)(9)], [05-524:월(15:00~15:50)(16:00~16:50)(17:00~17:50)],50분(표준),3,일반과목,강의(이론),상대평가,일반(1~15주),비대상
497,글로벌정경대학,소비자학과,2,전공핵심,전공핵심,0009415001,소비자정량조사,Consumer Quantitative Research,최한솔,"제5호관 자연과학대학·생명과학기술대학-418 소비자정보분석실[05-418], 제5호관 자연과학대학·생명과학기술대학-524 강의실(중)[05-524]", [05-418:수(9)] [05-524:(7)(8)], [05-418:수(17:00~17:50)] [05-524:(15:00~15:50)(16:00~16:50)],50분(표준),3,일반과목,강의(이론),상대평가,일반(1~15주),비대상
498,글로벌정경대학,소비자학과,2,전공핵심,전공핵심,BLC6042001,소비자법과정책,CONSUMER LAW AND POLICY,이영애,제5호관 자연과학대학·생명과학기술대학-524 강의실(중)[05-524]," [05-524:화(8B-9),목(1-2A)]"," [05-524:화(16:30~17:45),목(09:00~10:15)]",75분,3,일반과목,강의(이론),상대평가,일반(1~15주),비대상
499,글로벌정경대학,소비자학과,2,전공핵심,전공핵심,BLC6045001,가계재무설계,FINANCIAL  PLANNING FOR CONSUMERS,성영애,제5호관 자연과학대학·생명과학기술대학-425 소비자모의토론실습실[05-425]," [05-425:월(2B-3),목(2B-3)]"," [05-425:월(10:30~11:45),목(10:30~11:45)]",75분,3,일반과목,온라인혼합형강좌,상대평가,일반(1~15주),비대상
500,글로벌정경대학,소비자학과,2,전공심화,전공심화,0009411001,금융교육론,Financial Education ,조혜진,제5호관 자연과학대학·생명과학기술대학-424 소비자행동분석실[05-424]," [05-424:월(4-5A),목(4-5A)]"," [05-424:월(12:00~13:15),목(12:00~13:15)]",75분,3,일반과목,온라인혼합형강좌,상대평가,일반(1~15주),비대상
501,글로벌정경대학,소비자학과,2,전공심화,전공심화,0009413001,지속가능소비론,Sustainable Consumption,이영애,제5호관 자연과학대학·생명과학기술대학-425 소비자모의토론실습실[05-425]," [05-425:화(3)(4),목(6)]"," [05-425:화(11:00~11:50)(12:00~12:50),목(14:00~14:50)]",50분(표준),3,일반과목,강의(이론),상대평가,일반(1~15주),비대상
502,글로벌정경대학,소비자학과,2,전공심화,전공심화,BLC6063001,소비문화와트렌드분석,CONSUMPTION CULTURE AND TREND ANALYSIS,김종흠,제5호관 자연과학대학·생명과학기술대학-524 강의실(중)[05-524]," [05-524:화(5B-6),수(5B-6)]"," [05-524:화(13:30~14:45),수(13:30~14:45)]",75분,3,일반과목,강의(이론),상대평가,일반(1~15주),비대상
503,글로벌정경대학,소비자학과,3,전공핵심,전공핵심,0009416001,행동재무학,Behavioral Finance,조혜진,제5호관 자연과학대학·생명과학기술대학-425 소비자모의토론실습실[05-425]," [05-425:수(4-5A),목(7-8A)]"," [05-425:수(12:00~13:15),목(15:00~16:15)]",75분,3,일반과목,온라인혼합형강좌,상대평가,일반(1~15주),비대상
504,글로벌정경대학,소비자학과,3,전공심화,전공심화,0006727001,상품개발론,Product Planning,,제5호관 자연과학대학·생명과학기술대학-525 강의실(소)-6[05-525], [05-525:금(6)(7)(8)], [05-525:금(14:00~14:50)(15:00~15:50)(16:00~16:50)],50분(표준),3,일반과목,강의(이론),상대평가,일반(1~15주),비대상
505,글로벌정경대학,소비자학과,3,전공심화,전공심화,0009417001,매장관리,Store management,박양희,제5호관 자연과학대학·생명과학기술대학-525 강의실(소)-6[05-525], [05-525:금(2)(3)(4)], [05-525:금(10:00~10:50)(11:00~11:50)(12:00~12:50)],50분(표준),3,일반과목,강의(이론),상대평가,일반(1~15주),비대상
506,글로벌정경대학,소비자학과,3,전공심화,전공심화,0009420001,신용관리론,Consumer Credit Management,곽민주,제5호관 자연과학대학·생명과학기술대학-525 강의실(소)-6[05-525], [05-525:화(6)(7)(8)], [05-525:화(14:00~14:50)(15:00~15:50)(16:00~16:50)],50분(표준),3,일반과목,강의(이론),상대평가,일반(1~15주),비대상
507,글로벌정경대학,소비자학과,3,전공심화,전공심화,BLC6061001,가계재무상담,FINANCIAL COUNSELING FOR CONSUMERS,곽민주,제5호관 자연과학대학·생명과학기술대학-525 강의실(소)-6[05-525], [05-525:화(2)(3)(4)], [05-525:화(10:00~10:50)(11:00~11:50)(12:00~12:50)],50분(표준),3,일반과목,강의(이론),상대평가,일반(1~15주),비대상
508,글로벌정경대학,소비자학과,4,전공심화,전공심화,0009422001,금융소비자행동분석,Analysis of Financial Consumer Behavior,조혜진,제5호관 자연과학대학·생명과학기술대학-424 소비자행동분석실[05-424]," [05-424:월(7-8A)(8B-9),수(7-8A)(8B-9)]"," [05-424:월(15:00~16:15)(16:30~17:45),수(15:00~16:15)(16:30~17:45)]",75분,3,일반과목,강의(이론),상대평가,집중A(1~8주),비대상
509,글로벌정경대학,소비자학과,4,전공심화,전공심화,0009423001,서비스측정및평가,Service Measurement and Assessment,이영애,제5호관 자연과학대학·생명과학기술대학-425 소비자모의토론실습실[05-425]," [05-425:화(7-8A),수(2B-3)]"," [05-425:화(15:00~16:15),수(10:30~11:45)]",75분,3,일반과목,강의(이론),상대평가,일반(1~15주),비대상
510,글로벌정경대학,소비자학과,4,전공심화,전공심화,0009425001,소비자안전,Consumer Safety,이영애,제5호관 자연과학대학·생명과학기술대학-425 소비자모의토론실습실[05-425]," [05-425:화(5B-6),수(1-2A)]"," [05-425:화(13:30~14:45),수(09:00~10:15)]",75분,3,일반과목,강의(이론),상대평가,일반(1~15주),비대상
511,공과대학,기계공학과,전학년,전공심화,전공심화,0009062021,RISE,RISE,전태성,,,,50분(표준),3,일반과목,RISE(시간표 없음),이수인정,일반(1~15주),비대상
512,공과대학,기계공학과,전학년,전공심화,전공심화,0009062022,RISE,RISE,구상모,,,,50분(표준),3,일반과목,RISE(시간표 없음),이수인정,일반(1~15주),비대상
513,공과대학,기계공학과,전학년,전공심화,전공심화,0009062023,RISE,RISE,김태우,,,,50분(표준),3,일반과목,RISE(시간표 없음),이수인정,일반(1~15주),비대상
514,공과대학,기계공학과,전학년,전공심화,전공심화,0009062024,RISE,RISE,이태선,,,,50분(표준),3,일반과목,RISE(시간표 없음),이수인정,일반(1~15주),비대상
515,공과대학,기계공학과,전학년,전공심화,전공심화,0009062025,RISE,RISE,방민호,,,,50분(표준),3,일반과목,RISE(시간표 없음),이수인정,일반(1~15주),비대상
516,공과대학,기계공학과,1,기초교양,기초과학ㆍ공학,XAA1077003,물리(1),PHYSICS(1),김말진,제8호관 공과대학·도시과학대학-515 세미나실(대)[08-515], [08-515:월(1-2A)(2B-3)], [08-515:월(09:00~10:15)(10:30~11:45)],75분,3,일반과목,강의(이론),상대평가,일반(1~15주),비대상
517,공과대학,기계공학과,1,기초교양,기초과학ㆍ공학,XAA1077004,물리(1),PHYSICS(1),이영희,제8호관 공과대학·도시과학대학-482 강의실(소)-4  [08-482], [08-482:월(7-8A)(8B-9)], [08-482:월(15:00~16:15)(16:30~17:45)],75분,3,일반과목,강의(이론),상대평가,일반(1~15주),비대상
518,공과대학,기계공학과,1,기초교양,기초과학ㆍ공학,XAA1077005,물리(1),PHYSICS(1),김말진,제8호관 공과대학·도시과학대학-272 강의실[08-272], [08-272:월(7-8A)(8B-9)], [08-272:월(15:00~16:15)(16:30~17:45)],75분,3,일반과목,강의(이론),상대평가,일반(1~15주),비대상
519,공과대학,기계공학과,1,기초교양,기초과학ㆍ공학,XAA1077006,물리(1),PHYSICS(1),유상구,제8호관 공과대학·도시과학대학-416 강의실(소)-5[08-416], [08-416:월(7-8A)(8B-9)], [08-416:월(15:00~16:15)(16:30~17:45)],75분,3,일반과목,강의(이론),상대평가,일반(1~15주),비대상
520,공과대학,기계공학과,1,기초교양,기초과학ㆍ공학,XAA1080001,물리실험(1),PHYSICS LABORATORY(1),김병훈,제5호관 자연과학대학·생명과학기술대학-109 일반물리실험실[05-109], [05-109:월(5)(6)], [05-109:월(13:00~13:50)(14:00~14:50)],50분(표준),1,일반과목,실험실습,상대평가,일반(1~15주),비대상
521,공과대학,기계공학과,1,기초교양,기초과학ㆍ공학,XAA1080002,물리실험(1),PHYSICS LABORATORY(1),함효식,제5호관 자연과학대학·생명과학기술대학-112 공통물리실험실-1[05-112], [05-112:월(5)(6)], [05-112:월(13:00~13:50)(14:00~14:50)],50분(표준),1,일반과목,실험실습,상대평가,일반(1~15주),비대상
522,공과대학,기계공학과,1,기초교양,기초과학ㆍ공학,XAA1080003,물리실험(1),PHYSICS LABORATORY(1),권남오,제5호관 자연과학대학·생명과학기술대학-115 공통물리실험실-3[05-115], [05-115:월(5)(6)], [05-115:월(13:00~13:50)(14:00~14:50)],50분(표준),1,일반과목,실험실습,상대평가,일반(1~15주),비대상
523,공과대학,기계공학과,1,기초교양,기초과학ㆍ공학,XAA1080004,물리실험(1),PHYSICS LABORATORY(1),송은선,제5호관 자연과학대학·생명과학기술대학-114 공통물리실험실-2[05-114], [05-114:월(5)(6)], [05-114:월(13:00~13:50)(14:00~14:50)],50분(표준),1,일반과목,실험실습,상대평가,일반(1~15주),비대상
524,공과대학,기계공학과,1,기초교양,기초과학ㆍ공학,XAA1080005,물리실험(1),PHYSICS LABORATORY(1),함효식,제5호관 자연과학대학·생명과학기술대학-112 공통물리실험실-1[05-112], [05-112:화(7)(8)], [05-112:화(15:00~15:50)(16:00~16:50)],50분(표준),1,일반과목,실험실습,상대평가,일반(1~15주),비대상
525,공과대학,기계공학과,1,기초교양,기초과학ㆍ공학,XAA1080006,물리실험(1),PHYSICS LABORATORY(1),권남오,제5호관 자연과학대학·생명과학기술대학-115 공통물리실험실-3[05-115], [05-115:화(7)(8)], [05-115:화(15:00~15:50)(16:00~16:50)],50분(표준),1,일반과목,실험실습,상대평가,일반(1~15주),비대상
526,공과대학,기계공학과,1,기초교양,기초과학ㆍ공학,XAA1080007,물리실험(1),PHYSICS LABORATORY(1),송은선,제5호관 자연과학대학·생명과학기술대학-114 공통물리실험실-2[05-114], [05-114:화(7)(8)], [05-114:화(15:00~15:50)(16:00~16:50)],50분(표준),1,일반과목,실험실습,상대평가,일반(1~15주),비대상
527,공과대학,기계공학과,1,기초교양,학문의기초,XAA1358019,대학수학(1),CALCULUS(1),권재성,"제8호관 공과대학·도시과학대학-322 강의실(중)-3[08-322], 제8호관 공과대학·도시과학대학-438 강의실[08-438]", [08-322:화(1-2A)] [08-438:월(2B-3)], [08-322:화(09:00~10:15)] [08-438:월(10:30~11:45)],75분,3,일반과목,온라인혼합형강좌,절대평가,일반(1~15주),원어강의(EN)
528,공과대학,기계공학과,1,기초교양,학문의기초,XAA1358020,대학수학(1),CALCULUS(1),권재성,제8호관 공과대학·도시과학대학-101 기계제도실[08-101]," [08-101:월(7-8A),수(1-2A)]"," [08-101:월(15:00~16:15),수(09:00~10:15)]",75분,3,일반과목,강의(이론),절대평가,일반(1~15주),원어강의(EN)
529,공과대학,기계공학과,1,기초교양,학문의기초,XAA1358021,대학수학(1),CALCULUS(1),이강주,제8호관 공과대학·도시과학대학-322 강의실(중)-3[08-322]," [08-322:화(2B-3),수(7-8A)]"," [08-322:화(10:30~11:45),수(15:00~16:15)]",75분,3,일반과목,강의(이론),상대평가,일반(1~15주),비대상
530,공과대학,기계공학과,1,기초교양,학문의기초,XAA1358022,대학수학(1),CALCULUS(1),이강주,제8호관 공과대학·도시과학대학-322 강의실(중)-3[08-322]," [08-322:화(5B-6),수(5B-6)]"," [08-322:화(13:30~14:45),수(13:30~14:45)]",75분,3,일반과목,강의(이론),상대평가,일반(1~15주),비대상
531,공과대학,기계공학과,1,기초교양,기초과학ㆍ공학,XAA1493001,대학화학,COLLEGE CHEMISTRY,오세영,제28호관 도시과학대학-102 강의실[28-102], [28-102:금(1)(2)(3)], [28-102:금(09:00~09:50)(10:00~10:50)(11:00~11:50)],50분(표준),3,일반과목,강의(이론),상대평가,일반(1~15주),비대상
532,공과대학,기계공학과,1,기초교양,기초과학ㆍ공학,XAA1493002,대학화학,COLLEGE CHEMISTRY,오세영,제28호관 도시과학대학-102 강의실[28-102], [28-102:금(4)(5)(6)], [28-102:금(12:00~12:50)(13:00~13:50)(14:00~14:50)],50분(표준),3,일반과목,강의(이론),상대평가,일반(1~15주),비대상
533,공과대학,기계공학과,1,기초교양,기초과학ㆍ공학,XAA1493003,대학화학,COLLEGE CHEMISTRY,오세영,제28호관 도시과학대학-102 강의실[28-102], [28-102:금(7)(8)(9)], [28-102:금(15:00~15:50)(16:00~16:50)(17:00~17:50)],50분(표준),3,일반과목,강의(이론),상대평가,일반(1~15주),비대상
534,공과대학,기계공학과,1,전공기초,전공기초,0007842001,기계기초프로그래밍,Basic Programming for Mechanical Engineering,김승권,제8호관 공과대학·도시과학대학-268 PC실습실[08-268]," [08-268:수(2B-3),금(5B-6)]"," [08-268:수(10:30~11:45),금(13:30~14:45)]",75분,3,일반과목,강의(이론),상대평가,일반(1~15주),비대상
535,공과대학,기계공학과,1,전공기초,전공기초,0007842002,기계기초프로그래밍,Basic Programming for Mechanical Engineering,김승권,제8호관 공과대학·도시과학대학-268 PC실습실[08-268]," [08-268:수(4-5A),금(4-5A)]"," [08-268:수(12:00~13:15),금(12:00~13:15)]",75분,3,일반과목,강의(이론),상대평가,일반(1~15주),비대상
536,공과대학,기계공학과,1,전공기초,전공기초,0007842003,기계기초프로그래밍,Basic Programming for Mechanical Engineering,김승권,제8호관 공과대학·도시과학대학-268 PC실습실[08-268]," [08-268:수(5B-6),금(1-2A)]"," [08-268:수(13:30~14:45),금(09:00~10:15)]",75분,3,일반과목,강의(이론),상대평가,일반(1~15주),비대상
537,공과대학,기계공학과,1,전공기초,전공기초,0007842004,기계기초프로그래밍,Basic Programming for Mechanical Engineering,김승권,제8호관 공과대학·도시과학대학-268 PC실습실[08-268]," [08-268:수(8B-9),금(2B-3)]"," [08-268:수(16:30~17:45),금(10:30~11:45)]",75분,3,일반과목,강의(이론),상대평가,일반(1~15주),비대상
538,공과대학,기계공학과,2,전공기초,전공기초,0001208002,공학수학 1,Engineering Mathematics 1,송병근,제9호관 공동실험실습관-226 강의실[09-226]," [09-226:월(2B-3),화(8B-9)]"," [09-226:월(10:30~11:45),화(16:30~17:45)]",75분,3,일반과목,강의(이론),절대평가,일반(1~15주),원어강의(EN)
539,공과대학,기계공학과,2,전공기초,전공기초,0001208003,공학수학 1,Engineering Mathematics 1,김영진,"제8호관 공과대학·도시과학대학-101 기계제도실[08-101], 제9호관 공동실험실습관-226 강의실[09-226]", [08-101:수(5)(6)] [09-226:토(1)], [08-101:수(13:00~13:50)(14:00~14:50)] [09-226:토(09:00~09:50)],50분(표준),3,일반과목,온라인혼합형강좌,절대평가,일반(1~15주),원어강의(EN)
540,공과대학,기계공학과,2,전공기초,전공기초,0001208004,공학수학 1,Engineering Mathematics 1,신창훈,"제8호관 공과대학·도시과학대학-322 강의실(중)-3[08-322], 제9호관 공동실험실습관-226 강의실[09-226]", [08-322:월(1-2A)] [09-226:수(5B-6)], [08-322:월(09:00~10:15)] [09-226:수(13:30~14:45)],75분,3,일반과목,강의(이론),상대평가,일반(1~15주),비대상
541,공과대학,기계공학과,2,전공기초,전공기초,0001208005,공학수학 1,Engineering Mathematics 1,신창훈,"제8호관 공과대학·도시과학대학-386 강의실(중)-1[08-386], 제8호관 공과대학·도시과학대학-438 강의실[08-438]", [08-386:월(2B-3)] [08-438:금(2B-3)], [08-386:월(10:30~11:45)] [08-438:금(10:30~11:45)],75분,3,일반과목,강의(이론),상대평가,일반(1~15주),비대상
542,공과대학,기계공학과,2,전공핵심,전공핵심,0002806001,고체역학1,SOLID MECHANICS(1),박동삼,제8호관 공과대학·도시과학대학-101 기계제도실[08-101], [08-101:화(7)(8)(9)], [08-101:화(15:00~15:50)(16:00~16:50)(17:00~17:50)],50분(표준),3,일반과목,강의(이론),상대평가,일반(1~15주),비대상
543,공과대학,기계공학과,2,전공핵심,전공핵심,0002806002,고체역학1,SOLID MECHANICS(1),구상모,제8호관 공과대학·도시과학대학-272 강의실[08-272]," [08-272:화(2)(3),수(9)]"," [08-272:화(10:00~10:50)(11:00~11:50),수(17:00~17:50)]",50분(표준),3,일반과목,강의(이론),절대평가,일반(1~15주),원어강의(EN)
544,공과대학,기계공학과,2,전공핵심,전공핵심,0002806003,고체역학1,SOLID MECHANICS(1),박형범,"제8호관 공과대학·도시과학대학-482 강의실(소)-4  [08-482], 제9호관 공동실험실습관-226 강의실[09-226]", [08-482:화(2)(3)] [09-226:토(5)], [08-482:화(10:00~10:50)(11:00~11:50)] [09-226:토(13:00~13:50)],50분(표준),3,일반과목,온라인혼합형강좌,상대평가,일반(1~15주),비대상
545,공과대학,기계공학과,2,전공핵심,전공핵심,0002806004,고체역학1,SOLID MECHANICS(1),박형범,"제8호관 공과대학·도시과학대학-482 강의실(소)-4  [08-482], 제9호관 공동실험실습관-226 강의실[09-226]", [08-482:화(6)(7)] [09-226:토(6)], [08-482:화(14:00~14:50)(15:00~15:50)] [09-226:토(14:00~14:50)],50분(표준),3,일반과목,온라인혼합형강좌,상대평가,일반(1~15주),비대상
546,공과대학,기계공학과,2,전공핵심,전공핵심,0002807001,공업열역학1,ENGINEERING THERMODYNAMICS 1,김상문,제28호관 도시과학대학-102 강의실[28-102]," [28-102:월(7-8A),목(8B-9)]"," [28-102:월(15:00~16:15),목(16:30~17:45)]",75분,3,일반과목,온라인혼합형강좌,상대평가,일반(1~15주),비대상
547,공과대학,기계공학과,2,전공핵심,전공핵심,0002807002,공업열역학1,ENGINEERING THERMODYNAMICS 1,김상문,제28호관 도시과학대학-102 강의실[28-102]," [28-102:월(8B-9),목(7-8A)]"," [28-102:월(16:30~17:45),목(15:00~16:15)]",75분,3,일반과목,온라인혼합형강좌,상대평가,일반(1~15주),비대상
548,공과대학,기계공학과,2,전공핵심,전공핵심,EPA6123001,기계재료,ENGINEERING MATERIALS,전태성,"제8호관 공과대학·도시과학대학-416 강의실(소)-5[08-416], 제8호관 공과대학·도시과학대학-482 강의실(소)-4  [08-482]", [08-416:목(5)(6)] [08-482:화(4)], [08-416:목(13:00~13:50)(14:00~14:50)] [08-482:화(12:00~12:50)],50분(표준),3,일반과목,강의(이론),절대평가,일반(1~15주),원어강의(EN)
549,공과대학,기계공학과,2,전공핵심,전공핵심,EPA6123002,기계재료,ENGINEERING MATERIALS,전태성,"제8호관 공과대학·도시과학대학-101 기계제도실[08-101], 제8호관 공과대학·도시과학대학-482 강의실(소)-4  [08-482]", [08-101:수(7)(8)] [08-482:화(5)], [08-101:수(15:00~15:50)(16:00~16:50)] [08-482:화(13:00~13:50)],50분(표준),3,일반과목,강의(이론),절대평가,일반(1~15주),원어강의(EN)
550,공과대학,기계공학과,2,전공핵심,전공핵심,EPA6123003,기계재료,ENGINEERING MATERIALS,이태선,"제8호관 공과대학·도시과학대학-482 강의실(소)-4  [08-482], 제28호관 도시과학대학-102 강의실[28-102]", [08-482:토(2)] [28-102:목(5)(6)], [08-482:토(10:00~10:50)] [28-102:목(13:00~13:50)(14:00~14:50)],50분(표준),3,일반과목,온라인혼합형강좌,절대평가,일반(1~15주),원어강의(EN)
551,공과대학,기계공학과,2,전공심화,전공심화,EPA6098001,전기전자공학개론,ELECTRICAL AND ELECTRONIC ENGINEERING,김경태,제8호관 공과대학·도시과학대학-272 강의실[08-272]," [08-272:수(1),목(2)(3)]"," [08-272:수(09:00~09:50),목(10:00~10:50)(11:00~11:50)]",50분(표준),3,일반과목,온라인혼합형강좌,상대평가,일반(1~15주),글로벌강의(ES)
552,공과대학,기계공학과,2,전공심화,전공심화,EPA6098002,전기전자공학개론,ELECTRICAL AND ELECTRONIC ENGINEERING,김태우,"제8호관 공과대학·도시과학대학-386 강의실(중)-1[08-386], 제8호관 공과대학·도시과학대학-482 강의실(소)-4  [08-482]", [08-386:목(2)(3)] [08-482:토(3)], [08-386:목(10:00~10:50)(11:00~11:50)] [08-482:토(11:00~11:50)],50분(표준),3,일반과목,온라인혼합형강좌,상대평가,일반(1~15주),글로벌강의(ES)
553,공과대학,기계공학과,2,전공심화,전공심화,EPA6098003,전기전자공학개론,ELECTRICAL AND ELECTRONIC ENGINEERING,김태우,"제9호관 공동실험실습관-226 강의실[09-226], 제28호관 도시과학대학-102 강의실[28-102]", [09-226:토(4)] [28-102:월(5)(6)], [09-226:토(12:00~12:50)] [28-102:월(13:00~13:50)(14:00~14:50)],50분(표준),3,일반과목,온라인혼합형강좌,상대평가,일반(1~15주),글로벌강의(ES)
554,공과대학,기계공학과,2,전공심화,전공심화,EPA6098004,전기전자공학개론,ELECTRICAL AND ELECTRONIC ENGINEERING,방민호,"제8호관 공과대학·도시과학대학-482 강의실(소)-4  [08-482], 제9호관 공동실험실습관-226 강의실[09-226]", [08-482:목(2)(3)] [09-226:월(6)], [08-482:목(10:00~10:50)(11:00~11:50)] [09-226:월(14:00~14:50)],50분(표준),3,일반과목,강의(이론),상대평가,일반(1~15주),글로벌강의(ES)
555,공과대학,기계공학과,3,전공핵심,전공핵심,0010892001,응용기계수학1,Applied Mathematics for Mechanical Engineering 1,신성수,"제8호관 공과대학·도시과학대학-268 PC실습실[08-268], 제8호관 공과대학·도시과학대학-438 강의실[08-438]", [08-268:토(3)] [08-438:금(5)(6)], [08-268:토(11:00~11:50)] [08-438:금(13:00~13:50)(14:00~14:50)],50분(표준),3,일반과목,온라인혼합형강좌,상대평가,일반(1~15주),비대상
556,공과대학,기계공학과,3,전공핵심,전공핵심,0010892002,응용기계수학1,Applied Mathematics for Mechanical Engineering 1,이강주,"제8호관 공과대학·도시과학대학-101 기계제도실[08-101], 제8호관 공과대학·도시과학대학-268 PC실습실[08-268]", [08-101:금(3)(4)] [08-268:토(2)], [08-101:금(11:00~11:50)(12:00~12:50)] [08-268:토(10:00~10:50)],50분(표준),3,일반과목,온라인혼합형강좌,상대평가,일반(1~15주),비대상
557,공과대학,기계공학과,3,전공핵심,전공핵심,0010892003,응용기계수학1,Applied Mathematics for Mechanical Engineering 1,김정호,"제8호관 공과대학·도시과학대학-101 기계제도실[08-101], 제8호관 공과대학·도시과학대학-268 PC실습실[08-268]", [08-101:금(1)(2)] [08-268:토(1)], [08-101:금(09:00~09:50)(10:00~10:50)] [08-268:토(09:00~09:50)],50분(표준),3,일반과목,온라인혼합형강좌,상대평가,일반(1~15주),비대상
558,공과대학,기계공학과,3,전공핵심,전공핵심,EPA6044001,수치해석,NUMERICAL ANALYSIS,한민섭,"제8호관 공과대학·도시과학대학-101 기계제도실[08-101], 제8호관 공과대학·도시과학대학-482 강의실(소)-4  [08-482]", [08-101:월(8B-9)] [08-482:수(8B-9)], [08-101:월(16:30~17:45)] [08-482:수(16:30~17:45)],75분,3,일반과목,강의(이론),상대평가,일반(1~15주),비대상
559,공과대학,기계공학과,3,전공핵심,전공핵심,EPA6044002,수치해석,NUMERICAL ANALYSIS,김백진,"제8호관 공과대학·도시과학대학-386 강의실(중)-1[08-386], 제8호관 공과대학·도시과학대학-482 강의실(소)-4  [08-482]", [08-386:월(7-8A)] [08-482:목(5B-6)], [08-386:월(15:00~16:15)] [08-482:목(13:30~14:45)],75분,3,일반과목,온라인혼합형강좌,상대평가,일반(1~15주),비대상
560,공과대학,기계공학과,3,전공핵심,전공핵심,EPA6044003,수치해석,NUMERICAL ANALYSIS,김백진,"제8호관 공과대학·도시과학대학-322 강의실(중)-3[08-322], 제8호관 공과대학·도시과학대학-482 강의실(소)-4  [08-482]", [08-322:월(8B-9)] [08-482:수(7-8A)], [08-322:월(16:30~17:45)] [08-482:수(15:00~16:15)],75분,3,일반과목,온라인혼합형강좌,상대평가,일반(1~15주),비대상
561,공과대학,기계공학과,3,전공심화,전공심화,EA06021001,기계공작법,MANUFACTURING PROCESSES,구상모,"제8호관 공과대학·도시과학대학-268 PC실습실[08-268], 제8호관 공과대학·도시과학대학-515 세미나실(대)[08-515]", [08-268:토(4)] [08-515:화(5)(6)], [08-268:토(12:00~12:50)] [08-515:화(13:00~13:50)(14:00~14:50)],50분(표준),3,일반과목,온라인혼합형강좌,절대평가,일반(1~15주),원어강의(EN)
562,공과대학,기계공학과,3,전공심화,전공심화,EA06021002,기계공작법,MANUFACTURING PROCESSES,구상모,"제8호관 공과대학·도시과학대학-268 PC실습실[08-268], 제8호관 공과대학·도시과학대학-386 강의실(중)-1[08-386]", [08-268:토(5)] [08-386:수(2)(3)], [08-268:토(13:00~13:50)] [08-386:수(10:00~10:50)(11:00~11:50)],50분(표준),3,일반과목,온라인혼합형강좌,절대평가,일반(1~15주),원어강의(EN)
563,공과대학,기계공학과,3,전공심화,전공심화,EA06021003,기계공작법,MANUFACTURING PROCESSES,이태선,"제8호관 공과대학·도시과학대학-101 기계제도실[08-101], 제8호관 공과대학·도시과학대학-268 PC실습실[08-268]", [08-101:목(2)(3)] [08-268:토(6)], [08-101:목(10:00~10:50)(11:00~11:50)] [08-268:토(14:00~14:50)],50분(표준),3,일반과목,온라인혼합형강좌,절대평가,일반(1~15주),원어강의(EN)
564,공과대학,기계공학과,3,전공심화,전공심화,EPA6032002,기계진동,MECHANICAL VIBRATIONS,남동호,"제8호관 공과대학·도시과학대학-322 강의실(중)-3[08-322], 제8호관 공과대학·도시과학대학-386 강의실(중)-1[08-386]", [08-322:화(7-8A)] [08-386:목(8B-9)], [08-322:화(15:00~16:15)] [08-386:목(16:30~17:45)],75분,3,일반과목,온라인혼합형강좌,상대평가,일반(1~15주),비대상
565,공과대학,기계공학과,3,전공심화,전공심화,EPA6032003,기계진동,MECHANICAL VIBRATIONS,남동호,제8호관 공과대학·도시과학대학-438 강의실[08-438]," [08-438:화(8B-9),목(7-8A)]"," [08-438:화(16:30~17:45),목(15:00~16:15)]",75분,3,일반과목,온라인혼합형강좌,상대평가,일반(1~15주),비대상
566,공과대학,기계공학과,3,전공심화,전공심화,EPA6032004,기계진동,MECHANICAL VIBRATIONS,남동호,제8호관 공과대학·도시과학대학-386 강의실(중)-1[08-386], [08-386:화(야1-2A)(야2B-3)], [08-386:화(18:00~19:15)(19:25~20:40)],75분,3,일반과목,강의(이론),상대평가,일반(1~15주),비대상
567,공과대학,기계공학과,3,전공심화,전공심화,EPA6032005,기계진동,MECHANICAL VIBRATIONS,김백진,"제8호관 공과대학·도시과학대학-416 강의실(소)-5[08-416], 제8호관 공과대학·도시과학대학-482 강의실(소)-4  [08-482]", [08-416:월(2B-3)] [08-482:목(8B-9)], [08-416:월(10:30~11:45)] [08-482:목(16:30~17:45)],75분,3,일반과목,강의(이론),절대평가,일반(1~15주),원어강의(EN)
568,공과대학,기계공학과,3,전공심화,전공심화,EPA6058001,유체역학(2),FLUID MECHANICS(2),한민섭,"제8호관 공과대학·도시과학대학-272 강의실[08-272], 제8호관 공과대학·도시과학대학-482 강의실(소)-4  [08-482]", [08-272:월(5B-6)] [08-482:수(5B-6)], [08-272:월(13:30~14:45)] [08-482:수(13:30~14:45)],75분,3,일반과목,온라인혼합형강좌,상대평가,일반(1~15주),비대상
569,공과대학,기계공학과,3,전공심화,전공심화,EPA6058002,유체역학(2),FLUID MECHANICS(2),권재성,"제8호관 공과대학·도시과학대학-416 강의실(소)-5[08-416], 제8호관 공과대학·도시과학대학-438 강의실[08-438]", [08-416:월(5B-6)] [08-438:화(2B-3)], [08-416:월(13:30~14:45)] [08-438:화(10:30~11:45)],75분,3,일반과목,온라인혼합형강좌,절대평가,일반(1~15주),원어강의(EN)
570,공과대학,기계공학과,3,전공심화,전공심화,EPA6058003,유체역학(2),FLUID MECHANICS(2),권재성,"제8호관 공과대학·도시과학대학-101 기계제도실[08-101], 제8호관 공과대학·도시과학대학-438 강의실[08-438]", [08-101:화(5B-6)] [08-438:월(1-2A)], [08-101:화(13:30~14:45)] [08-438:월(09:00~10:15)],75분,3,일반과목,강의(이론),절대평가,일반(1~15주),원어강의(EN)
571,공과대학,기계공학과,4,전공심화,전공심화,0001865001,로봇공학,Robotics,김영진,제8호관 공과대학·도시과학대학-386 강의실(중)-1[08-386]," [08-386:월(5)(6),목(4)]"," [08-386:월(13:00~13:50)(14:00~14:50),목(12:00~12:50)]",50분(표준),3,일반과목,강의(이론),절대평가,일반(1~15주),원어강의(EN)
572,공과대학,기계공학과,4,전공심화,전공심화,0001865002,로봇공학,Robotics,김영진,제8호관 공과대학·도시과학대학-386 강의실(중)-1[08-386]," [08-386:수(9),목(5)(6)]"," [08-386:수(17:00~17:50),목(13:00~13:50)(14:00~14:50)]",50분(표준),3,일반과목,강의(이론),절대평가,일반(1~15주),원어강의(EN)
573,공과대학,기계공학과,4,전공심화,전공심화,0004892001,MEMS개론,Introduction: MicroElectoMechanical Systems,김경태,제8호관 공과대학·도시과학대학-101 기계제도실[08-101]," [08-101:월(5)(6),목(4)]"," [08-101:월(13:00~13:50)(14:00~14:50),목(12:00~12:50)]",50분(표준),3,일반과목,온라인혼합형강좌,상대평가,일반(1~15주),글로벌강의(ES)
574,공과대학,기계공학과,4,전공심화,전공심화,0004892002,MEMS개론,Introduction: MicroElectoMechanical Systems,김경태,"제8호관 공과대학·도시과학대학-101 기계제도실[08-101], 제8호관 공과대학·도시과학대학-438 강의실[08-438]", [08-101:수(9)] [08-438:목(5)(6)], [08-101:수(17:00~17:50)] [08-438:목(13:00~13:50)(14:00~14:50)],50분(표준),3,일반과목,강의(이론),상대평가,일반(1~15주),글로벌강의(ES)
575,공과대학,기계공학과,4,전공심화,전공심화,0006653001,캡스톤디자인2,Capstone Design 2,이태선,"제8호관 공과대학·도시과학대학-482 강의실(소)-4  [08-482], 제9호관 공동실험실습관-120 기계준비실[09-120], 제27호관 제2공동실험실습관-B104 기계공학과 실험실-3[SJB104B]", [08-482:수(2)(3)] [09-120:(야2)] [SJB104B:(야1)], [08-482:수(10:00~10:50)(11:00~11:50)] [09-120:(18:55~19:45)] [SJB104B:(18:00~18:50)],50분(표준),3,일반과목,이론실험실습,절대평가,일반(1~15주),원어강의(EN)
576,공과대학,기계공학과,4,전공심화,전공심화,0006653002,캡스톤디자인2,Capstone Design 2,방민호,"제8호관 공과대학·도시과학대학-206 유도제어시스템연구실[08-206], 제8호관 공과대학·도시과학대학-511A 열유체 및 에너지 시스템 연구실-1[08-511A], 제9호관 공동실험실습관-117 공작실습실[09-117], 제9호관 공동실험실습관-226 강의실[09-226]", [08-206:수(2)] [08-511A:(야1)] [09-117:(야2)] [09-226:(3)], [08-206:수(10:00~10:50)] [08-511A:(18:00~18:50)] [09-117:(18:55~19:45)] [09-226:(11:00~11:50)],50분(표준),3,일반과목,이론실험실습,절대평가,일반(1~15주),비대상
577,공과대학,기계공학과,4,전공심화,전공심화,0006653003,캡스톤디자인2,Capstone Design 2,김경태,"제8호관 공과대학·도시과학대학-272 강의실[08-272], 제9호관 공동실험실습관-117B 응용제어실험실[09-117B], 제9호관 공동실험실습관-210 기계공학과 실험실-1[09-210], 제27호관 제2공동실험실습관-B103 기계공작가공실[27-B103]", [08-272:수(3)] [09-117B:(2)] [09-210:(야1)] [27-B103:(야2)], [08-272:수(11:00~11:50)] [09-117B:(10:00~10:50)] [09-210:(18:00~18:50)] [27-B103:(18:55~19:45)],50분(표준),3,일반과목,이론실험실습,절대평가,일반(1~15주),글로벌강의(ES)
578,공과대학,기계공학과,4,전공심화,전공심화,0010893001,2차전지공학,Secondary Cell Engineering,신성수,"제8호관 공과대학·도시과학대학-272 강의실[08-272], 제8호관 공과대학·도시과학대학-416 강의실(소)-5[08-416]", [08-272:화(5B-6)] [08-416:목(7-8A)], [08-272:화(13:30~14:45)] [08-416:목(15:00~16:15)],75분,3,일반과목,강의(이론),상대평가,일반(1~15주),비대상
579,공과대학,기계공학과,4,전공심화,전공심화,0010893002,2차전지공학,Secondary Cell Engineering,신성수,제8호관 공과대학·도시과학대학-416 강의실(소)-5[08-416]," [08-416:화(4-5A),목(8B-9)]"," [08-416:화(12:00~13:15),목(16:30~17:45)]",75분,3,일반과목,강의(이론),상대평가,일반(1~15주),비대상
580,공과대학,기계공학과,4,전공심화,전공심화,0010894001,마이크로패키징,Micro Packaging,김정호,"제8호관 공과대학·도시과학대학-322 강의실(중)-3[08-322], 제8호관 공과대학·도시과학대학-386 강의실(중)-1[08-386], 제8호관 공과대학·도시과학대학-438 강의실[08-438]", [08-322:수(4-5A)] [08-386:목(야1-2A)] [08-438:금(7-8A)(8B-9)], [08-322:수(12:00~13:15)] [08-386:목(18:00~19:15)] [08-438:금(15:00~16:15)(16:30~17:45)],75분,3,일반과목,강의(이론),상대평가,집중A(1~8주),비대상
581,공과대학,기계공학과,4,전공심화,전공심화,0011893001,시뮬레이션구조설계,Computer Structural Analysis and Design,박형범,제9호관 공동실험실습관-226 강의실[09-226]," [09-226:월(7)(8),화(4)]"," [09-226:월(15:00~15:50)(16:00~16:50),화(12:00~12:50)]",50분(표준),3,일반과목,강의(이론),상대평가,일반(1~15주),비대상
582,공과대학,기계공학과,4,전공심화,전공심화,0011893002,시뮬레이션구조설계,Computer Structural Analysis and Design,이선곤,제8호관 공과대학·도시과학대학-268 PC실습실[08-268], [08-268:월(7)(8)(9)], [08-268:월(15:00~15:50)(16:00~16:50)(17:00~17:50)],50분(표준),3,일반과목,강의(이론),상대평가,일반(1~15주),비대상
583,공과대학,기계공학과,4,전공심화,전공심화,0012355001,열유체전산설계,Computational Design of Thermo fluid Devices,한민섭,제8호관 공과대학·도시과학대학-268 PC실습실[08-268]," [08-268:수(7-8A),목(7-8A)]"," [08-268:수(15:00~16:15),목(15:00~16:15)]",75분,3,일반과목,온라인혼합형강좌,상대평가,일반(1~15주),비대상
584,공과대학,기계공학과,4,전공심화,전공심화,EA06025002,기계공학실험,MECHANICAL EXPERIMENTS,남동호,"제8호관 공과대학·도시과학대학-103 기자재실[08-103], 제8호관 공과대학·도시과학대학-110B 로봇제어실험실[08-110B], 제8호관 공과대학·도시과학대학-505A 열유체및에너지시스템연구실-1[08-505A], 제8호관 공과대학·도시과학대학-511B 열유체및에너지시스템연구실-2[08-511B]", [08-103:월(4)] [08-110B:(1)] [08-505A:(2)] [08-511B:(3)], [08-103:월(12:00~12:50)] [08-110B:(09:00~09:50)] [08-505A:(10:00~10:50)] [08-511B:(11:00~11:50)],50분(표준),3,일반과목,이론실험실습,절대평가,일반(1~15주),비대상
585,공과대학,기계공학과,4,전공심화,전공심화,EA06025003,기계공학실험,MECHANICAL EXPERIMENTS,구상모,"제8호관 공과대학·도시과학대학-260 금속재료분석실험실[08-260], 제8호관 공과대학·도시과학대학-448 첨단레이저실험실-2[08-448], 제8호관 공과대학·도시과학대학-504B 연소공학실험실[08-504B], 제27호관 제2공동실험실습관-B101A 구조재료가공연구실[27-B101A]", [08-260:목(1)] [08-448:(2)] [08-504B:화(야1)] [27-B101A:(야2)], [08-260:목(09:00~09:50)] [08-448:(10:00~10:50)] [08-504B:화(18:00~18:50)] [27-B101A:(18:55~19:45)],50분(표준),3,일반과목,이론실험실습,절대평가,일반(1~15주),비대상
586,공과대학,기계공학과,4,전공심화,전공심화,EA06025004,기계공학실험,MECHANICAL EXPERIMENTS,박형범,"제8호관 공과대학·도시과학대학-208 전산및멀티스케일역학설계연구실-2[08-208], 제9호관 공동실험실습관-117C-1 로봇제어사이버네틱스 연구실-1[09-117C-1], 제9호관 공동실험실습관-117D 로봇제어사이버네틱스 연구실-2[09-117D], 제27호관 제2공동실험실습관-B107 생체기계연구실-1[27-B107]", [08-208:목(1)] [09-117C-1:(2)] [09-117D:금(1)] [27-B107:(2)], [08-208:목(09:00~09:50)] [09-117C-1:(10:00~10:50)] [09-117D:금(09:00~09:50)] [27-B107:(10:00~10:50)],50분(표준),3,일반과목,이론실험실습,절대평가,일반(1~15주),비대상
587,공과대학,기계공학과,4,전공심화,전공심화,EA06025005,기계공학실험,MECHANICAL EXPERIMENTS,한민섭,"제8호관 공과대학·도시과학대학-262 마이크로나노유체기기실험실[08-262], 제9호관 공동실험실습관-204 멀티스케일아키텍쳐링연구실[09-204], 제9호관 공동실험실습관-204A 다이나모실험실[09-204A], 제9호관 공동실험실습관-205A 멀티스케일아키텍쳐링연구실-2[09-205A]", [08-262:월(1)] [09-204:(2)] [09-204A:(3)] [09-205A:(4)], [08-262:월(09:00~09:50)] [09-204:(10:00~10:50)] [09-204A:(11:00~11:50)] [09-205A:(12:00~12:50)],50분(표준),3,일반과목,이론실험실습,절대평가,일반(1~15주),비대상
588,공과대학,기계공학과,4,전공심화,전공심화,EA06025006,기계공학실험,MECHANICAL EXPERIMENTS,김경태,"제8호관 공과대학·도시과학대학-111A 나노스케일에너지전달실험실-1[08-111A], 제9호관 공동실험실습관-105 첨단나노열전달실험실[09-105], 제9호관 공동실험실습관-105A AHNLAB[09-105A], 제9호관 공동실험실습관-109 풍동실험실[09-109]", [08-111A:화(1)] [09-105:(2)] [09-105A:금(1)] [09-109:(2)], [08-111A:화(09:00~09:50)] [09-105:(10:00~10:50)] [09-105A:금(09:00~09:50)] [09-109:(10:00~10:50)],50분(표준),3,일반과목,이론실험실습,절대평가,일반(1~15주),비대상
589,공과대학,기계공학과,4,전공심화,전공심화,EA06025007,기계공학실험,MECHANICAL EXPERIMENTS,방민호,"제8호관 공과대학·도시과학대학-102B 재료실험실[08-102B], 제8호관 공과대학·도시과학대학-105 멀티스케일유동제어실험실-1[08-105], 제8호관 공과대학·도시과학대학-106 신재생에너지연구실-2[08-106], 제9호관 공동실험실습관-117A 열유체 및 에너지 시스템 실험실-2[09-117A]", [08-102B:화(1)] [08-105:(2)] [08-106:(야1)] [09-117A:(야2)], [08-102B:화(09:00~09:50)] [08-105:(10:00~10:50)] [08-106:(18:00~18:50)] [09-117A:(18:55~19:45)],50분(표준),3,일반과목,이론실험실습,절대평가,일반(1~15주),비대상
590,공과대학,기계공학과,4,전공심화,전공심화,EA06029001,기계설계,Mechanical Engineering Design,우창기,제8호관 공과대학·도시과학대학-416 강의실(소)-5[08-416]," [08-416:화(7-8A),수(7-8A)]"," [08-416:화(15:00~16:15),수(15:00~16:15)]",75분,3,일반과목,강의(이론),상대평가,일반(1~15주),비대상
591,공과대학,기계공학과,4,전공심화,전공심화,EA06029002,기계설계,Mechanical Engineering Design,우창기,"제8호관 공과대학·도시과학대학-272 강의실[08-272], 제8호관 공과대학·도시과학대학-416 강의실(소)-5[08-416]", [08-272:수(5B-6)] [08-416:화(8B-9)], [08-272:수(13:30~14:45)] [08-416:화(16:30~17:45)],75분,3,일반과목,강의(이론),상대평가,일반(1~15주),비대상
592,공과대학,전기공학과,전학년,전공심화,전공심화,0009062026,RISE,RISE,김준동,,,,50분(표준),3,일반과목,RISE(시간표 없음),이수인정,일반(1~15주),비대상
593,공과대학,전기공학과,1,기초교양,학문의기초,XAA1358005,대학수학(1),CALCULUS(1),이혜경,제8호관 공과대학·도시과학대학-438 강의실[08-438], [08-438:목(2)(3)(4)], [08-438:목(10:00~10:50)(11:00~11:50)(12:00~12:50)],50분(표준),3,일반과목,강의(이론),상대평가,일반(1~15주),비대상
594,공과대학,전기공학과,1,기초교양,학문의기초,XAA1358006,대학수학(1),CALCULUS(1),김흥숙,제8호관 공과대학·도시과학대학-416 강의실(소)-5[08-416], [08-416:목(2)(3)(4)], [08-416:목(10:00~10:50)(11:00~11:50)(12:00~12:50)],50분(표준),3,일반과목,강의(이론),상대평가,일반(1~15주),비대상
595,공과대학,전기공학과,1,전공핵심,전공핵심,EP01004001,컴퓨터프로그래밍,COMPUTER PROGRAMMING,서재완,제8호관 공과대학·도시과학대학-213 디지털실험실[08-213]," [08-213:화(2B-3),수(2B-3)]"," [08-213:화(10:30~11:45),수(10:30~11:45)]",75분,3,일반과목,강의(이론),상대평가,일반(1~15주),비대상
596,공과대학,전기공학과,1,전공핵심,전공핵심,EP01004002,컴퓨터프로그래밍,COMPUTER PROGRAMMING,강동우,제8호관 공과대학·도시과학대학-213 디지털실험실[08-213]," [08-213:월(7-8A),화(4-5A)]"," [08-213:월(15:00~16:15),화(12:00~13:15)]",75분,3,일반과목,강의(이론),상대평가,일반(1~15주),비대상
597,공과대학,전기공학과,2,전공기초,전공기초,0006742001,공학수학(1),ENGINEERING  MATHEMATICS(1),안덕주,"제8호관 공과대학·도시과학대학-101 기계제도실[08-101], 제8호관 공과대학·도시과학대학-386 강의실(중)-1[08-386]", [08-101:월(2B-3)] [08-386:금(2B-3)], [08-101:월(10:30~11:45)] [08-386:금(10:30~11:45)],75분,3,일반과목,강의(이론),상대평가,일반(1~15주),비대상
598,공과대학,전기공학과,2,전공기초,전공기초,0006742002,공학수학(1),ENGINEERING  MATHEMATICS(1),안덕주,제8호관 공과대학·도시과학대학-386 강의실(중)-1[08-386]," [08-386:화(2B-3),금(5B-6)]"," [08-386:화(10:30~11:45),금(13:30~14:45)]",75분,3,일반과목,강의(이론),상대평가,일반(1~15주),비대상
599,공과대학,전기공학과,2,전공기초,전공기초,EPB6068001,전기.전자기초실험,ELECTRIC AND ELECTRONIC  BASIC EXPERIMENT,김준석,제8호관 공과대학·도시과학대학-224 전기설계실험실[08-224], [08-224:목(2)(3)], [08-224:목(10:00~10:50)(11:00~11:50)],50분(표준),1,일반과목,실험실습,절대평가,일반(1~15주),비대상
600,공과대학,전기공학과,2,전공기초,전공기초,EPB6068002,전기.전자기초실험,ELECTRIC AND ELECTRONIC  BASIC EXPERIMENT,김준석,제8호관 공과대학·도시과학대학-224 전기설계실험실[08-224], [08-224:목(4)(5)], [08-224:목(12:00~12:50)(13:00~13:50)],50분(표준),1,일반과목,실험실습,절대평가,일반(1~15주),비대상
601,공과대학,전기공학과,2,전공기초,전공기초,EPB6068003,전기.전자기초실험,ELECTRIC AND ELECTRONIC  BASIC EXPERIMENT,김용하,제8호관 공과대학·도시과학대학-224 전기설계실험실[08-224], [08-224:목(6)(7)], [08-224:목(14:00~14:50)(15:00~15:50)],50분(표준),1,일반과목,실험실습,절대평가,일반(1~15주),비대상
602,공과대학,전기공학과,2,전공기초,전공기초,EPB6068004,전기.전자기초실험,ELECTRIC AND ELECTRONIC  BASIC EXPERIMENT,김용하,제8호관 공과대학·도시과학대학-224 전기설계실험실[08-224], [08-224:목(8)(9)], [08-224:목(16:00~16:50)(17:00~17:50)],50분(표준),1,일반과목,실험실습,절대평가,일반(1~15주),비대상
603,공과대학,전기공학과,2,전공핵심,전공핵심,EPB6001001,전자기학(1),ELECTRO MAGNETICS(1),이우찬,"제8호관 공과대학·도시과학대학-322 강의실(중)-3[08-322], 제8호관 공과대학·도시과학대학-386 강의실(중)-1[08-386]", [08-322:월(4-5A)] [08-386:화(7-8A)], [08-322:월(12:00~13:15)] [08-386:화(15:00~16:15)],75분,3,일반과목,강의(이론),상대평가,일반(1~15주),비대상
604,공과대학,전기공학과,2,전공핵심,전공핵심,EPB6001002,전자기학(1),ELECTRO MAGNETICS(1),이우찬,제8호관 공과대학·도시과학대학-322 강의실(중)-3[08-322]," [08-322:화(4-5A),수(8B-9)]"," [08-322:화(12:00~13:15),수(16:30~17:45)]",75분,3,일반과목,강의(이론),상대평가,일반(1~15주),비대상
605,공과대학,전기공학과,2,전공핵심,전공핵심,EPB6002001,회로이론(1),CIRCUIT THEORY(1),정영식,제8호관 공과대학·도시과학대학-438 강의실[08-438], [08-438:수(1-2A)(2B-3)], [08-438:수(09:00~10:15)(10:30~11:45)],75분,3,일반과목,강의(이론),상대평가,일반(1~15주),비대상
606,공과대학,전기공학과,2,전공핵심,전공핵심,EPB6002002,회로이론(1),CIRCUIT THEORY(1),정영식,제8호관 공과대학·도시과학대학-438 강의실[08-438], [08-438:수(5B-6)(7-8A)], [08-438:수(13:30~14:45)(15:00~16:15)],75분,3,일반과목,강의(이론),상대평가,일반(1~15주),비대상
607,공과대학,전기공학과,2,전공심화,전공심화,0002687001,디지털공학개론,Digital Engineering,최현규,"제8호관 공과대학·도시과학대학-101 기계제도실[08-101], 제8호관 공과대학·도시과학대학-386 강의실(중)-1[08-386]", [08-101:화(1-2A)] [08-386:월(8B-9)], [08-101:화(09:00~10:15)] [08-386:월(16:30~17:45)],75분,3,일반과목,강의(이론),상대평가,일반(1~15주),비대상
608,공과대학,전기공학과,2,전공심화,전공심화,0006696001,기초반도체공학,INTRODUCTION TO SEMICONDUCTOR DEVICES AND ENGINEERING,MORE VIVEK MOHAN,제8호관 공과대학·도시과학대학-386 강의실(중)-1[08-386], [08-386:금(7-8A)(8B-9)], [08-386:금(15:00~16:15)(16:30~17:45)],75분,3,일반과목,강의(이론),절대평가,일반(1~15주),원어강의(EN)
609,공과대학,전기공학과,2,전공심화,전공심화,0010077001,응용선형대수,Applied Linear Algebra,이동길,"제8호관 공과대학·도시과학대학-101 기계제도실[08-101], 제8호관 공과대학·도시과학대학-386 강의실(중)-1[08-386]", [08-101:월(1-2A)] [08-386:금(1-2A)], [08-101:월(09:00~10:15)] [08-386:금(09:00~10:15)],75분,3,일반과목,온라인혼합형강좌,상대평가,일반(1~15주),비대상
610,공과대학,전기공학과,2,전공심화,전공심화,0010456001,전기에너지와이노베이션,Electric Energy and Innovation,김학만,제8호관 공과대학·도시과학대학-386 강의실(중)-1[08-386]," [08-386:화(5B-6),수(4-5A)]"," [08-386:화(13:30~14:45),수(12:00~13:15)]",75분,3,일반과목,온라인혼합형강좌,상대평가,일반(1~15주),비대상
611,공과대학,전기공학과,3,전공기초,전공기초,EK06058001,전기실험(2),ELECTRIC EXPERIMENT(2),윤주형,제8호관 공과대학·도시과학대학-224 전기설계실험실[08-224], [08-224:화(2)(3)], [08-224:화(10:00~10:50)(11:00~11:50)],50분(표준),1,일반과목,실험실습,절대평가,일반(1~15주),비대상
612,공과대학,전기공학과,3,전공기초,전공기초,EK06058002,전기실험(2),ELECTRIC EXPERIMENT(2),윤주형,제8호관 공과대학·도시과학대학-224 전기설계실험실[08-224], [08-224:화(4)(5)], [08-224:화(12:00~12:50)(13:00~13:50)],50분(표준),1,일반과목,실험실습,절대평가,일반(1~15주),비대상
613,공과대학,전기공학과,3,전공기초,전공기초,EK06058003,전기실험(2),ELECTRIC EXPERIMENT(2),우정민,제8호관 공과대학·도시과학대학-224 전기설계실험실[08-224], [08-224:금(2)(3)], [08-224:금(10:00~10:50)(11:00~11:50)],50분(표준),1,일반과목,실험실습,절대평가,일반(1~15주),비대상
614,공과대학,전기공학과,3,전공기초,전공기초,EK06058004,전기실험(2),ELECTRIC EXPERIMENT(2),우정민,제8호관 공과대학·도시과학대학-224 전기설계실험실[08-224], [08-224:금(4)(5)], [08-224:금(12:00~12:50)(13:00~13:50)],50분(표준),1,일반과목,실험실습,절대평가,일반(1~15주),비대상
615,공과대학,전기공학과,3,전공핵심,전공핵심,0004216001,전기물성론,Electrical Materials Science and Engineering,김준동,제8호관 공과대학·도시과학대학-515 세미나실(대)[08-515]," [08-515:월(7)(8),화(1)]"," [08-515:월(15:00~15:50)(16:00~16:50),화(09:00~09:50)]",50분(표준),3,일반과목,온라인혼합형강좌,절대평가,일반(1~15주),원어강의(EN)
616,공과대학,전기공학과,3,전공핵심,전공핵심,0006706001,전기기기(1),ELECTRIC MACHINERY(1),허진,제8호관 공과대학·도시과학대학-322 강의실(중)-3[08-322]," [08-322:월(2B-3),수(1-2A)]"," [08-322:월(10:30~11:45),수(09:00~10:15)]",75분,3,일반과목,강의(이론),상대평가,일반(1~15주),비대상
617,공과대학,전기공학과,3,전공핵심,전공핵심,0006706002,전기기기(1),ELECTRIC MACHINERY(1),강동우,"제8호관 공과대학·도시과학대학-101 기계제도실[08-101], 제8호관 공과대학·도시과학대학-438 강의실[08-438]", [08-101:수(2B-3)] [08-438:월(4-5A)], [08-101:수(10:30~11:45)] [08-438:월(12:00~13:15)],75분,3,일반과목,강의(이론),상대평가,일반(1~15주),비대상
618,공과대학,전기공학과,3,전공핵심,전공핵심,EPB6023001,전력전자공학,POWER ELECTRONICS,윤한신,"제8호관 공과대학·도시과학대학-322 강의실(중)-3[08-322], 제8호관 공과대학·도시과학대학-386 강의실(중)-1[08-386]", [08-322:목(5B-6)] [08-386:수(5B-6)], [08-322:목(13:30~14:45)] [08-386:수(13:30~14:45)],75분,3,일반과목,강의(이론),상대평가,일반(1~15주),비대상
619,공과대학,전기공학과,3,전공핵심,전공핵심,EPB6023002,전력전자공학,POWER ELECTRONICS,최현규,제8호관 공과대학·도시과학대학-438 강의실[08-438]," [08-438:월(5B-6),수(4-5A)]"," [08-438:월(13:30~14:45),수(12:00~13:15)]",75분,3,일반과목,강의(이론),상대평가,일반(1~15주),비대상
620,공과대학,전기공학과,3,전공심화,전공심화,0006705001,에너지발생 및 운용,ENERGY GENERATION AND MANAGEMENT,김용하,제8호관 공과대학·도시과학대학-322 강의실(중)-3[08-322], [08-322:목(2B-3)(4-5A)], [08-322:목(10:30~11:45)(12:00~13:15)],75분,3,일반과목,강의(이론),상대평가,일반(1~15주),비대상
621,공과대학,전기공학과,3,전공심화,전공심화,0008868001,인공지능개론,Introduction to Artificial Intelligence,이명훈,"제8호관 공과대학·도시과학대학-322 강의실(중)-3[08-322], 제8호관 공과대학·도시과학대학-386 강의실(중)-1[08-386]", [08-322:목(1-2A)] [08-386:수(7-8A)], [08-322:목(09:00~10:15)] [08-386:수(15:00~16:15)],75분,3,일반과목,강의(이론),상대평가,일반(1~15주),비대상
622,공과대학,전기공학과,3,전공심화,전공심화,EPB6016001,전기응용,ELECTRIC APPLICATION,우정민,"제8호관 공과대학·도시과학대학-101 기계제도실[08-101], 제8호관 공과대학·도시과학대학-438 강의실[08-438]", [08-101:목(9)] [08-438:화(6)(7)], [08-101:목(17:00~17:50)] [08-438:화(14:00~14:50)(15:00~15:50)],50분(표준),3,일반과목,강의(이론),상대평가,일반(1~15주),비대상
623,공과대학,전기공학과,3,전공심화,전공심화,EPB6028001,신호및시스템,SIGNAL AND SYSTEMS,이명훈,"제8호관 공과대학·도시과학대학-386 강의실(중)-1[08-386], 제8호관 공과대학·도시과학대학-438 강의실[08-438]", [08-386:목(7-8A)] [08-438:수(8B-9)], [08-386:목(15:00~16:15)] [08-438:수(16:30~17:45)],75분,3,일반과목,강의(이론),상대평가,일반(1~15주),비대상
624,공과대학,전기공학과,4,전공심화,전공심화,0002800001,신재생에너지공학,Renewable Energy Engineering,김학만,"제8호관 공과대학·도시과학대학-272 강의실[08-272], 제8호관 공과대학·도시과학대학-416 강의실(소)-5[08-416]", [08-272:화(7-8A)] [08-416:수(1-2A)], [08-272:화(15:00~16:15)] [08-416:수(09:00~10:15)],75분,3,일반과목,온라인혼합형강좌,상대평가,일반(1~15주),비대상
625,공과대학,전기공학과,4,전공심화,전공심화,0006687001,캡스톤설계(1),CAPSTON DESIGN(1),김준석,제8호관 공과대학·도시과학대학-211 기초전기실험실[08-211], [08-211:목(6)(7)(8)(9)], [08-211:목(14:00~14:50)(15:00~15:50)(16:00~16:50)(17:00~17:50)],50분(표준),2,일반과목,실험실습,절대평가,일반(1~15주),비대상
626,공과대학,전기공학과,4,전공심화,전공심화,0006687002,캡스톤설계(1),CAPSTON DESIGN(1),이동길,제8호관 공과대학·도시과학대학-213 디지털실험실[08-213], [08-213:목(6)(7)(8)(9)], [08-213:목(14:00~14:50)(15:00~15:50)(16:00~16:50)(17:00~17:50)],50분(표준),2,일반과목,실험실습,절대평가,일반(1~15주),비대상
627,공과대학,전기공학과,4,전공심화,전공심화,0006687003,캡스톤설계(1),CAPSTON DESIGN(1),서재완,제8호관 공과대학·도시과학대학-212 전기기계실험실[08-212], [08-212:목(6)(7)(8)(9)], [08-212:목(14:00~14:50)(15:00~15:50)(16:00~16:50)(17:00~17:50)],50분(표준),2,일반과목,실험실습,절대평가,일반(1~15주),비대상
628,공과대학,전기공학과,4,전공심화,전공심화,0006688001,광전기에너지공학,OPTO-ELECTRIC ENERGY APPLICATION ENGINEERING,윤주형,"제8호관 공과대학·도시과학대학-272 강의실[08-272], 제8호관 공과대학·도시과학대학-482 강의실(소)-4  [08-482]", [08-272:수(7-8A)] [08-482:월(5B-6)], [08-272:수(15:00~16:15)] [08-482:월(13:30~14:45)],75분,3,일반과목,강의(이론),절대평가,일반(1~15주),원어강의(EN)
629,공과대학,전기공학과,4,전공심화,전공심화,0006701001,송배전설계,TRANSMISSION AND DISTRIBUTION SYSTEM DESIGN,서재완,제8호관 공과대학·도시과학대학-213 디지털실험실[08-213]," [08-213:수(5)(6),금(5)(6)]"," [08-213:수(13:00~13:50)(14:00~14:50),금(13:00~13:50)(14:00~14:50)]",50분(표준),3,일반과목,이론실험실습,절대평가,일반(1~15주),비대상
630,공과대학,전기공학과,4,전공심화,전공심화,0007845001,무선에너지변환,Wireless power conversion,안덕주,제8호관 공과대학·도시과학대학-272 강의실[08-272]," [08-272:월(1-2A),화(8B-9)]"," [08-272:월(09:00~10:15),화(16:30~17:45)]",75분,3,일반과목,e-Learning,상대평가,일반(1~15주),비대상
631,공과대학,전기공학과,4,전공심화,전공심화,0010457001,전기기기제어론,Electric Machine Control,김준석,제8호관 공과대학·도시과학대학-416 강의실(소)-5[08-416]," [08-416:월(4-5A),화(5B-6)]"," [08-416:월(12:00~13:15),화(13:30~14:45)]",75분,3,일반과목,온라인혼합형강좌,상대평가,일반(1~15주),비대상
632,공과대학,전기공학과,4,전공심화,전공심화,0012357001,현대제어,Modern Control,이동길,"제8호관 공과대학·도시과학대학-416 강의실(소)-5[08-416], 제8호관 공과대학·도시과학대학-482 강의실(소)-4  [08-482]", [08-416:화(2B-3)] [08-482:월(2B-3)], [08-416:화(10:30~11:45)] [08-482:월(10:30~11:45)],75분,3,일반과목,온라인혼합형강좌,상대평가,일반(1~15주),비대상
633,공과대학,전자공학과,4,전공핵심,전공핵심,0009982001,캡스턴디자인1,Capstone Design1,서정현,제8호관 공과대학·도시과학대학-419 캡스턴디자인실습실1[08-419]," [08-419:화(2B-3),수(8B-9)]"," [08-419:화(10:30~11:45),수(16:30~17:45)]",75분,3,일반과목,강의(이론),절대평가,일반(1~15주),비대상
634,공과대학,전자공학과,4,전공핵심,전공핵심,0009982002,캡스턴디자인1,Capstone Design1,양운근,제8호관 공과대학·도시과학대학-325 디지털회로실험실[08-325], [08-325:수(8B-9)(야1-2A)], [08-325:수(16:30~17:45)(18:00~19:15)],75분,3,일반과목,강의(이론),절대평가,일반(1~15주),비대상
635,공과대학,전자공학과,4,전공핵심,전공핵심,0009982003,캡스턴디자인1,Capstone Design1,홍연찬,제8호관 공과대학·도시과학대학-419 캡스턴디자인실습실1[08-419], [08-419:화(7-8A)(8B-9)], [08-419:화(15:00~16:15)(16:30~17:45)],75분,3,일반과목,강의(이론),절대평가,일반(1~15주),비대상
636,공과대학,전자공학과,4,전공핵심,전공핵심,0009982004,캡스턴디자인1,Capstone Design1,홍연찬,제8호관 공과대학·도시과학대학-419 캡스턴디자인실습실1[08-419], [08-419:화(야1-2A)(야2B-3)], [08-419:화(18:00~19:15)(19:25~20:40)],75분,3,일반과목,강의(이론),절대평가,일반(1~15주),비대상
637,공과대학,전자공학과,4,전공심화,전공심화,EPC6027001,제어공학,CONTROL ENGINEERING,유세선,제8호관 공과대학·도시과학대학-518 강의실(대)-계단식[08-518]," [08-518:수(2B-3),목(5B-6)]"," [08-518:수(10:30~11:45),목(13:30~14:45)]",75분,3,일반과목,강의(이론),절대평가,일반(1~15주),원어강의(EN)
638,공과대학,전자공학과,4,전공심화,전공심화,EPC6027002,제어공학,CONTROL ENGINEERING,유세선,제8호관 공과대학·도시과학대학-518 강의실(대)-계단식[08-518]," [08-518:수(1-2A),목(2B-3)]"," [08-518:수(09:00~10:15),목(10:30~11:45)]",75분,3,일반과목,강의(이론),절대평가,일반(1~15주),원어강의(EN)
639,공과대학,전자공학과,4,전공심화,전공심화,EPC6058001,아날로그집적회로,ANALOG INTEGRATED CIRCUITS,송준영,제8호관 공과대학·도시과학대학-419 캡스턴디자인실습실1[08-419]," [08-419:수(7-8A),목(7-8A)]"," [08-419:수(15:00~16:15),목(15:00~16:15)]",75분,3,일반과목,강의(이론),상대평가,일반(1~15주),비대상
640,공과대학,전자공학과,4,전공심화,전공심화,EPC6069001,고체전자소자,SOLID STATE ELECTRONIC DEVICE,김태훈,제8호관 공과대학·도시과학대학-518 강의실(대)-계단식[08-518]," [08-518:화(5B-6),목(8B-9)]"," [08-518:화(13:30~14:45),목(16:30~17:45)]",75분,3,일반과목,강의(이론),상대평가,일반(1~15주),비대상
641,공과대학,전자공학부,전학년,전공심화,전공심화,0009062027,RISE,RISE,변상원,,,,50분(표준),3,일반과목,RISE(시간표 없음),이수인정,일반(1~15주),비대상
642,공과대학,전자공학부,전학년,전공심화,전공심화,0009062028,RISE,RISE,이영훈,,,,50분(표준),3,일반과목,RISE(시간표 없음),이수인정,일반(1~15주),비대상
643,공과대학,전자공학부,전학년,전공심화,전공심화,0009062029,RISE,RISE,정은교,,,,50분(표준),3,일반과목,RISE(시간표 없음),이수인정,일반(1~15주),비대상
644,공과대학,전자공학부,1,기초교양,기초과학ㆍ공학,XAA1077007,물리(1),PHYSICS(1),김말진,제8호관 공과대학·도시과학대학-518 강의실(대)-계단식[08-518], [08-518:화(7-8A)(8B-9)], [08-518:화(15:00~16:15)(16:30~17:45)],75분,3,일반과목,강의(이론),상대평가,일반(1~15주),비대상
645,공과대학,전자공학부,1,기초교양,기초과학ㆍ공학,XAA1077008,물리(1),PHYSICS(1),이영희,제8호관 공과대학·도시과학대학-515 세미나실(대)[08-515], [08-515:화(7-8A)(8B-9)], [08-515:화(15:00~16:15)(16:30~17:45)],75분,3,일반과목,강의(이론),상대평가,일반(1~15주),비대상
646,공과대학,전자공학부,1,기초교양,기초과학ㆍ공학,XAA1077009,물리(1),PHYSICS(1),강유리,제28호관 도시과학대학-102 강의실[28-102], [28-102:화(7-8A)(8B-9)], [28-102:화(15:00~16:15)(16:30~17:45)],75분,3,일반과목,강의(이론),상대평가,일반(1~15주),비대상
647,공과대학,전자공학부,1,기초교양,기초과학ㆍ공학,XAA1114001,선형대수학,LINEAR ALGEBRA,변윤식,제8호관 공과대학·도시과학대학-433 강의실(중)-5  [08-433]," [08-433:월(2B-3),목(7-8A)]"," [08-433:월(10:30~11:45),목(15:00~16:15)]",75분,3,일반과목,강의(이론),상대평가,일반(1~15주),비대상
648,공과대학,전자공학부,1,기초교양,기초과학ㆍ공학,XAA1114002,선형대수학,LINEAR ALGEBRA,변윤식,제8호관 공과대학·도시과학대학-433 강의실(중)-5  [08-433]," [08-433:월(5B-6),목(8B-9)]"," [08-433:월(13:30~14:45),목(16:30~17:45)]",75분,3,일반과목,강의(이론),상대평가,일반(1~15주),비대상
649,공과대학,전자공학부,1,기초교양,기초과학ㆍ공학,XAA1114003,선형대수학,LINEAR ALGEBRA,변윤식,제8호관 공과대학·도시과학대학-433 강의실(중)-5  [08-433]," [08-433:월(7-8A),목(2B-3)]"," [08-433:월(15:00~16:15),목(10:30~11:45)]",75분,3,일반과목,강의(이론),상대평가,일반(1~15주),비대상
650,공과대학,전자공학부,1,기초교양,학문의기초,XAA1358025,대학수학(1),CALCULUS(1),이혜경,제8호관 공과대학·도시과학대학-518 강의실(대)-계단식[08-518], [08-518:화(2)(3)(4)], [08-518:화(10:00~10:50)(11:00~11:50)(12:00~12:50)],50분(표준),3,일반과목,강의(이론),상대평가,일반(1~15주),비대상
651,공과대학,전자공학부,1,기초교양,학문의기초,XAA1358026,대학수학(1),CALCULUS(1),김흥숙,제8호관 공과대학·도시과학대학-433 강의실(중)-5  [08-433], [08-433:화(2)(3)(4)], [08-433:화(10:00~10:50)(11:00~11:50)(12:00~12:50)],50분(표준),3,일반과목,강의(이론),상대평가,일반(1~15주),비대상
652,공과대학,전자공학부,1,기초교양,학문의기초,XAA1358027,대학수학(1),CALCULUS(1),정유정,제8호관 공과대학·도시과학대학-515 세미나실(대)[08-515], [08-515:화(2)(3)(4)], [08-515:화(10:00~10:50)(11:00~11:50)(12:00~12:50)],50분(표준),3,일반과목,강의(이론),상대평가,일반(1~15주),비대상
653,공과대학,전자공학부,1,전공기초,전공기초,0006695001,소프트웨어입문,Introduction to Software,김교선,제8호관 공과대학·도시과학대학-326 컴퓨터실험실[08-326]," [08-326:월(5B-6),수(7-8A)]"," [08-326:월(13:30~14:45),수(15:00~16:15)]",75분,3,일반과목,강의(이론),상대평가,일반(1~15주),비대상
654,공과대학,전자공학부,1,전공기초,전공기초,0006695002,소프트웨어입문,Introduction to Software,김교선,제8호관 공과대학·도시과학대학-326 컴퓨터실험실[08-326]," [08-326:월(7-8A),화(5B-6)]"," [08-326:월(15:00~16:15),화(13:30~14:45)]",75분,3,일반과목,강의(이론),상대평가,일반(1~15주),비대상
655,공과대학,전자공학부,1,전공기초,전공기초,0006695003,소프트웨어입문,Introduction to Software,김교선,제8호관 공과대학·도시과학대학-326 컴퓨터실험실[08-326]," [08-326:월(야1-2A),수(야1-2A)]"," [08-326:월(18:00~19:15),수(18:00~19:15)]",75분,3,일반과목,강의(이론),상대평가,일반(1~15주),비대상
656,공과대학,전자공학부,2,기초교양,기초과학ㆍ공학,EPC6059001,복소함수및벡터,COMPLEX FUNCTION AND VECTOR,구경헌,제8호관 공과대학·도시과학대학-433 강의실(중)-5  [08-433]," [08-433:수(1-2A),금(2B-3)]"," [08-433:수(09:00~10:15),금(10:30~11:45)]",75분,3,일반과목,강의(이론),상대평가,일반(1~15주),비대상
657,공과대학,전자공학부,2,기초교양,기초과학ㆍ공학,EPC6059002,복소함수및벡터,COMPLEX FUNCTION AND VECTOR,구경헌,제8호관 공과대학·도시과학대학-433 강의실(중)-5  [08-433]," [08-433:수(2B-3),금(5B-6)]"," [08-433:수(10:30~11:45),금(13:30~14:45)]",75분,3,일반과목,강의(이론),상대평가,일반(1~15주),비대상
658,공과대학,전자공학부,2,기초교양,기초과학ㆍ공학,EPC6059003,복소함수및벡터,COMPLEX FUNCTION AND VECTOR,구경헌,제8호관 공과대학·도시과학대학-433 강의실(중)-5  [08-433]," [08-433:수(5B-6),금(1-2A)]"," [08-433:수(13:30~14:45),금(09:00~10:15)]",75분,3,일반과목,강의(이론),상대평가,일반(1~15주),비대상
659,공과대학,전자공학부,2,전공기초,전공기초,0007805001,스마트시스템입문,Introduction to smart systems,조정완,제8호관 공과대학·도시과학대학-326 컴퓨터실험실[08-326]," [08-326:화(1-2A),목(5B-6)]"," [08-326:화(09:00~10:15),목(13:30~14:45)]",75분,3,일반과목,강의(이론),절대평가,일반(1~15주),원어강의(EN)
660,공과대학,전자공학부,2,전공기초,전공기초,0007805002,스마트시스템입문,Introduction to smart systems,조정완,제8호관 공과대학·도시과학대학-326 컴퓨터실험실[08-326]," [08-326:화(2B-3),목(7-8A)]"," [08-326:화(10:30~11:45),목(15:00~16:15)]",75분,3,일반과목,강의(이론),절대평가,일반(1~15주),원어강의(EN)
661,공과대학,전자공학부,2,전공기초,전공기초,0007805003,스마트시스템입문,Introduction to smart systems,김영현,제8호관 공과대학·도시과학대학-326 컴퓨터실험실[08-326]," [08-326:목(4-5A),금(5B-6)]"," [08-326:목(12:00~13:15),금(13:30~14:45)]",75분,3,일반과목,강의(이론),상대평가,일반(1~15주),비대상
662,공과대학,전자공학부,2,전공기초,전공기초,0007805004,스마트시스템입문,Introduction to smart systems,김영현,제8호관 공과대학·도시과학대학-326 컴퓨터실험실[08-326]," [08-326:목(2B-3),금(7-8A)]"," [08-326:목(10:30~11:45),금(15:00~16:15)]",75분,3,일반과목,강의(이론),상대평가,일반(1~15주),비대상
663,공과대학,전자공학부,2,전공핵심,전공핵심,EPC6007001,전자기학,ELECTROMAGNETICS,서정현,제8호관 공과대학·도시과학대학-321 강의실(소)-2[08-321]," [08-321:월(7)(8),수(7)]"," [08-321:월(15:00~15:50)(16:00~16:50),수(15:00~15:50)]",50분(표준),3,일반과목,온라인혼합형강좌,상대평가,일반(1~15주),비대상
664,공과대학,전자공학부,2,전공핵심,전공핵심,EPC6007002,전자기학,ELECTROMAGNETICS,서정현,제8호관 공과대학·도시과학대학-321 강의실(소)-2[08-321]," [08-321:월(2)(3),수(4)]"," [08-321:월(10:00~10:50)(11:00~11:50),수(12:00~12:50)]",50분(표준),3,일반과목,온라인혼합형강좌,상대평가,일반(1~15주),비대상
665,공과대학,전자공학부,2,전공핵심,전공핵심,EPC6007003,전자기학,ELECTROMAGNETICS,전석희,"제8호관 공과대학·도시과학대학-321 강의실(소)-2[08-321], 제8호관 공과대학·도시과학대학-419 캡스턴디자인실습실1[08-419]", [08-321:화(7-8A)] [08-419:목(2B-3)], [08-321:화(15:00~16:15)] [08-419:목(10:30~11:45)],75분,3,일반과목,강의(이론),상대평가,일반(1~15주),비대상
666,공과대학,전자공학부,2,전공핵심,전공핵심,EPC6007004,전자기학,ELECTROMAGNETICS,전석희,"제8호관 공과대학·도시과학대학-321 강의실(소)-2[08-321], 제8호관 공과대학·도시과학대학-419 캡스턴디자인실습실1[08-419]", [08-321:화(8B-9)] [08-419:목(4-5A)], [08-321:화(16:30~17:45)] [08-419:목(12:00~13:15)],75분,3,일반과목,강의(이론),상대평가,일반(1~15주),비대상
667,공과대학,전자공학부,2,전공핵심,전공핵심,EPC6008001,디지털실험,DIGITAL EXPERIMENTS,양운근,제8호관 공과대학·도시과학대학-316 기초전자회로실험실[08-316], [08-316:화(3)(4)], [08-316:화(11:00~11:50)(12:00~12:50)],50분(표준),1,일반과목,실험실습,절대평가,일반(1~15주),비대상
668,공과대학,전자공학부,2,전공핵심,전공핵심,EPC6008002,디지털실험,DIGITAL EXPERIMENTS,양운근,제8호관 공과대학·도시과학대학-316 기초전자회로실험실[08-316], [08-316:화(6)(7)], [08-316:화(14:00~14:50)(15:00~15:50)],50분(표준),1,일반과목,실험실습,절대평가,일반(1~15주),비대상
669,공과대학,전자공학부,2,전공핵심,전공핵심,EPC6008003,디지털실험,DIGITAL EXPERIMENTS,이경순,제8호관 공과대학·도시과학대학-316 기초전자회로실험실[08-316], [08-316:월(9)(야1)], [08-316:월(17:00~17:50)(18:00~18:50)],50분(표준),1,일반과목,실험실습,절대평가,일반(1~15주),비대상
670,공과대학,전자공학부,2,전공핵심,전공핵심,EPC6008004,디지털실험,DIGITAL EXPERIMENTS,이경순,제8호관 공과대학·도시과학대학-316 기초전자회로실험실[08-316], [08-316:월(5)(6)], [08-316:월(13:00~13:50)(14:00~14:50)],50분(표준),1,일반과목,실험실습,절대평가,일반(1~15주),비대상
671,공과대학,전자공학부,2,전공핵심,전공핵심,EPC6008005,디지털실험,DIGITAL EXPERIMENTS,김영현,제8호관 공과대학·도시과학대학-316 기초전자회로실험실[08-316], [08-316:금(2)(3)], [08-316:금(10:00~10:50)(11:00~11:50)],50분(표준),1,일반과목,실험실습,절대평가,일반(1~15주),비대상
672,공과대학,전자공학부,2,전공심화,전공심화,EPC6046001,프로그래밍언어,PROGRAMMING LANGUAGE,최욱,제8호관 공과대학·도시과학대학-326 컴퓨터실험실[08-326]," [08-326:화(야1-2A),수(2B-3)]"," [08-326:화(18:00~19:15),수(10:30~11:45)]",75분,3,일반과목,강의(이론),상대평가,일반(1~15주),비대상
673,공과대학,전자공학부,2,전공심화,전공심화,EPC6046002,프로그래밍언어,PROGRAMMING LANGUAGE,최욱,제8호관 공과대학·도시과학대학-326 컴퓨터실험실[08-326]," [08-326:월(8B-9),수(5B-6)]"," [08-326:월(16:30~17:45),수(13:30~14:45)]",75분,3,일반과목,강의(이론),상대평가,일반(1~15주),비대상
674,공과대학,전자공학부,3,전공핵심,전공핵심,EPC6012001,전자회로실험,ELECTRONIC CIRCUITS LABORATORY,유종근,제8호관 공과대학·도시과학대학-317 전자회로실험실[08-317], [08-317:금(5)(6)], [08-317:금(13:00~13:50)(14:00~14:50)],50분(표준),1,일반과목,실험실습,절대평가,일반(1~15주),비대상
675,공과대학,전자공학부,3,전공핵심,전공핵심,EPC6012002,전자회로실험,ELECTRONIC CIRCUITS LABORATORY,유종근,제8호관 공과대학·도시과학대학-317 전자회로실험실[08-317], [08-317:금(2)(3)], [08-317:금(10:00~10:50)(11:00~11:50)],50분(표준),1,일반과목,실험실습,절대평가,일반(1~15주),비대상
676,공과대학,전자공학부,3,전공핵심,전공핵심,EPC6012003,전자회로실험,ELECTRONIC CIRCUITS LABORATORY,이병진,제8호관 공과대학·도시과학대학-317 전자회로실험실[08-317], [08-317:화(8)(9)], [08-317:화(16:00~16:50)(17:00~17:50)],50분(표준),1,일반과목,실험실습,절대평가,일반(1~15주),비대상
677,공과대학,전자공학부,3,전공핵심,전공핵심,EPC6012004,전자회로실험,ELECTRONIC CIRCUITS LABORATORY,이병진,제8호관 공과대학·도시과학대학-317 전자회로실험실[08-317], [08-317:화(5)(6)], [08-317:화(13:00~13:50)(14:00~14:50)],50분(표준),1,일반과목,실험실습,절대평가,일반(1~15주),비대상
678,공과대학,전자공학부,3,전공핵심,전공핵심,EPC6012005,전자회로실험,ELECTRONIC CIRCUITS LABORATORY,이병진,제8호관 공과대학·도시과학대학-317 전자회로실험실[08-317], [08-317:화(3)(4)], [08-317:화(11:00~11:50)(12:00~12:50)],50분(표준),1,일반과목,실험실습,절대평가,일반(1~15주),비대상
679,공과대학,전자공학부,3,전공핵심,전공핵심,EPC6016001,반도체소자,SEMICONDUCTOR DEVICES,정은교,제8호관 공과대학·도시과학대학-419 캡스턴디자인실습실1[08-419]," [08-419:월(2B-3),수(4-5A)]"," [08-419:월(10:30~11:45),수(12:00~13:15)]",75분,3,일반과목,온라인혼합형강좌,절대평가,일반(1~15주),원어강의(EN)
680,공과대학,전자공학부,3,전공핵심,전공핵심,EPC6016002,반도체소자,SEMICONDUCTOR DEVICES,정은교,제8호관 공과대학·도시과학대학-419 캡스턴디자인실습실1[08-419]," [08-419:월(7-8A),수(2B-3)]"," [08-419:월(15:00~16:15),수(10:30~11:45)]",75분,3,일반과목,온라인혼합형강좌,절대평가,일반(1~15주),원어강의(EN)
681,공과대학,전자공학부,3,전공핵심,전공핵심,EPC6016003,반도체소자,SEMICONDUCTOR DEVICES,이영훈,제8호관 공과대학·도시과학대학-433 강의실(중)-5  [08-433]," [08-433:화(5B-6),수(7-8A)]"," [08-433:화(13:30~14:45),수(15:00~16:15)]",75분,3,일반과목,강의(이론),상대평가,일반(1~15주),비대상
682,공과대학,전자공학부,3,전공핵심,전공핵심,EPC6050001,전자회로,ELECTRONIC CIRCUITS,유종근,제8호관 공과대학·도시과학대학-321 강의실(소)-2[08-321]," [08-321:수(2)(3),금(1)]"," [08-321:수(10:00~10:50)(11:00~11:50),금(09:00~09:50)]",50분(표준),3,일반과목,온라인혼합형강좌,상대평가,일반(1~15주),비대상
683,공과대학,전자공학부,3,전공핵심,전공핵심,EPC6050002,전자회로,ELECTRONIC CIRCUITS,유종근,제8호관 공과대학·도시과학대학-321 강의실(소)-2[08-321]," [08-321:수(5)(6),금(7)]"," [08-321:수(13:00~13:50)(14:00~14:50),금(15:00~15:50)]",50분(표준),3,일반과목,온라인혼합형강좌,상대평가,일반(1~15주),비대상
684,공과대학,전자공학부,3,전공핵심,전공핵심,EPC6050003,전자회로,ELECTRONIC CIRCUITS,유종근,제8호관 공과대학·도시과학대학-321 강의실(소)-2[08-321]," [08-321:화(2),목(2)(3)]"," [08-321:화(10:00~10:50),목(10:00~10:50)(11:00~11:50)]",50분(표준),3,일반과목,강의(이론),상대평가,일반(1~15주),비대상
685,공과대학,전자공학부,3,전공핵심,전공핵심,EPC6050004,전자회로,ELECTRONIC CIRCUITS,유종근,제8호관 공과대학·도시과학대학-321 강의실(소)-2[08-321]," [08-321:화(3),목(5)(6)]"," [08-321:화(11:00~11:50),목(13:00~13:50)(14:00~14:50)]",50분(표준),3,일반과목,강의(이론),상대평가,일반(1~15주),비대상
686,공과대학,전자공학부,3,전공심화,전공심화,0009463001,인공지능,Artificial Intelligence,조환호,제8호관 공과대학·도시과학대학-325 디지털회로실험실[08-325]," [08-325:월(5B-6),목(5B-6)]"," [08-325:월(13:30~14:45),목(13:30~14:45)]",75분,3,일반과목,강의(이론),절대평가,일반(1~15주),원어강의(EN)
687,공과대학,전자공학부,3,전공심화,전공심화,0009463002,인공지능,Artificial Intelligence,조환호,제8호관 공과대학·도시과학대학-325 디지털회로실험실[08-325]," [08-325:월(2B-3),목(2B-3)]"," [08-325:월(10:30~11:45),목(10:30~11:45)]",75분,3,일반과목,강의(이론),절대평가,일반(1~15주),원어강의(EN)
688,공과대학,전자공학부,3,전공심화,전공심화,EPC6017001,신호및시스템,SIGNALS AND SYSTEMS,변상원,제8호관 공과대학·도시과학대학-518 강의실(대)-계단식[08-518]," [08-518:수(5B-6),금(7-8A)]"," [08-518:수(13:30~14:45),금(15:00~16:15)]",75분,3,일반과목,온라인혼합형강좌,상대평가,일반(1~15주),비대상
689,공과대학,전자공학부,3,전공심화,전공심화,EPC6017002,신호및시스템,SIGNALS AND SYSTEMS,변상원,제8호관 공과대학·도시과학대학-518 강의실(대)-계단식[08-518]," [08-518:수(7-8A),금(5B-6)]"," [08-518:수(15:00~16:15),금(13:30~14:45)]",75분,3,일반과목,온라인혼합형강좌,상대평가,일반(1~15주),비대상
690,공과대학,전자공학전공,2,전공핵심,전공핵심,EC06113001,회로이론,CIRCUIT THEORY,박창주,제8호관 공과대학·도시과학대학-518 강의실(대)-계단식[08-518]," [08-518:월(2B-3),목(1-2A)]"," [08-518:월(10:30~11:45),목(09:00~10:15)]",75분,3,일반과목,강의(이론),절대평가,일반(1~15주),원어강의(EN)
691,공과대학,전자공학전공,2,전공핵심,전공핵심,EC06113002,회로이론,CIRCUIT THEORY,박창주,"제8호관 공과대학·도시과학대학-433 강의실(중)-5  [08-433], 제8호관 공과대학·도시과학대학-518 강의실(대)-계단식[08-518]", [08-433:목(5B-6)] [08-518:월(7-8A)], [08-433:목(13:30~14:45)] [08-518:월(15:00~16:15)],75분,3,일반과목,강의(이론),절대평가,일반(1~15주),원어강의(EN)
692,공과대학,전자공학전공,2,전공핵심,전공핵심,EC06113003,회로이론,CIRCUIT THEORY,김태훈,"제8호관 공과대학·도시과학대학-433 강의실(중)-5  [08-433], 제8호관 공과대학·도시과학대학-518 강의실(대)-계단식[08-518]", [08-433:화(8B-9)] [08-518:목(7-8A)], [08-433:화(16:30~17:45)] [08-518:목(15:00~16:15)],75분,3,일반과목,강의(이론),상대평가,일반(1~15주),비대상
693,공과대학,전자공학전공,3,전공심화,전공심화,EPC6015001,전파공학,RADIO ENGINEERING,윤영노,제8호관 공과대학·도시과학대학-223 스마트시스템 실습실[08-223]," [08-223:월(4-5A),목(4-5A)]"," [08-223:월(12:00~13:15),목(12:00~13:15)]",75분,3,일반과목,강의(이론),절대평가,일반(1~15주),원어강의(EN)
694,공과대학,전자공학전공,3,전공심화,전공심화,EPC6015002,전파공학,RADIO ENGINEERING,윤영노,제8호관 공과대학·도시과학대학-223 스마트시스템 실습실[08-223]," [08-223:월(5B-6),목(7-8A)]"," [08-223:월(13:30~14:45),목(15:00~16:15)]",75분,3,일반과목,강의(이론),절대평가,일반(1~15주),원어강의(EN)
695,공과대학,전자공학전공,3,전공심화,전공심화,EPC6015003,전파공학,RADIO ENGINEERING,김영현,제8호관 공과대학·도시과학대학-325 디지털회로실험실[08-325], [08-325:목(7-8A)(8B-9)], [08-325:목(15:00~16:15)(16:30~17:45)],75분,3,일반과목,강의(이론),상대평가,일반(1~15주),비대상
696,공과대학,전자공학전공,3,전공심화,전공심화,EPC6051001,통신이론,COMMUNICATION THEORY,윤석현,제8호관 공과대학·도시과학대학-518 강의실(대)-계단식[08-518]," [08-518:월(8B-9),수(8B-9)]"," [08-518:월(16:30~17:45),수(16:30~17:45)]",75분,3,일반과목,강의(이론),절대평가,일반(1~15주),원어강의(EN)
697,공과대학,전자공학전공,4,전공심화,전공심화,0012496001,이동통신공학,Wireless Communication System,윤석현,제8호관 공과대학·도시과학대학-419 캡스턴디자인실습실1[08-419]," [08-419:수(5B-6),목(5B-6)]"," [08-419:수(13:30~14:45),목(13:30~14:45)]",75분,3,일반과목,강의(이론),절대평가,일반(1~15주),원어강의(EN)
698,공과대학,반도체융합전공,2,전공핵심,전공핵심,0012359001,회로이론및실습,Circuit Theory and Practice,송준영,"제8호관 공과대학·도시과학대학-321 강의실(소)-2[08-321], 제8호관 공과대학·도시과학대학-326 컴퓨터실험실[08-326]", [08-321:월(5)(6)] [08-326:목(9)(야1)], [08-321:월(13:00~13:50)(14:00~14:50)] [08-326:목(17:00~17:50)(18:00~18:50)],50분(표준),3,일반과목,이론실험실습,상대평가,일반(1~15주),비대상
699,공과대학,반도체융합전공,2,전공심화,전공심화,0012360001,CAD알고리즘,CAD Algorithm,김교선,제8호관 공과대학·도시과학대학-326 컴퓨터실험실[08-326]," [08-326:월(1-2A),수(4-5A)]"," [08-326:월(09:00~10:15),수(12:00~13:15)]",75분,3,일반과목,e-Learning,상대평가,일반(1~15주),비대상
700,공과대학,산업경영공학과,전학년,전공심화,전공심화,0009062030,RISE,RISE,최서빈,,,,50분(표준),3,일반과목,RISE(시간표 없음),이수인정,일반(1~15주),비대상
701,공과대학,산업경영공학과,1,기초교양,학문의기초,XAA1358023,대학수학(1),CALCULUS(1),이미혜,제8호관 공과대학·도시과학대학-483 강의실(중)-4[08-483], [08-483:목(1)(2)(3)], [08-483:목(09:00~09:50)(10:00~10:50)(11:00~11:50)],50분(표준),3,일반과목,강의(이론),상대평가,일반(1~15주),비대상
702,공과대학,산업경영공학과,1,기초교양,학문의기초,XAA1358024,대학수학(1),CALCULUS(1),정유정,제8호관 공과대학·도시과학대학-502 강의실(소)-7[08-502], [08-502:목(1)(2)(3)], [08-502:목(09:00~09:50)(10:00~10:50)(11:00~11:50)],50분(표준),3,일반과목,강의(이론),상대평가,일반(1~15주),비대상
703,공과대학,산업경영공학과,1,전공심화,전공심화,0004867001,산업경영공학개론,Introduction to Industrial and Management Engineering,장석화,제8호관 공과대학·도시과학대학-483 강의실(중)-4[08-483], [08-483:월(2B-3)(4-5A)], [08-483:월(10:30~11:45)(12:00~13:15)],75분,3,일반과목,강의(이론),상대평가,일반(1~15주),비대상
704,공과대학,산업경영공학과,1,전공심화,전공심화,0004867002,산업경영공학개론,Introduction to Industrial and Management Engineering,장석화,제8호관 공과대학·도시과학대학-502 강의실(소)-7[08-502], [08-502:월(7-8A)(8B-9)], [08-502:월(15:00~16:15)(16:30~17:45)],75분,3,일반과목,강의(이론),상대평가,일반(1~15주),비대상
705,공과대학,산업경영공학과,1,전공심화,전공심화,0012362001,생성형AI활용,Generative AI Applications,이준혁,제8호관 공과대학·도시과학대학-483 강의실(중)-4[08-483]," [08-483:화(야1-2A),목(야1-2A)]"," [08-483:화(18:00~19:15),목(18:00~19:15)]",75분,3,일반과목,e-Learning(HUSS),상대평가,일반(1~15주),비대상
706,공과대학,산업경영공학과,2,전공기초,전공기초,EPG7025001,확률및통계(1),PROBABILITY AND STATISTICS(1),류도현,제8호관 공과대학·도시과학대학-479 산경 컨퍼런스룸[08-479]," [08-479:월(5B-6),목(4-5A)]"," [08-479:월(13:30~14:45),목(12:00~13:15)]",75분,3,일반과목,강의(이론),상대평가,일반(1~15주),비대상
707,공과대학,산업경영공학과,2,전공기초,전공기초,EPG7025002,확률및통계(1),PROBABILITY AND STATISTICS(1),류도현,제8호관 공과대학·도시과학대학-483 강의실(중)-4[08-483]," [08-483:월(7-8A),목(5B-6)]"," [08-483:월(15:00~16:15),목(13:30~14:45)]",75분,3,일반과목,강의(이론),상대평가,일반(1~15주),비대상
708,공과대학,산업경영공학과,2,전공핵심,전공핵심,0010909001,확정적경영과학,Deterministic Operations Research,이종헌,제8호관 공과대학·도시과학대학-479 산경 컨퍼런스룸[08-479]," [08-479:월(1-2A),수(2B-3)]"," [08-479:월(09:00~10:15),수(10:30~11:45)]",75분,3,일반과목,강의(이론),상대평가,일반(1~15주),비대상
709,공과대학,산업경영공학과,2,전공핵심,전공핵심,0010909002,확정적경영과학,Deterministic Operations Research,이종헌,"제8호관 공과대학·도시과학대학-483 강의실(중)-4[08-483], 제8호관 공과대학·도시과학대학-502 강의실(소)-7[08-502]", [08-483:수(4-5A)] [08-502:월(2B-3)], [08-483:수(12:00~13:15)] [08-502:월(10:30~11:45)],75분,3,일반과목,강의(이론),상대평가,일반(1~15주),비대상
710,공과대학,산업경영공학과,2,전공핵심,전공핵심,EPG6063001,인간공학,HUMAN FACTORS/ERGONOMICS,최서빈,"제8호관 공과대학·도시과학대학-479 산경 컨퍼런스룸[08-479], 제8호관 공과대학·도시과학대학-483 강의실(중)-4[08-483]", [08-479:월(4-5A)] [08-483:수(5B-6)], [08-479:월(12:00~13:15)] [08-483:수(13:30~14:45)],75분,3,일반과목,강의(이론),상대평가,일반(1~15주),비대상
711,공과대학,산업경영공학과,2,전공핵심,전공핵심,EPG6063002,인간공학,HUMAN FACTORS/ERGONOMICS,최서빈,제8호관 공과대학·도시과학대학-483 강의실(중)-4[08-483]," [08-483:월(8B-9),수(7-8A)]"," [08-483:월(16:30~17:45),수(15:00~16:15)]",75분,3,일반과목,강의(이론),상대평가,일반(1~15주),비대상
712,공과대학,산업경영공학과,2,전공심화,전공심화,EPG7006001,데이터베이스,DATABASE,이세린,제8호관 공과대학·도시과학대학-401 컴퓨터실습실[08-401]," [08-401:화(2B-3),수(8B-9)]"," [08-401:화(10:30~11:45),수(16:30~17:45)]",75분,3,일반과목,강의(이론),절대평가,일반(1~15주),원어강의(EN)
713,공과대학,산업경영공학과,3,전공핵심,전공핵심,0010908001,제품개발프로세스,Product Development Process,박기정,제8호관 공과대학·도시과학대학-479 산경 컨퍼런스룸[08-479]," [08-479:화(1-2A),목(5B-6)]"," [08-479:화(09:00~10:15),목(13:30~14:45)]",75분,3,일반과목,강의(이론),상대평가,일반(1~15주),비대상
714,공과대학,산업경영공학과,3,전공핵심,전공핵심,0010908002,제품개발프로세스,Product Development Process,박기정,제8호관 공과대학·도시과학대학-483 강의실(중)-4[08-483]," [08-483:화(2B-3),목(7-8A)]"," [08-483:화(10:30~11:45),목(15:00~16:15)]",75분,3,일반과목,강의(이론),상대평가,일반(1~15주),비대상
715,공과대학,산업경영공학과,3,전공핵심,전공핵심,0011899001,품질공학,Quality engineering,정영배,제8호관 공과대학·도시과학대학-483 강의실(중)-4[08-483], [08-483:금(2)(3)(4)], [08-483:금(10:00~10:50)(11:00~11:50)(12:00~12:50)],50분(표준),3,일반과목,강의(이론),상대평가,일반(1~15주),비대상
716,공과대학,산업경영공학과,3,전공핵심,전공핵심,0011899002,품질공학,Quality engineering,정영배,제8호관 공과대학·도시과학대학-483 강의실(중)-4[08-483], [08-483:금(7)(8)(9)], [08-483:금(15:00~15:50)(16:00~16:50)(17:00~17:50)],50분(표준),3,일반과목,강의(이론),상대평가,일반(1~15주),비대상
717,공과대학,산업경영공학과,3,전공심화,전공심화,0002686001,금융공학개론,INTRODUCTION TO FINANCIAL ENGINEERING,정지혁,"제8호관 공과대학·도시과학대학-479 산경 컨퍼런스룸[08-479], 제8호관 공과대학·도시과학대학-483 강의실(중)-4[08-483]", [08-479:수(1-2A)] [08-483:목(4-5A)], [08-479:수(09:00~10:15)] [08-483:목(12:00~13:15)],75분,3,일반과목,강의(이론),상대평가,일반(1~15주),비대상
718,공과대학,산업경영공학과,3,전공심화,전공심화,0010906001,인간공학적실험평가론,Ergonomics Lab and Evaluation,최서빈,제8호관 공과대학·도시과학대학-583 인간공학실험실[08-583]," [08-583:화(7-8A),수(2B-3)]"," [08-583:화(15:00~16:15),수(10:30~11:45)]",75분,3,일반과목,강의(이론),상대평가,일반(1~15주),비대상
719,공과대학,산업경영공학과,3,전공심화,전공심화,0012363001,최적화모형및응용,Optimization Models and Applications,이종헌,"제8호관 공과대학·도시과학대학-401 컴퓨터실습실[08-401], 제8호관 공과대학·도시과학대학-479 산경 컨퍼런스룸[08-479]", [08-401:목(2B-3)] [08-479:월(8B-9)], [08-401:목(10:30~11:45)] [08-479:월(16:30~17:45)],75분,3,일반과목,강의(이론),상대평가,일반(1~15주),비대상
720,공과대학,산업경영공학과,3,전공심화,전공심화,EPG6057001,생산통제,PRODUCTION CONTROL,김병수,"제8호관 공과대학·도시과학대학-478 비즈니스솔루션실습실[08-478], 제8호관 공과대학·도시과학대학-483 강의실(중)-4[08-483]", [08-478:수(5B-6)] [08-483:화(5B-6)], [08-478:수(13:30~14:45)] [08-483:화(13:30~14:45)],75분,3,일반과목,온라인혼합형강좌,상대평가,일반(1~15주),비대상
721,공과대학,산업경영공학과,3,전공심화,전공심화,FE06064002,데이터마이닝,Data Mining,류도현,제8호관 공과대학·도시과학대학-479 산경 컨퍼런스룸[08-479]," [08-479:화(4-5A),목(8B-9)]"," [08-479:화(12:00~13:15),목(16:30~17:45)]",75분,3,일반과목,강의(이론),상대평가,일반(1~15주),비대상
722,공과대학,산업경영공학과,4,전공핵심,전공핵심,EPG7032001,시스템종합설계,CAPSTONE DESIGN,유우식,"제8호관 공과대학·도시과학대학-478 비즈니스솔루션실습실[08-478], 제8호관 공과대학·도시과학대학-479 산경 컨퍼런스룸[08-479]", [08-478:월(5B-6)] [08-479:수(8B-9)], [08-478:월(13:30~14:45)] [08-479:수(16:30~17:45)],75분,3,일반과목,강의(이론),절대평가,일반(1~15주),비대상
723,공과대학,산업경영공학과,4,전공핵심,전공핵심,EPG7032002,시스템종합설계,CAPSTONE DESIGN,김병수,"제8호관 공과대학·도시과학대학-478 비즈니스솔루션실습실[08-478], 제8호관 공과대학·도시과학대학-479 산경 컨퍼런스룸[08-479]", [08-478:월(7-8A)] [08-479:수(7-8A)], [08-478:월(15:00~16:15)] [08-479:수(15:00~16:15)],75분,3,일반과목,강의(이론),절대평가,일반(1~15주),비대상
724,공과대학,산업경영공학과,4,전공핵심,전공핵심,EPG7032003,시스템종합설계,CAPSTONE DESIGN,이세린,"제8호관 공과대학·도시과학대학-478 비즈니스솔루션실습실[08-478], 제8호관 공과대학·도시과학대학-479 산경 컨퍼런스룸[08-479]", [08-478:월(8B-9)] [08-479:수(5B-6)], [08-478:월(16:30~17:45)] [08-479:수(13:30~14:45)],75분,3,일반과목,강의(이론),절대평가,일반(1~15주),비대상
725,공과대학,산업경영공학과,4,전공심화,전공심화,0009465001,스마트제조및자동화,Smart Manufacturing and Automation,김성균,제8호관 공과대학·도시과학대학-478 비즈니스솔루션실습실[08-478], [08-478:금(2)(3)(4)], [08-478:금(10:00~10:50)(11:00~11:50)(12:00~12:50)],50분(표준),3,일반과목,강의(이론),상대평가,일반(1~15주),비대상
726,공과대학,산업경영공학과,4,전공심화,전공심화,0010910001,강화학습,Reinforcement Learning,정지혁,"제8호관 공과대학·도시과학대학-479 산경 컨퍼런스룸[08-479], 제8호관 공과대학·도시과학대학-483 강의실(중)-4[08-483]", [08-479:화(2B-3)] [08-483:수(2B-3)], [08-479:화(10:30~11:45)] [08-483:수(10:30~11:45)],75분,3,일반과목,강의(이론),상대평가,일반(1~15주),비대상
727,공과대학,산업경영공학과,4,전공심화,전공심화,0012364001,스마트물류,Smart Logistics,이준혁,"제8호관 공과대학·도시과학대학-479 산경 컨퍼런스룸[08-479], 제8호관 공과대학·도시과학대학-483 강의실(중)-4[08-483]", [08-479:수(4-5A)] [08-483:화(4-5A)], [08-479:수(12:00~13:15)] [08-483:화(12:00~13:15)],75분,3,일반과목,강의(이론),상대평가,일반(1~15주),비대상
728,공과대학,산업경영공학과,4,전공심화,전공심화,EPG7016001,기업과안전,INDUSTRIAL SAFETY,김철홍,제8호관 공과대학·도시과학대학-502 강의실(소)-7[08-502], [08-502:화(5B-6)(7-8A)], [08-502:화(13:30~14:45)(15:00~16:15)],75분,3,일반과목,강의(이론),상대평가,일반(1~15주),비대상
729,공과대학,신소재공학과,전학년,전공심화,전공심화,0009062077,RISE,RISE,장태후,,,,50분(표준),3,일반과목,RISE(시간표 없음),이수인정,일반(1~15주),비대상
730,공과대학,신소재공학과,1,기초교양,기초과학ㆍ공학,0002399001,물리(1),Physics(1),김완선,제8호관 공과대학·도시과학대학-503 강의실(중)-6[08-503], [08-503:목(1-2A)(2B-3)], [08-503:목(09:00~10:15)(10:30~11:45)],75분,3,일반과목,강의(이론),상대평가,일반(1~15주),비대상
731,공과대학,신소재공학과,1,기초교양,기초과학ㆍ공학,0002402001,대학화학,University chemistry,이미경,가상건물-200 온라인강의실[ZZ-200]," [ZZ-200:월(7-8A),화(5B-6)]"," [ZZ-200:월(15:00~16:15),화(13:30~14:45)]",75분,3,일반과목,e-Learning,상대평가,일반(1~15주),비대상
732,공과대학,신소재공학과,1,기초교양,학문의기초,XAA1358007,대학수학(1),CALCULUS(1),장일승,제5호관 자연과학대학·생명과학기술대학-104A 응용수학실습실[05-104A]," [05-104A:목(7-8A),금(2B-3)]"," [05-104A:목(15:00~16:15),금(10:30~11:45)]",75분,3,일반과목,강의(이론),상대평가,일반(1~15주),비대상
733,공과대학,신소재공학과,2,전공기초,전공기초,0011497001,에너지재료공학개론,Introduction to Energy Materials and Engineering,이미경,"제8호관 공과대학·도시과학대학-503 강의실(중)-6[08-503], 가상건물-200 온라인강의실[ZZ-200]", [08-503:월(2B-3)] [ZZ-200:화(4-5A)], [08-503:월(10:30~11:45)] [ZZ-200:화(12:00~13:15)],75분,3,일반과목,온라인혼합형강좌,절대평가,일반(1~15주),원어강의(EN)
734,공과대학,신소재공학과,2,전공기초,전공기초,0011498001,전자재료공학개론,Introduction to Electronic Materials Engineering,김다빈,제8호관 공과대학·도시과학대학-385 강의실(소)-1[08-385]," [08-385:월(7-8A),화(7-8A)]"," [08-385:월(15:00~16:15),화(15:00~16:15)]",75분,3,일반과목,강의(이론),절대평가,일반(1~15주),원어강의(EN)
735,공과대학,신소재공학과,2,전공핵심,전공핵심,0009478001,기초전기화학,Basic Electrochemistry,명재하,"제8호관 공과대학·도시과학대학-385 강의실(소)-1[08-385], 제8호관 공과대학·도시과학대학-503 강의실(중)-6[08-503]", [08-385:목(2B-3)] [08-503:수(2B-3)], [08-385:목(10:30~11:45)] [08-503:수(10:30~11:45)],75분,3,일반과목,강의(이론),절대평가,일반(1~15주),원어강의(EN)
736,공과대학,신소재공학과,2,전공핵심,전공핵심,EH06066001,현대물리학,MODERN PHYSICS,이한보람,"제8호관 공과대학·도시과학대학-385 강의실(소)-1[08-385], 가상건물-200 온라인강의실[ZZ-200]", [08-385:월(8B-9)] [ZZ-200:수(7-8A)], [08-385:월(16:30~17:45)] [ZZ-200:수(15:00~16:15)],75분,3,일반과목,온라인혼합형강좌,절대평가,일반(1~15주),원어강의(EN)
737,공과대학,신소재공학과,2,전공심화,전공심화,EQA6068001,금속재료,INTRODUCTION TO METALLURGY,김정곤,제8호관 공과대학·도시과학대학-503 강의실(중)-6[08-503]," [08-503:화(2B-3),수(5B-6)]"," [08-503:화(10:30~11:45),수(13:30~14:45)]",75분,3,일반과목,강의(이론),상대평가,일반(1~15주),비대상
738,공과대학,신소재공학과,3,전공핵심,전공핵심,0010912001,재료컴퓨터해석,Numerical analysis for materials science,장태후,제8호관 공과대학·도시과학대학-268 PC실습실[08-268]," [08-268:화(2B-3),목(8B-9)]"," [08-268:화(10:30~11:45),목(16:30~17:45)]",75분,3,일반과목,강의(이론),절대평가,일반(1~15주),원어강의(EN)
739,공과대학,신소재공학과,3,전공핵심,전공핵심,EQA6103001,재료의전기적성질,ELECTRICAL PROPERTIES OF THE MATERIALS,박재윤,제8호관 공과대학·도시과학대학-385 강의실(소)-1[08-385]," [08-385:월(5B-6),수(1-2A)]"," [08-385:월(13:30~14:45),수(09:00~10:15)]",75분,3,일반과목,강의(이론),상대평가,일반(1~15주),비대상
740,공과대학,신소재공학과,3,전공심화,전공심화,0011908001,재료전자기학,Materials Electromagnetics,장태후,제8호관 공과대학·도시과학대학-385 강의실(소)-1[08-385]," [08-385:월(4-5A),수(2B-3)]"," [08-385:월(12:00~13:15),수(10:30~11:45)]",75분,3,일반과목,강의(이론),절대평가,일반(1~15주),원어강의(EN)
741,공과대학,신소재공학과,3,전공심화,전공심화,0012372001,반도체나노공정1,Semiconductor Device Nanofabrication 1,이한보람,"제8호관 공과대학·도시과학대학-385 강의실(소)-1[08-385], 가상건물-200 온라인강의실[ZZ-200]", [08-385:월(2B-3)] [ZZ-200:화(7-8A)], [08-385:월(10:30~11:45)] [ZZ-200:화(15:00~16:15)],75분,3,일반과목,온라인혼합형강좌,절대평가,일반(1~15주),원어강의(EN)
742,공과대학,신소재공학과,3,전공심화,전공심화,EQA6023001,분말야금학,POWDER METALLURGY,김정곤,"제8호관 공과대학·도시과학대학-385 강의실(소)-1[08-385], 제8호관 공과대학·도시과학대학-503 강의실(중)-6[08-503]", [08-385:수(8B-9)] [08-503:목(4-5A)], [08-385:수(16:30~17:45)] [08-503:목(12:00~13:15)],75분,3,일반과목,강의(이론),절대평가,일반(1~15주),비대상
743,공과대학,신소재공학과,3,전공심화,전공심화,EQA6058001,재료물리화학(2),PHYSICAL CHEMISTRY FOR MATERIALS SCIENCE(2),장태후,제8호관 공과대학·도시과학대학-385 강의실(소)-1[08-385]," [08-385:화(5B-6),수(7-8A)]"," [08-385:화(13:30~14:45),수(15:00~16:15)]",75분,3,일반과목,강의(이론),절대평가,일반(1~15주),원어강의(EN)
744,공과대학,신소재공학과,4,전공핵심,전공핵심,0012373001,신소재세미나,Seminar in Materials Science and Engineering,명재하,제8호관 공과대학·도시과학대학-503 강의실(중)-6[08-503], [08-503:화(9)(야1)], [08-503:화(17:00~17:50)(18:00~18:50)],50분(표준),1,일반과목,자기설계세미나,절대평가,일반(1~15주),비대상
745,공과대학,신소재공학과,4,전공핵심,전공핵심,EQA6142001,상변태,PHASE TRANSFORMATION,김정곤,제8호관 공과대학·도시과학대학-503 강의실(중)-6[08-503]," [08-503:화(5B-6),목(7-8A)]"," [08-503:화(13:30~14:45),목(15:00~16:15)]",75분,3,일반과목,강의(이론),상대평가,일반(1~15주),비대상
746,공과대학,신소재공학과,4,전공심화,전공심화,0012375001,신소재연료전지공학,Fuel cell materials and engineering,명재하,"제8호관 공과대학·도시과학대학-385 강의실(소)-1[08-385], 제8호관 공과대학·도시과학대학-503 강의실(중)-6[08-503]", [08-385:목(4-5A)] [08-503:수(7-8A)], [08-385:목(12:00~13:15)] [08-503:수(15:00~16:15)],75분,3,일반과목,강의(이론),절대평가,일반(1~15주),원어강의(EN)
747,공과대학,신소재공학과,4,전공심화,전공심화,EQA6108001,재료의자기및광학적성질,THE MAGNETIC AND OPTICAL PROPERTIES OF MATERIALS,박재윤,제8호관 공과대학·도시과학대학-503 강의실(중)-6[08-503]," [08-503:월(8B-9),수(4-5A)]"," [08-503:월(16:30~17:45),수(12:00~13:15)]",75분,3,일반과목,강의(이론),상대평가,일반(1~15주),비대상
748,공과대학,안전공학과,전학년,전공심화,전공심화,0009062031,RISE,RISE,오태근,,,,50분(표준),3,일반과목,RISE(시간표 없음),이수인정,일반(1~15주),비대상
749,공과대학,안전공학과,전학년,전공심화,전공심화,0009062032,RISE,RISE,송창근,,,,50분(표준),3,일반과목,RISE(시간표 없음),이수인정,일반(1~15주),비대상
750,공과대학,안전공학과,전학년,전공심화,전공심화,0009062033,RISE,RISE,이민철,,,,50분(표준),3,일반과목,RISE(시간표 없음),이수인정,일반(1~15주),비대상
751,공과대학,안전공학과,전학년,전공심화,전공심화,0009062034,RISE,RISE,김태훈,,,,50분(표준),3,일반과목,RISE(시간표 없음),이수인정,일반(1~15주),비대상
752,공과대학,안전공학과,전학년,전공심화,전공심화,0009062035,RISE,RISE,백동현,,,,50분(표준),3,일반과목,RISE(시간표 없음),이수인정,일반(1~15주),비대상
753,공과대학,안전공학과,전학년,전공심화,전공심화,0009062036,RISE,RISE,최재헌,,,,50분(표준),3,일반과목,RISE(시간표 없음),이수인정,일반(1~15주),비대상
754,공과대학,안전공학과,1,기초교양,기초과학ㆍ공학,0002396001,대학화학,UNIVERSITY CHEMISTRY,오세영,제8호관 공과대학·도시과학대학-338 강의실(소)-3[08-338], [08-338:목(1)(2)(3)], [08-338:목(09:00~09:50)(10:00~10:50)(11:00~11:50)],50분(표준),3,일반과목,강의(이론),상대평가,일반(1~15주),비대상
755,공과대학,안전공학과,1,기초교양,기초과학ㆍ공학,XAA1077001,물리(1),PHYSICS(1),김완선,제8호관 공과대학·도시과학대학-534 강의실(중)-7[08-534], [08-534:목(7-8A)(8B-9)], [08-534:목(15:00~16:15)(16:30~17:45)],75분,3,일반과목,강의(이론),상대평가,일반(1~15주),비대상
756,공과대학,안전공학과,1,기초교양,학문의기초,XAA1358008,대학수학(1),CALCULUS(1),유성민,제5호관 자연과학대학·생명과학기술대학-102A 통계처리실[05-102A]," [05-102A:수(2B-3),목(5B-6)]"," [05-102A:수(10:30~11:45),목(13:30~14:45)]",75분,3,일반과목,강의(이론),상대평가,일반(1~15주),비대상
757,공과대학,안전공학과,1,전공기초,전공기초,EJ06089001,안전공학개론,INTRODUCTION OF SAFETY ENGINEERING,김태훈,제8호관 공과대학·도시과학대학-534 강의실(중)-7[08-534]," [08-534:월(8)(9),화(9)]"," [08-534:월(16:00~16:50)(17:00~17:50),화(17:00~17:50)]",50분(표준),3,일반과목,강의(이론),상대평가,일반(1~15주),비대상
758,공과대학,안전공학과,2,전공핵심,전공핵심,EQB6032001,인간공학,HUMAN ENGINEERING,백동현,제8호관 공과대학·도시과학대학-534 강의실(중)-7[08-534]," [08-534:화(7-8A),목(5B-6)]"," [08-534:화(15:00~16:15),목(13:30~14:45)]",75분,3,일반과목,강의(이론),상대평가,일반(1~15주),비대상
759,공과대학,안전공학과,2,전공핵심,전공핵심,EQB6037001,재료역학,MATERIAL MECHANICS,최재헌,제8호관 공과대학·도시과학대학-534 강의실(중)-7[08-534]," [08-534:화(2B-3),수(7-8A)]"," [08-534:화(10:30~11:45),수(15:00~16:15)]",75분,3,일반과목,강의(이론),상대평가,일반(1~15주),비대상
760,공과대학,안전공학과,2,전공핵심,전공핵심,EQB6090001,안전관리론,SAFETY MANAGEMENT,송창근,제8호관 공과대학·도시과학대학-534 강의실(중)-7[08-534]," [08-534:월(5B-6),수(2B-3)]"," [08-534:월(13:30~14:45),수(10:30~11:45)]",75분,3,일반과목,강의(이론),상대평가,일반(1~15주),비대상
761,공과대학,안전공학과,2,전공심화,전공심화,EPD6072001,토질역학,SOIL MECHANICS,오태근,"제8호관 공과대학·도시과학대학-534 강의실(중)-7[08-534], 가상건물-200 온라인강의실[ZZ-200]", [08-534:금(2B-3)] [ZZ-200:토(0A-0)], [08-534:금(10:30~11:45)] [ZZ-200:토(07:30~08:45)],75분,3,일반과목,e-Learning,절대평가,일반(1~15주),원어강의(EN)
762,공과대학,안전공학과,2,전공심화,전공심화,EQB6029001,열역학,THERMODYNAMICS,이민철,"제8호관 공과대학·도시과학대학-534 강의실(중)-7[08-534], 가상건물-200 온라인강의실[ZZ-200]", [08-534:화(5B-6)] [ZZ-200:토(1-2A)], [08-534:화(13:30~14:45)] [ZZ-200:토(09:00~10:15)],75분,3,일반과목,온라인혼합형강좌,절대평가,일반(1~15주),원어강의(EN)
763,공과대학,안전공학과,2,전공심화,전공심화,EQB6114001,전기공학기초,FOUNDATION OF ELECTRICAL ENGINEERING,이택형,제8호관 공과대학·도시과학대학-534 강의실(중)-7[08-534], [08-534:금(7-8A)(8B-9)], [08-534:금(15:00~16:15)(16:30~17:45)],75분,3,일반과목,강의(이론),상대평가,일반(1~15주),비대상
764,공과대학,안전공학과,3,전공핵심,전공핵심,0000432001,화학안전공학,CHEMICAL SAFETY ENGINEERING,이홍주,제8호관 공과대학·도시과학대학-534 강의실(중)-7[08-534], [08-534:월(1-2A)(2B-3)], [08-534:월(09:00~10:15)(10:30~11:45)],75분,3,일반과목,강의(이론),상대평가,일반(1~15주),비대상
765,공과대학,안전공학과,3,전공심화,전공심화,0004953001,수리수문학,Hydraulics and Hydrology,송창근,"제8호관 공과대학·도시과학대학-338 강의실(소)-3[08-338], 가상건물-200 온라인강의실[ZZ-200]", [08-338:화(2B-3)] [ZZ-200:토(2B-3)], [08-338:화(10:30~11:45)] [ZZ-200:토(10:30~11:45)],75분,3,일반과목,온라인혼합형강좌,상대평가,일반(1~15주),비대상
766,공과대학,안전공학과,3,전공심화,전공심화,0010445001,산업안전심리,Industrial safety Psychology,백동현,"제8호관 공과대학·도시과학대학-338 강의실(소)-3[08-338], 가상건물-200 온라인강의실[ZZ-200]", [08-338:금(2B-3)] [ZZ-200:토(1-2A)], [08-338:금(10:30~11:45)] [ZZ-200:토(09:00~10:15)],75분,3,일반과목,e-Learning,상대평가,일반(1~15주),비대상
767,공과대학,안전공학과,3,전공심화,전공심화,EQB6013001,방화공학,FIRE PREVENTION ENGINEERING,이민철,제8호관 공과대학·도시과학대학-338 강의실(소)-3[08-338]," [08-338:월(5B-6),수(7-8A)]"," [08-338:월(13:30~14:45),수(15:00~16:15)]",75분,3,일반과목,강의(이론),절대평가,일반(1~15주),원어강의(EN)
768,공과대학,안전공학과,3,전공심화,전공심화,EQB6065001,건설재료학,CONSTRUCTION MATERIALS,오태근,제8호관 공과대학·도시과학대학-534 강의실(중)-7[08-534]," [08-534:수(5B-6),목(2B-3)]"," [08-534:수(13:30~14:45),목(10:30~11:45)]",75분,3,일반과목,강의(이론),절대평가,일반(1~15주),원어강의(EN)
769,공과대학,안전공학과,4,전공심화,전공심화,0006737001,건설안전관련법규,Construction Safety Relation Raw,오태근,제8호관 공과대학·도시과학대학-338 강의실(소)-3[08-338]," [08-338:월(2B-3),화(5B-6)]"," [08-338:월(10:30~11:45),화(13:30~14:45)]",75분,3,일반과목,강의(이론),절대평가,일반(1~15주),원어강의(EN)
770,공과대학,안전공학과,4,전공심화,전공심화,0011912001,안전경영시스템,Occupational safety management systems ,구권호,제8호관 공과대학·도시과학대학-338 강의실(소)-3[08-338], [08-338:월(7-8A)(8B-9)], [08-338:월(15:00~16:15)(16:30~17:45)],75분,3,일반과목,강의(이론),상대평가,일반(1~15주),비대상
771,공과대학,안전공학과,4,전공심화,전공심화,0012379001,기계요소안전설계,Mechanical Components Safety Design,최재헌,제8호관 공과대학·도시과학대학-338 강의실(소)-3[08-338]," [08-338:화(7-8A),목(5B-6)]"," [08-338:화(15:00~16:15),목(13:30~14:45)]",75분,3,일반과목,강의(이론),상대평가,일반(1~15주),비대상
772,공과대학,에너지화학공학과,전학년,전공심화,전공심화,0009062037,RISE,RISE,박영돈,,,,50분(표준),3,일반과목,RISE(시간표 없음),이수인정,일반(1~15주),비대상
773,공과대학,에너지화학공학과,전학년,전공심화,전공심화,0009062038,RISE,RISE,박민범,,,,50분(표준),3,일반과목,RISE(시간표 없음),이수인정,일반(1~15주),비대상
774,공과대학,에너지화학공학과,전학년,전공심화,전공심화,0009062039,RISE,RISE,김종우,,,,50분(표준),3,일반과목,RISE(시간표 없음),이수인정,일반(1~15주),비대상
775,공과대학,에너지화학공학과,1,기초교양,학문의기초,XAA1358009,대학수학(1),CALCULUS(1),문병수,제5호관 자연과학대학·생명과학기술대학-103 수학과시청각실[05-103]," [05-103:목(2B-3),금(2B-3)]"," [05-103:목(10:30~11:45),금(10:30~11:45)]",75분,3,일반과목,강의(이론),상대평가,일반(1~15주),비대상
776,공과대학,에너지화학공학과,1,전공기초,전공기초,XAA1184005,일반화학(1),GENERAL CHEMISTRY(1),노윤호,"제5호관 자연과학대학·생명과학기술대학-204 강의실[05-204], 제8호관 공과대학·도시과학대학-515 세미나실(대)[08-515]", [05-204:월(5B-6)] [08-515:수(2B-3)], [05-204:월(13:30~14:45)] [08-515:수(10:30~11:45)],75분,3,일반과목,강의(이론),상대평가,일반(1~15주),비대상
777,공과대학,에너지화학공학과,1,전공기초,전공기초,XAA1187011,일반화학실험(1),General Chemistry Laboratory(1),정관영,제5호관 자연과학대학·생명과학기술대학-504 일반화학실험실[05-504], [05-504:월(1)(2)], [05-504:월(09:00~09:50)(10:00~10:50)],50분(표준),1,일반과목,실험실습,상대평가,일반(1~15주),비대상
778,공과대학,에너지화학공학과,1,전공기초,전공기초,XAA1187012,일반화학실험(1),General Chemistry Laboratory(1),정관영,제5호관 자연과학대학·생명과학기술대학-504 일반화학실험실[05-504], [05-504:월(3)(4)], [05-504:월(11:00~11:50)(12:00~12:50)],50분(표준),1,일반과목,실험실습,상대평가,일반(1~15주),비대상
779,공과대학,에너지화학공학과,2,전공핵심,전공핵심,0001206001,유기화학 1,Organic Chemistry 1,김진호,제5호관 자연과학대학·생명과학기술대학-204 강의실[05-204]," [05-204:화(1-2A),수(5B-6)]"," [05-204:화(09:00~10:15),수(13:30~14:45)]",75분,3,일반과목,강의(이론),상대평가,일반(1~15주),비대상
780,공과대학,에너지화학공학과,2,전공핵심,전공핵심,0001207001,물리화학 1,Physical Chemistry 1,권오중,제8호관 공과대학·도시과학대학-515 세미나실(대)[08-515]," [08-515:수(1-2A),목(2B-3)]"," [08-515:수(09:00~10:15),목(10:30~11:45)]",75분,3,일반과목,강의(이론),상대평가,일반(1~15주),비대상
781,공과대학,에너지화학공학과,2,전공핵심,전공핵심,0001208001,공학수학 1,Engineering Mathematics 1,윤정식,제5호관 자연과학대학·생명과학기술대학-204 강의실[05-204]," [05-204:화(5B-6),목(5B-6)]"," [05-204:화(13:30~14:45),목(13:30~14:45)]",75분,3,일반과목,강의(이론),상대평가,일반(1~15주),글로벌강의(ES)
782,공과대학,에너지화학공학과,2,전공핵심,전공핵심,0001217003,유체역학,Fluid Mechanics,박민범,제5호관 자연과학대학·생명과학기술대학-204 강의실[05-204]," [05-204:화(8B-9),목(1-2A)]"," [05-204:화(16:30~17:45),목(09:00~10:15)]",75분,3,일반과목,강의(이론),상대평가,일반(1~15주),비대상
783,공과대학,에너지화학공학과,2,전공핵심,전공핵심,0009480001,화학공학양론,Chemical process calculation,김종우,제5호관 자연과학대학·생명과학기술대학-204 강의실[05-204]," [05-204:월(2B-3),화(2B-3)]"," [05-204:월(10:30~11:45),화(10:30~11:45)]",75분,3,일반과목,강의(이론),상대평가,일반(1~15주),비대상
784,공과대학,에너지화학공학과,2,전공심화,전공심화,0010913001,화학공학입문,Introduction to Chemical Engineering,노윤호,제5호관 자연과학대학·생명과학기술대학-204 강의실[05-204]," [05-204:월(4-5A),화(7-8A)]"," [05-204:월(12:00~13:15),화(15:00~16:15)]",75분,3,일반과목,강의(이론),상대평가,일반(1~15주),비대상
785,공과대학,에너지화학공학과,3,전공핵심,전공핵심,0001211001,에너지화공기초실험,Fundamental Experiment for Energy and Chemical Engineering,권오중,제8호관 공과대학·도시과학대학-543 에너지화공기초실험실[08-543], [08-543:목(6)(7)(8)(9)], [08-543:목(14:00~14:50)(15:00~15:50)(16:00~16:50)(17:00~17:50)],50분(표준),2,일반과목,실험실습,절대평가,일반(1~15주),비대상
786,공과대학,에너지화학공학과,3,전공핵심,전공핵심,0001211002,에너지화공기초실험,Fundamental Experiment for Energy and Chemical Engineering,노윤호,제8호관 공과대학·도시과학대학-543 에너지화공기초실험실[08-543], [08-543:수(6)(7)(8)(9)], [08-543:수(14:00~14:50)(15:00~15:50)(16:00~16:50)(17:00~17:50)],50분(표준),2,일반과목,실험실습,절대평가,일반(1~15주),비대상
787,공과대학,에너지화학공학과,3,전공핵심,전공핵심,0001853001,열전달,Heat Transfer,이재훈,"제5호관 자연과학대학·생명과학기술대학-204 강의실[05-204], 제8호관 공과대학·도시과학대학-515 세미나실(대)[08-515]", [05-204:수(2B-3)] [08-515:월(4-5A)], [05-204:수(10:30~11:45)] [08-515:월(12:00~13:15)],75분,3,일반과목,강의(이론),상대평가,일반(1~15주),글로벌강의(ES)
788,공과대학,에너지화학공학과,3,전공핵심,전공핵심,0004148001,반응공학,Chemical Reaction Engineering,노윤호,제5호관 자연과학대학·생명과학기술대학-204 강의실[05-204]," [05-204:화(4-5A),목(4-5A)]"," [05-204:화(12:00~13:15),목(12:00~13:15)]",75분,3,일반과목,강의(이론),상대평가,일반(1~15주),비대상
789,공과대학,에너지화학공학과,3,전공핵심,전공핵심,0004841001,공정설계및제어,Process Design and Control,김종우,제5호관 자연과학대학·생명과학기술대학-204 강의실[05-204]," [05-204:월(1-2A),수(1-2A)]"," [05-204:월(09:00~10:15),수(09:00~10:15)]",75분,3,일반과목,강의(이론),상대평가,일반(1~15주),비대상
790,공과대학,에너지화학공학과,3,전공심화,전공심화,0001222001,고분자공학,Polymer Engineering,박영돈,"제8호관 공과대학·도시과학대학-535 강의실[08-535], 가상건물-200 온라인강의실[ZZ-200]", [08-535:화(2B-3)] [ZZ-200:금(1-2A)], [08-535:화(10:30~11:45)] [ZZ-200:금(09:00~10:15)],75분,3,일반과목,온라인혼합형강좌,상대평가,일반(1~15주),비대상
791,공과대학,에너지화학공학과,3,전공심화,전공심화,0001226001,기기분석 2,Instrumental Analysis 2,박영돈,"제8호관 공과대학·도시과학대학-535 강의실[08-535], 가상건물-200 온라인강의실[ZZ-200]", [08-535:수(4-5A)] [ZZ-200:금(2B-3)], [08-535:수(12:00~13:15)] [ZZ-200:금(10:30~11:45)],75분,3,일반과목,온라인혼합형강좌,상대평가,일반(1~15주),비대상
792,공과대학,에너지화학공학과,3,전공심화,전공심화,0010595001,화공수치해석개론,Chemical Engineering Numerical Analysis,김종우,제8호관 공과대학·도시과학대학-535 강의실[08-535]," [08-535:월(5B-6),화(1-2A)]"," [08-535:월(13:30~14:45),화(09:00~10:15)]",75분,3,일반과목,강의(이론),상대평가,일반(1~15주),비대상
793,공과대학,에너지화학공학과,4,전공핵심,전공핵심,0001224001,에너지변환및저장실험,Experiment for Energy Conversion and Storage,윤정식,제8호관 공과대학·도시과학대학-530 에너지화공심화실험실[08-530], [08-530:월(6)(7)(8)(9)], [08-530:월(14:00~14:50)(15:00~15:50)(16:00~16:50)(17:00~17:50)],50분(표준),2,일반과목,실험실습,절대평가,일반(1~15주),원어강의(EN)
794,공과대학,에너지화학공학과,4,전공핵심,전공핵심,0001224002,에너지변환및저장실험,Experiment for Energy Conversion and Storage,이재훈,"제8호관 공과대학·도시과학대학-503 강의실(중)-6[08-503], 제8호관 공과대학·도시과학대학-543 에너지화공기초실험실[08-543]", [08-503:월(6)(7)] [08-543:(8)(9)], [08-503:월(14:00~14:50)(15:00~15:50)] [08-543:(16:00~16:50)(17:00~17:50)],50분(표준),2,일반과목,실험실습,절대평가,일반(1~15주),비대상
795,공과대학,에너지화학공학과,4,전공심화,전공심화,0001230001,촉매개론,Introduction to Catalysis,박민범,"제5호관 자연과학대학·생명과학기술대학-204 강의실[05-204], 제8호관 공과대학·도시과학대학-535 강의실[08-535]", [05-204:목(2B-3)] [08-535:수(1-2A)], [05-204:목(10:30~11:45)] [08-535:수(09:00~10:15)],75분,3,일반과목,강의(이론),절대평가,일반(1~15주),원어강의(EN)
796,공과대학,에너지화학공학과,4,전공심화,전공심화,0001231001,반도체공정,Chemical Processes in Semiconductor Fabrication,권오중,제8호관 공과대학·도시과학대학-539 강의실[08-539]," [08-539:화(1-2A),목(1-2A)]"," [08-539:화(09:00~10:15),목(09:00~10:15)]",75분,3,일반과목,강의(이론),절대평가,일반(1~15주),원어강의(EN)
797,공과대학,에너지화학공학과,4,전공심화,전공심화,0001236001,이차전지공학,Secondary Battery Engineering,윤정식,제8호관 공과대학·도시과학대학-535 강의실[08-535]," [08-535:월(2B-3),수(2B-3)]"," [08-535:월(10:30~11:45),수(10:30~11:45)]",75분,3,일반과목,강의(이론),절대평가,일반(1~15주),원어강의(EN)
798,공과대학,에너지화학공학과,4,전공심화,전공심화,0006626001,캡스톤 디자인 화공설계,Capstone Design in Chemical Engineering,이재훈,"제8호관 공과대학·도시과학대학-502 강의실(소)-7[08-502], 제8호관 공과대학·도시과학대학-503 강의실(중)-6[08-503]", [08-502:수(7-8A)] [08-503:화(7-8A)], [08-502:수(15:00~16:15)] [08-503:화(15:00~16:15)],75분,3,일반과목,강의(이론),절대평가,일반(1~15주),비대상
799,공과대학,바이오-로봇시스템공학과,전학년,전공심화,전공심화,0009062040,RISE,RISE,조영욱,,,,50분(표준),3,일반과목,RISE(시간표 없음),이수인정,일반(1~15주),비대상
800,공과대학,바이오-로봇시스템공학과,전학년,전공심화,전공심화,0009062041,RISE,RISE,김우용,,,,50분(표준),3,일반과목,RISE(시간표 없음),이수인정,일반(1~15주),비대상
801,공과대학,바이오-로봇시스템공학과,1,기초교양,기초과학ㆍ공학,0011616001,화학생물,Basic chemistry and biology,이탁기,제8호관 공과대학·도시과학대학-539 강의실[08-539], [08-539:월(1)(2)(3)], [08-539:월(09:00~09:50)(10:00~10:50)(11:00~11:50)],50분(표준),3,일반과목,강의(이론),상대평가,일반(1~15주),비대상
802,공과대학,바이오-로봇시스템공학과,1,기초교양,학문의기초,XAA1358010,대학수학(1),CALCULUS(1),우현명,제8호관 공과대학·도시과학대학-539 강의실[08-539]," [08-539:월(8B-9),수(7-8A)]"," [08-539:월(16:30~17:45),수(15:00~16:15)]",75분,3,일반과목,강의(이론),절대평가,일반(1~15주),원어강의(EN)
803,공과대학,바이오-로봇시스템공학과,1,전공기초,전공기초,0008309001,정역학,Statics,박상인,제8호관 공과대학·도시과학대학-539 강의실[08-539]," [08-539:월(7-8A),수(4-5A)]"," [08-539:월(15:00~16:15),수(12:00~13:15)]",75분,3,일반과목,강의(이론),상대평가,일반(1~15주),비대상
804,공과대학,바이오-로봇시스템공학과,1,전공기초,전공기초,0008730001,공학프로그래밍,Engineering Programming with MATLAB,김우용,제27호관 제2공동실험실습관-105 PC실습실[27-105], [27-105:화(7)(8)(9)], [27-105:화(15:00~15:50)(16:00~16:50)(17:00~17:50)],50분(표준),2,일반과목,이론실험실습,절대평가,일반(1~15주),원어강의(EN)
805,공과대학,바이오-로봇시스템공학과,1,전공기초,전공기초,0008730002,공학프로그래밍,Engineering Programming with MATLAB,김우용,제27호관 제2공동실험실습관-105 PC실습실[27-105], [27-105:목(7)(8)(9)], [27-105:목(15:00~15:50)(16:00~16:50)(17:00~17:50)],50분(표준),2,일반과목,이론실험실습,절대평가,일반(1~15주),원어강의(EN)
806,공과대학,바이오-로봇시스템공학과,1,전공기초,전공기초,0011097001,자기설계세미나,Self Design Seminar,박상인,제8호관 공과대학·도시과학대학-539 강의실[08-539], [08-539:화(5)], [08-539:화(13:00~13:50)],50분(표준),1,일반과목,자기설계세미나,이수인정,일반(1~15주),비대상
807,공과대학,바이오-로봇시스템공학과,2,전공기초,전공기초,0009438001,전기회로실험, Electrical circuits laboratory,우현명,제27호관 제2공동실험실습관-B105 전기전자공학실험실[27-B105], [27-B105:월(2)(3)(4)], [27-B105:월(10:00~10:50)(11:00~11:50)(12:00~12:50)],50분(표준),2,일반과목,이론실험실습,절대평가,일반(1~15주),비대상
808,공과대학,바이오-로봇시스템공학과,2,전공기초,전공기초,0009438002,전기회로실험, Electrical circuits laboratory,조영욱,제27호관 제2공동실험실습관-B105 전기전자공학실험실[27-B105], [27-B105:목(1)(2)(3)], [27-B105:목(09:00~09:50)(10:00~10:50)(11:00~11:50)],50분(표준),2,일반과목,이론실험실습,절대평가,일반(1~15주),비대상
809,공과대학,바이오-로봇시스템공학과,2,전공핵심,전공핵심,0011913001,전기회로,Electric Circuit,조영욱,제8호관 공과대학·도시과학대학-539 강의실[08-539]," [08-539:화(2B-3),목(5B-6)]"," [08-539:화(10:30~11:45),목(13:30~14:45)]",75분,3,일반과목,강의(이론),절대평가,일반(1~15주),원어강의(EN)
810,공과대학,바이오-로봇시스템공학과,2,전공핵심,전공핵심,EBA6003001,공업수학(2),ADVANCED ENGINEERING MATHEMATICS(2),윤종윤,제8호관 공과대학·도시과학대학-539 강의실[08-539]," [08-539:수(2B-3),금(2B-3)]"," [08-539:수(10:30~11:45),금(10:30~11:45)]",75분,3,일반과목,강의(이론),절대평가,일반(1~15주),원어강의(EN)
811,공과대학,바이오-로봇시스템공학과,2,전공핵심,전공핵심,EPD6089001,재료역학,MECHANICS OF MATERIALS,한유성,제8호관 공과대학·도시과학대학-539 강의실[08-539]," [08-539:수(5B-6),목(7-8A)]"," [08-539:수(13:30~14:45),목(15:00~16:15)]",75분,3,일반과목,온라인혼합형강좌,상대평가,일반(1~15주),비대상
812,공과대학,바이오-로봇시스템공학과,2,전공심화,전공심화,0001426001,객체지향프로그래밍,Object oriented programming,정현두,제27호관 제2공동실험실습관-105 PC실습실[27-105], [27-105:월(6)(7)(8)], [27-105:월(14:00~14:50)(15:00~15:50)(16:00~16:50)],50분(표준),2,일반과목,이론실험실습,절대평가,일반(1~15주),비대상
813,공과대학,바이오-로봇시스템공학과,3,전공핵심,전공핵심,0002350001,자동제어,Automatic Control,김우용,제8호관 공과대학·도시과학대학-539 강의실[08-539]," [08-539:수(8B-9),목(2B-3)]"," [08-539:수(16:30~17:45),목(10:30~11:45)]",75분,3,일반과목,강의(이론),상대평가,일반(1~15주),글로벌강의(ES)
814,공과대학,바이오-로봇시스템공학과,3,전공핵심,전공핵심,0010017001,설계공학,Design Engineering,박상인,제8호관 공과대학·도시과학대학-539 강의실[08-539]," [08-539:월(5B-6),금(8B-9)]"," [08-539:월(13:30~14:45),금(16:30~17:45)]",75분,3,일반과목,강의(이론),상대평가,일반(1~15주),비대상
815,공과대학,바이오-로봇시스템공학과,3,전공심화,전공심화,0009442001,시스템동역학2,System Dynamics 2,윤종윤,제9호관 공동실험실습관-224 강의실[09-224]," [09-224:월(8B-9),화(5B-6)]"," [09-224:월(16:30~17:45),화(13:30~14:45)]",75분,3,일반과목,강의(이론),절대평가,일반(1~15주),원어강의(EN)
816,공과대학,바이오-로봇시스템공학과,3,전공심화,전공심화,0012382001,생체계측및의공학,Biomedical Measurement and Engineering,조영욱,"제8호관 공과대학·도시과학대학-539 강의실[08-539], 제9호관 공동실험실습관-224 강의실[09-224]", [08-539:목(8B-9)] [09-224:화(7-8A)], [08-539:목(16:30~17:45)] [09-224:화(15:00~16:15)],75분,3,일반과목,강의(이론),절대평가,일반(1~15주),원어강의(EN)
817,공과대학,바이오-로봇시스템공학과,3,전공심화,전공심화,0012383001,생체신호및시스템,Biomedical Signals and Systems,정현두,제9호관 공동실험실습관-224 강의실[09-224]," [09-224:월(2B-3),목(7-8A)]"," [09-224:월(10:30~11:45),목(15:00~16:15)]",75분,3,일반과목,강의(이론),절대평가,일반(1~15주),원어강의(EN)
818,공과대학,바이오-로봇시스템공학과,3,전공심화,전공심화,EA06025001,기계공학실험,MECHANICAL EXPERIMENTS,김우용,제27호관 제2공동실험실습관-105 PC실습실[27-105], [27-105:화(2)(3)(4)], [27-105:화(10:00~10:50)(11:00~11:50)(12:00~12:50)],50분(표준),2,일반과목,이론실험실습,절대평가,일반(1~15주),비대상
819,공과대학,바이오-로봇시스템공학과,3,전공심화,전공심화,EA06044001,수치해석,NUMERICAL ANALYSIS,한유성,제27호관 제2공동실험실습관-105 PC실습실[27-105]," [27-105:수(2B-3),목(5B-6)]"," [27-105:수(10:30~11:45),목(13:30~14:45)]",75분,3,일반과목,온라인혼합형강좌,상대평가,일반(1~15주),비대상
820,공과대학,바이오-로봇시스템공학과,3,전공심화,전공심화,EPA6032001,기계진동,MECHANICAL VIBRATIONS,윤종윤,"제8호관 공과대학·도시과학대학-539 강의실[08-539], 제9호관 공동실험실습관-224 강의실[09-224]", [08-539:금(7-8A)] [09-224:수(7-8A)], [08-539:금(15:00~16:15)] [09-224:수(15:00~16:15)],75분,3,일반과목,강의(이론),절대평가,일반(1~15주),원어강의(EN)
821,공과대학,바이오-로봇시스템공학과,3,전공심화,전공심화,EPG6114001,확률및통계,PROBABILITY AND STATISTICS,우현명,제9호관 공동실험실습관-224 강의실[09-224]," [09-224:월(7-8A),수(5B-6)]"," [09-224:월(15:00~16:15),수(13:30~14:45)]",75분,3,일반과목,강의(이론),절대평가,일반(1~15주),원어강의(EN)
822,공과대학,바이오-로봇시스템공학과,4,전공심화,전공심화,0008822001,종합설계프로젝트1,Mechanical System Design Project I,박상인,제8호관 공과대학·도시과학대학-539 강의실[08-539], [08-539:화(8)(9)], [08-539:화(16:00~16:50)(17:00~17:50)],50분(표준),1,일반과목,실험실습,절대평가,일반(1~15주),비대상
823,공과대학,바이오-로봇시스템공학과,4,전공심화,전공심화,0009443001,유한요소구조해석,Finite Element Structural Analysis,한유성,제27호관 제2공동실험실습관-105 PC실습실[27-105], [27-105:금(5)(6)(7)], [27-105:금(13:00~13:50)(14:00~14:50)(15:00~15:50)],50분(표준),2,일반과목,이론실험실습,절대평가,일반(1~15주),비대상
824,공과대학,바이오-로봇시스템공학과,4,전공심화,전공심화,0010076001,최적설계,Design Optimization,박상인,제9호관 공동실험실습관-224 강의실[09-224]," [09-224:월(4-5A),수(2B-3)]"," [09-224:월(12:00~13:15),수(10:30~11:45)]",75분,3,일반과목,강의(이론),절대평가,일반(1~15주),원어강의(EN)
825,정보기술대학,컴퓨터공학부,전학년,전공심화,전공심화,0009062042,RISE,RISE,안재균,,,,50분(표준),3,일반과목,RISE(시간표 없음),이수인정,일반(1~15주),비대상
826,정보기술대학,컴퓨터공학부,전학년,전공심화,전공심화,0009062043,RISE,RISE,이장호,,,,50분(표준),3,일반과목,RISE(시간표 없음),이수인정,일반(1~15주),비대상
827,정보기술대학,컴퓨터공학부,전학년,전공심화,전공심화,0009062044,RISE,RISE,이승수,,,,50분(표준),3,일반과목,RISE(시간표 없음),이수인정,일반(1~15주),비대상
828,정보기술대학,컴퓨터공학부,1,기초교양,학문의기초,XAA1358011,대학수학(1),CALCULUS(1),한상현,제7호관 정보기술대학-407 강의실(중)-3[07-407]," [07-407:화(2B-3),목(1-2A)]"," [07-407:화(10:30~11:45),목(09:00~10:15)]",75분,3,일반과목,강의(이론),상대평가,일반(1~15주),비대상
829,정보기술대학,컴퓨터공학부,1,기초교양,학문의기초,XAA1358012,대학수학(1),CALCULUS(1),한상현,제7호관 정보기술대학-407 강의실(중)-3[07-407]," [07-407:화(1-2A),목(2B-3)]"," [07-407:화(09:00~10:15),목(10:30~11:45)]",75분,3,일반과목,강의(이론),상대평가,일반(1~15주),비대상
830,정보기술대학,컴퓨터공학부,1,기초교양,학문의기초,XAA1358013,대학수학(1),CALCULUS(1),한상현,제7호관 정보기술대학-407 강의실(중)-3[07-407], [07-407:목(5)(6)(7)], [07-407:목(13:00~13:50)(14:00~14:50)(15:00~15:50)],50분(표준),3,일반과목,강의(이론),상대평가,일반(1~15주),비대상
831,정보기술대학,컴퓨터공학부,1,전공기초,전공기초,0001762001,컴퓨터공학개론,Introduction to Computer Engineering,전혜경,제7호관 정보기술대학-304 영림임업강의실(계단식(대))[07-304], [07-304:월(2)(3)], [07-304:월(10:00~10:50)(11:00~11:50)],50분(표준),2,일반과목,강의(이론),상대평가,일반(1~15주),비대상
832,정보기술대학,컴퓨터공학부,1,전공기초,전공기초,0001762002,컴퓨터공학개론,Introduction to Computer Engineering,전혜경,제7호관 정보기술대학-304 영림임업강의실(계단식(대))[07-304], [07-304:월(6)(7)], [07-304:월(14:00~14:50)(15:00~15:50)],50분(표준),2,일반과목,강의(이론),상대평가,일반(1~15주),비대상
833,정보기술대학,컴퓨터공학부,1,전공기초,전공기초,0001762003,컴퓨터공학개론,Introduction to Computer Engineering,전혜경,제7호관 정보기술대학-304 영림임업강의실(계단식(대))[07-304], [07-304:월(8)(9)], [07-304:월(16:00~16:50)(17:00~17:50)],50분(표준),2,일반과목,강의(이론),상대평가,일반(1~15주),비대상
834,정보기술대학,컴퓨터공학부,1,전공기초,전공기초,0003426001,프로그래밍입문,Introduction to Programming,채진석,제7호관 정보기술대학-408 컴퓨터실습실-1[07-408]," [07-408:화(5)(6),수(6)(7)]"," [07-408:화(13:00~13:50)(14:00~14:50),수(14:00~14:50)(15:00~15:50)]",50분(표준),3,일반과목,이론실험실습,상대평가,일반(1~15주),비대상
835,정보기술대학,컴퓨터공학부,1,전공기초,전공기초,0003426002,프로그래밍입문,Introduction to Programming,채진석,제7호관 정보기술대학-408 컴퓨터실습실-1[07-408]," [07-408:수(2)(3),목(8)(9)]"," [07-408:수(10:00~10:50)(11:00~11:50),목(16:00~16:50)(17:00~17:50)]",50분(표준),3,일반과목,이론실험실습,상대평가,일반(1~15주),비대상
836,정보기술대학,컴퓨터공학부,1,전공기초,전공기초,0003426003,프로그래밍입문,Introduction to Programming,한재현,제7호관 정보기술대학-511 컴퓨터실습실-4[07-511]," [07-511:화(5)(6),수(6)(7)]"," [07-511:화(13:00~13:50)(14:00~14:50),수(14:00~14:50)(15:00~15:50)]",50분(표준),3,일반과목,이론실험실습,상대평가,일반(1~15주),비대상
837,정보기술대학,컴퓨터공학부,1,전공기초,전공기초,IA02009001,이산수학,DISCRETE MATHEMATICS,김지범,제7호관 정보기술대학-304 영림임업강의실(계단식(대))[07-304], [07-304:금(5)(6)(7)], [07-304:금(13:00~13:50)(14:00~14:50)(15:00~15:50)],50분(표준),3,일반과목,e-Learning,상대평가,일반(1~15주),비대상
838,정보기술대학,컴퓨터공학부,1,전공심화,전공심화,IAA6068001,확률및통계,PROBABILITY AND STATISTICS,김현정,제7호관 정보기술대학-504 강의실(중)-1[07-504], [07-504:목(1)(2)(3)], [07-504:목(09:00~09:50)(10:00~10:50)(11:00~11:50)],50분(표준),3,일반과목,강의(이론),상대평가,일반(1~15주),비대상
839,정보기술대학,컴퓨터공학부,1,전공심화,전공심화,IAA6068002,확률및통계,PROBABILITY AND STATISTICS,김현정,제7호관 정보기술대학-504 강의실(중)-1[07-504], [07-504:목(4)(5)(6)], [07-504:목(12:00~12:50)(13:00~13:50)(14:00~14:50)],50분(표준),3,일반과목,강의(이론),상대평가,일반(1~15주),비대상
840,정보기술대학,컴퓨터공학부,2,전공핵심,전공핵심,0011445001,데이터프로그래밍,Data Programming,이장호,제7호관 정보기술대학-304 영림임업강의실(계단식(대))[07-304], [07-304:화(야1)(야2)(야3)], [07-304:화(18:00~18:50)(18:55~19:45)(19:50~20:40)],50분(표준),3,일반과목,e-Learning,상대평가,일반(1~15주),비대상
841,정보기술대학,컴퓨터공학부,2,전공핵심,전공핵심,IAA6002001,자료구조,DATA STRUCTURE,안재균,제7호관 정보기술대학-505 강의실(중)-2[07-505]," [07-505:수(1-2A),금(1-2A)]"," [07-505:수(09:00~10:15),금(09:00~10:15)]",75분,3,일반과목,온라인혼합형강좌,상대평가,일반(1~15주),비대상
842,정보기술대학,컴퓨터공학부,2,전공핵심,전공핵심,IAA6002002,자료구조,DATA STRUCTURE,안재균,제7호관 정보기술대학-505 강의실(중)-2[07-505]," [07-505:목(1),금(5)(6)]"," [07-505:목(09:00~09:50),금(13:00~13:50)(14:00~14:50)]",50분(표준),3,일반과목,온라인혼합형강좌,상대평가,일반(1~15주),비대상
843,정보기술대학,컴퓨터공학부,2,전공핵심,전공핵심,IAA6002003,자료구조,DATA STRUCTURE,김인수,제7호관 정보기술대학-504 강의실(중)-1[07-504]," [07-504:수(1-2A),금(1-2A)]"," [07-504:수(09:00~10:15),금(09:00~10:15)]",75분,3,일반과목,강의(이론),상대평가,일반(1~15주),비대상
844,정보기술대학,컴퓨터공학부,2,전공심화,전공심화,0003428001,Java언어,Java Language,허혜선,제7호관 정보기술대학-511 컴퓨터실습실-4[07-511], [07-511:월(2)(3)(4)], [07-511:월(10:00~10:50)(11:00~11:50)(12:00~12:50)],50분(표준),2,일반과목,이론실험실습,상대평가,일반(1~15주),비대상
845,정보기술대학,컴퓨터공학부,2,전공심화,전공심화,0003428002,Java언어,Java Language,허혜선,제7호관 정보기술대학-511 컴퓨터실습실-4[07-511], [07-511:월(6)(7)(8)], [07-511:월(14:00~14:50)(15:00~15:50)(16:00~16:50)],50분(표준),2,일반과목,이론실험실습,상대평가,일반(1~15주),비대상
846,정보기술대학,컴퓨터공학부,2,전공심화,전공심화,0003428003,Java언어,Java Language,허혜선,제7호관 정보기술대학-511 컴퓨터실습실-4[07-511], [07-511:화(2)(3)(4)], [07-511:화(10:00~10:50)(11:00~11:50)(12:00~12:50)],50분(표준),2,일반과목,이론실험실습,상대평가,일반(1~15주),비대상
847,정보기술대학,컴퓨터공학부,2,전공심화,전공심화,0006686001,시뮬레이션 기초 및 실습,Basic simulation lab with Matlab,김지범,제7호관 정보기술대학-505 강의실(중)-2[07-505]," [07-505:수(5B-6),금(2B-3)]"," [07-505:수(13:30~14:45),금(10:30~11:45)]",75분,3,일반과목,온라인혼합형강좌,상대평가,일반(1~15주),비대상
848,정보기술대학,컴퓨터공학부,2,전공심화,전공심화,0006686002,시뮬레이션 기초 및 실습,Basic simulation lab with Matlab,김지범,제7호관 정보기술대학-505 강의실(중)-2[07-505]," [07-505:수(2B-3),목(7-8A)]"," [07-505:수(10:30~11:45),목(15:00~16:15)]",75분,3,일반과목,강의(이론),상대평가,일반(1~15주),비대상
849,정보기술대학,컴퓨터공학부,2,전공심화,전공심화,0011924001,정보보호개론,Introduction to Information Security,민병준,제7호관 정보기술대학-505 강의실(중)-2[07-505], [07-505:목(2)(3)], [07-505:목(10:00~10:50)(11:00~11:50)],50분(표준),2,일반과목,강의(이론),상대평가,일반(1~15주),비대상
850,정보기술대학,컴퓨터공학부,2,전공심화,전공심화,0011924002,정보보호개론,Introduction to Information Security,민병준,제7호관 정보기술대학-304 영림임업강의실(계단식(대))[07-304], [07-304:목(5)(6)], [07-304:목(13:00~13:50)(14:00~14:50)],50분(표준),2,일반과목,강의(이론),상대평가,일반(1~15주),비대상
851,정보기술대학,컴퓨터공학부,2,전공심화,전공심화,IAA6005001,디지털공학,DIGITAL ENGINEERING,김우일,제7호관 정보기술대학-407 강의실(중)-3[07-407]," [07-407:화(8B-9),수(7-8A)]"," [07-407:화(16:30~17:45),수(15:00~16:15)]",75분,3,일반과목,온라인혼합형강좌,절대평가,일반(1~15주),원어강의(EN)
852,정보기술대학,컴퓨터공학부,2,전공심화,전공심화,IAA6005002,디지털공학,DIGITAL ENGINEERING,김우일,제7호관 정보기술대학-407 강의실(중)-3[07-407]," [07-407:수(8B-9),목(8B-9)]"," [07-407:수(16:30~17:45),목(16:30~17:45)]",75분,3,일반과목,온라인혼합형강좌,절대평가,일반(1~15주),원어강의(EN)
853,정보기술대학,컴퓨터공학부,3,전공핵심,전공핵심,0001770001,데이터베이스,Database,박기석,제7호관 정보기술대학-415 컴퓨터실습실-2[07-415]," [07-415:화(7-8A),목(2B-3)]"," [07-415:화(15:00~16:15),목(10:30~11:45)]",75분,3,일반과목,강의(이론),절대평가,일반(1~15주),비대상
854,정보기술대학,컴퓨터공학부,3,전공핵심,전공핵심,0001770002,데이터베이스,Database,박기석,제7호관 정보기술대학-415 컴퓨터실습실-2[07-415]," [07-415:목(7-8A),금(5B-6)]"," [07-415:목(15:00~16:15),금(13:30~14:45)]",75분,3,일반과목,강의(이론),절대평가,일반(1~15주),비대상
855,정보기술대학,컴퓨터공학부,3,전공핵심,전공핵심,0001770003,데이터베이스,Database,이상엽,제7호관 정보기술대학-501 컴퓨터실습실-3[07-501]," [07-501:화(7-8A),목(2B-3)]"," [07-501:화(15:00~16:15),목(10:30~11:45)]",75분,3,일반과목,강의(이론),절대평가,일반(1~15주),비대상
856,정보기술대학,컴퓨터공학부,3,전공핵심,전공핵심,0008370001,기계학습,Machine Learning,김인수,제7호관 정보기술대학-416 세미나실(대)[07-416]," [07-416:수(8B-9),목(5B-6)]"," [07-416:수(16:30~17:45),목(13:30~14:45)]",75분,3,일반과목,강의(이론),상대평가,일반(1~15주),비대상
857,정보기술대학,컴퓨터공학부,3,전공핵심,전공핵심,0008370002,기계학습,Machine Learning,이상엽,제7호관 정보기술대학-505 강의실(중)-2[07-505]," [07-505:수(8B-9),목(5B-6)]"," [07-505:수(16:30~17:45),목(13:30~14:45)]",75분,3,일반과목,강의(이론),상대평가,일반(1~15주),비대상
858,정보기술대학,컴퓨터공학부,3,전공핵심,전공핵심,IAA6018001,운영체제,OPERATING SYSTEM,박문주,제7호관 정보기술대학-504 강의실(중)-1[07-504]," [07-504:월(5B-6),수(2B-3)]"," [07-504:월(13:30~14:45),수(10:30~11:45)]",75분,3,일반과목,강의(이론),상대평가,일반(1~15주),비대상
859,정보기술대학,컴퓨터공학부,3,전공핵심,전공핵심,IAA6018002,운영체제,OPERATING SYSTEM,한재현,제7호관 정보기술대학-407 강의실(중)-3[07-407]," [07-407:월(5B-6),수(2B-3)]"," [07-407:월(13:30~14:45),수(10:30~11:45)]",75분,3,일반과목,강의(이론),상대평가,일반(1~15주),비대상
860,정보기술대학,컴퓨터공학부,3,전공심화,전공심화,0001421001,웹프로그래밍,WEB PROGRAMMING,박기석,제7호관 정보기술대학-415 컴퓨터실습실-2[07-415]," [07-415:화(1-2A),수(5B-6)]"," [07-415:화(09:00~10:15),수(13:30~14:45)]",75분,3,일반과목,온라인혼합형강좌,상대평가,일반(1~15주),비대상
861,정보기술대학,컴퓨터공학부,3,전공심화,전공심화,0011916001,사이버공격및방어,Cyber Attacks and Defense,이승수,제7호관 정보기술대학-501 컴퓨터실습실-3[07-501]," [07-501:수(1-2A),목(1-2A)]"," [07-501:수(09:00~10:15),목(09:00~10:15)]",75분,3,일반과목,강의(이론),상대평가,일반(1~15주),비대상
862,정보기술대학,컴퓨터공학부,3,전공심화,전공심화,FE06064001,데이터마이닝,Data Mining,이장호,제7호관 정보기술대학-504 강의실(중)-1[07-504]," [07-504:화(2B-3),금(2B-3)]"," [07-504:화(10:30~11:45),금(10:30~11:45)]",75분,3,일반과목,강의(이론),상대평가,일반(1~15주),비대상
863,정보기술대학,컴퓨터공학부,3,전공심화,전공심화,IAA6014001,데이터통신,DATA COMMUNICATION,최승식,제7호관 정보기술대학-504 강의실(중)-1[07-504]," [07-504:화(5B-6),수(7-8A)]"," [07-504:화(13:30~14:45),수(15:00~16:15)]",75분,3,일반과목,강의(이론),상대평가,일반(1~15주),비대상
864,정보기술대학,컴퓨터공학부,3,전공심화,전공심화,IAA6014002,데이터통신,DATA COMMUNICATION,최승식,제7호관 정보기술대학-504 강의실(중)-1[07-504]," [07-504:화(8B-9),목(8B-9)]"," [07-504:화(16:30~17:45),목(16:30~17:45)]",75분,3,일반과목,강의(이론),상대평가,일반(1~15주),비대상
865,정보기술대학,컴퓨터공학부,3,전공심화,전공심화,IAA6038001,컴파일러설계,COMPILER DESIGN,홍윤식,제7호관 정보기술대학-504 강의실(중)-1[07-504], [07-504:월(2)(3)(4)], [07-504:월(10:00~10:50)(11:00~11:50)(12:00~12:50)],50분(표준),3,일반과목,강의(이론),상대평가,일반(1~15주),비대상
866,정보기술대학,컴퓨터공학부,3,전공심화,전공심화,IAA6038002,컴파일러설계,COMPILER DESIGN,홍윤식,제7호관 정보기술대학-504 강의실(중)-1[07-504], [07-504:월(7)(8)(9)], [07-504:월(15:00~15:50)(16:00~16:50)(17:00~17:50)],50분(표준),3,일반과목,강의(이론),상대평가,일반(1~15주),비대상
867,정보기술대학,컴퓨터공학부,4,전공핵심,전공핵심,0012390001,CAPSTONE DESIGN,Capstone Design,민병준,제7호관 정보기술대학-511 컴퓨터실습실-4[07-511], [07-511:목(7)(8)(9)], [07-511:목(15:00~15:50)(16:00~16:50)(17:00~17:50)],50분(표준),2,일반과목,이론실험실습,절대평가,일반(1~15주),비대상
868,정보기술대학,컴퓨터공학부,4,전공핵심,전공핵심,0012390002,CAPSTONE DESIGN,Capstone Design,박종승,제7호관 정보기술대학-503 AI 컴퓨팅 실습실[07-503], [07-503:목(7)(8)(9)], [07-503:목(15:00~15:50)(16:00~16:50)(17:00~17:50)],50분(표준),2,일반과목,이론실험실습,절대평가,일반(1~15주),비대상
869,정보기술대학,컴퓨터공학부,4,전공핵심,전공핵심,0012390003,CAPSTONE DESIGN,Capstone Design,안재균,제7호관 정보기술대학-502 HW실습실[07-502], [07-502:목(7)(8)(9)], [07-502:목(15:00~15:50)(16:00~16:50)(17:00~17:50)],50분(표준),2,일반과목,이론실험실습,절대평가,일반(1~15주),비대상
870,정보기술대학,컴퓨터공학부,4,전공핵심,전공핵심,0012390004,CAPSTONE DESIGN,Capstone Design,이장호,제7호관 정보기술대학-501 컴퓨터실습실-3[07-501], [07-501:목(7)(8)(9)], [07-501:목(15:00~15:50)(16:00~16:50)(17:00~17:50)],50분(표준),2,일반과목,이론실험실습,절대평가,일반(1~15주),비대상
871,정보기술대학,컴퓨터공학부,4,전공핵심,전공핵심,0012390005,CAPSTONE DESIGN,Capstone Design,박문주,제7호관 정보기술대학-416 세미나실(대)[07-416], [07-416:목(7)(8)(9)], [07-416:목(15:00~15:50)(16:00~16:50)(17:00~17:50)],50분(표준),2,일반과목,이론실험실습,절대평가,일반(1~15주),비대상
872,정보기술대학,컴퓨터공학부,4,전공핵심,전공핵심,0012390006,CAPSTONE DESIGN,Capstone Design,채진석,제7호관 정보기술대학-408 컴퓨터실습실-1[07-408], [07-408:화(야1)(야2)(야3)], [07-408:화(18:00~18:50)(18:55~19:45)(19:50~20:40)],50분(표준),2,일반과목,이론실험실습,절대평가,일반(1~15주),비대상
873,정보기술대학,컴퓨터공학부,4,전공핵심,전공핵심,0012390007,CAPSTONE DESIGN,Capstone Design,이현규,제7호관 정보기술대학-415 컴퓨터실습실-2[07-415], [07-415:화(야1)(야2)(야3)], [07-415:화(18:00~18:50)(18:55~19:45)(19:50~20:40)],50분(표준),2,일반과목,이론실험실습,절대평가,일반(1~15주),비대상
874,정보기술대학,컴퓨터공학부,4,전공심화,전공심화,0001777001,클라우드컴퓨팅,Cloud Computing,이승수,제7호관 정보기술대학-505 강의실(중)-2[07-505], [07-505:월(7-8A)(8B-9)], [07-505:월(15:00~16:15)(16:30~17:45)],75분,3,일반과목,e-Learning,상대평가,일반(1~15주),비대상
875,정보기술대학,컴퓨터공학부,4,전공심화,전공심화,0006117001,네트워크보안,NETWORK SECURITY,이승수,제7호관 정보기술대학-416 세미나실(대)[07-416]," [07-416:수(2B-3),목(2B-3)]"," [07-416:수(10:30~11:45),목(10:30~11:45)]",75분,3,일반과목,강의(이론),상대평가,일반(1~15주),비대상
876,정보기술대학,컴퓨터공학부,4,전공심화,전공심화,0006683001,엔터테인먼트소프트웨어,Entertainment Software,박종승,제7호관 정보기술대학-503 AI 컴퓨팅 실습실[07-503]," [07-503:화(7)(8),목(5)(6)]"," [07-503:화(15:00~15:50)(16:00~16:50),목(13:00~13:50)(14:00~14:50)]",50분(표준),3,일반과목,온라인혼합형강좌,상대평가,일반(1~15주),비대상
877,정보기술대학,컴퓨터공학부,4,전공심화,전공심화,0011919001,인공지능융합특론,Advanced Topics in AI Convergence,이현규,제7호관 정보기술대학-416 세미나실(대)[07-416]," [07-416:월(5B-6),수(5B-6)]"," [07-416:월(13:30~14:45),수(13:30~14:45)]",75분,3,일반과목,강의(이론),상대평가,일반(1~15주),비대상
878,정보기술대학,컴퓨터공학부,4,전공심화,전공심화,IAA6074001,소프트웨어설계,Software Design,박기석,제7호관 정보기술대학-416 세미나실(대)[07-416]," [07-416:화(5B-6),수(7-8A)]"," [07-416:화(13:30~14:45),수(15:00~16:15)]",75분,3,일반과목,온라인혼합형강좌,상대평가,일반(1~15주),비대상
879,정보기술대학,정보통신공학과,전학년,전공심화,전공심화,0009062045,RISE,RISE,전현채,,,,75분,3,일반과목,RISE(시간표 없음),이수인정,일반(1~15주),비대상
880,정보기술대학,정보통신공학과,전학년,전공심화,전공심화,0009062046,RISE,RISE,김도엽,,,,75분,3,일반과목,RISE(시간표 없음),이수인정,일반(1~15주),비대상
881,정보기술대학,정보통신공학과,1,기초교양,학문의기초,XAA1358014,대학수학(1),CALCULUS(1),전현채,제7호관 정보기술대학-111 컴퓨터실험실-1[07-111]," [07-111:수(7-8A),목(1-2A)]"," [07-111:수(15:00~16:15),목(09:00~10:15)]",75분,3,일반과목,온라인혼합형강좌,상대평가,일반(1~15주),비대상
882,정보기술대학,정보통신공학과,1,기초교양,학문의기초,XAA1358015,대학수학(1),CALCULUS(1),김도엽,"제7호관 정보기술대학-104 강의실(중)-1[07-104], 제7호관 정보기술대학-406 강의실(소)-2[07-406]", [07-104:수(7-8A)] [07-406:목(7-8A)], [07-104:수(15:00~16:15)] [07-406:목(15:00~16:15)],75분,3,일반과목,강의(이론),상대평가,일반(1~15주),글로벌강의(ES)
883,정보기술대학,정보통신공학과,1,전공기초,전공기초,0002026001,프로그래밍(1),PROGRAMMING(1),김도엽,제7호관 정보기술대학-211 컴퓨터실험실-2[07-211]," [07-211:화(2)(3),수(2)(3)]"," [07-211:화(10:00~10:50)(11:00~11:50),수(10:00~10:50)(11:00~11:50)]",50분(표준),3,일반과목,이론실험실습,절대평가,일반(1~15주),글로벌강의(ES)
884,정보기술대학,정보통신공학과,1,전공기초,전공기초,0002026002,프로그래밍(1),PROGRAMMING(1),송영록,제7호관 정보기술대학-205 정보처리실험실[07-205], [07-205:월(1)(2)(3)(4)], [07-205:월(09:00~09:50)(10:00~10:50)(11:00~11:50)(12:00~12:50)],50분(표준),3,일반과목,이론실험실습,절대평가,일반(1~15주),비대상
885,정보기술대학,정보통신공학과,1,전공기초,전공기초,0002026003,프로그래밍(1),PROGRAMMING(1),조원서,제7호관 정보기술대학-111 컴퓨터실험실-1[07-111]," [07-111:월(2)(3),화(2)(3)]"," [07-111:월(10:00~10:50)(11:00~11:50),화(10:00~10:50)(11:00~11:50)]",50분(표준),3,일반과목,이론실험실습,절대평가,일반(1~15주),비대상
886,정보기술대학,정보통신공학과,1,전공심화,전공심화,0002025001,전자물리,Physics for Electronics,이병주,"제7호관 정보기술대학-104 강의실(중)-1[07-104], 제7호관 정보기술대학-205 정보처리실험실[07-205]", [07-104:화(5B-6)] [07-205:목(8B-9)], [07-104:화(13:30~14:45)] [07-205:목(16:30~17:45)],75분,3,일반과목,온라인혼합형강좌,상대평가,일반(1~15주),비대상
887,정보기술대학,정보통신공학과,1,전공심화,전공심화,0002025002,전자물리,Physics for Electronics,이근행,제7호관 정보기술대학-417 강의실(소)-3[07-417]," [07-417:화(5B-6),수(5B-6)]"," [07-417:화(13:30~14:45),수(13:30~14:45)]",75분,3,일반과목,강의(이론),상대평가,일반(1~15주),비대상
888,정보기술대학,정보통신공학과,1,전공심화,전공심화,0008752001,이산수학론,Discrete Mathematics,우요섭,"제7호관 정보기술대학-104 강의실(중)-1[07-104], 제7호관 정보기술대학-211 컴퓨터실험실-2[07-211]", [07-104:목(7-8A)] [07-211:월(7-8A)], [07-104:목(15:00~16:15)] [07-211:월(15:00~16:15)],75분,3,일반과목,온라인혼합형강좌,상대평가,일반(1~15주),비대상
889,정보기술대학,정보통신공학과,1,전공심화,전공심화,0008752002,이산수학론,Discrete Mathematics,우요섭,제7호관 정보기술대학-211 컴퓨터실험실-2[07-211]," [07-211:월(8B-9),목(5B-6)]"," [07-211:월(16:30~17:45),목(13:30~14:45)]",75분,3,일반과목,온라인혼합형강좌,상대평가,일반(1~15주),비대상
890,정보기술대학,정보통신공학과,1,전공심화,전공심화,0008752003,이산수학론,Discrete Mathematics,송영록,제7호관 정보기술대학-406 강의실(소)-2[07-406], [07-406:월(6)(7)(8)], [07-406:월(14:00~14:50)(15:00~15:50)(16:00~16:50)],50분(표준),3,일반과목,강의(이론),상대평가,일반(1~15주),비대상
891,정보기술대학,정보통신공학과,1,전공심화,전공심화,0011926001,인공지능ICT융합개론1,Introduction to AI and ICT Convergence1,노송,제7호관 정보기술대학-304 영림임업강의실(계단식(대))[07-304]," [07-304:수(8B-9),목(2B-3)]"," [07-304:수(16:30~17:45),목(10:30~11:45)]",75분,3,일반과목,강의(이론),절대평가,일반(1~15주),비대상
892,정보기술대학,정보통신공학과,2,전공기초,전공기초,0011927001,ICT공학수학,ICT Engineering Mathematics,이종길,제7호관 정보기술대학-417 강의실(소)-3[07-417], [07-417:월(5B-6)(7-8A)], [07-417:월(13:30~14:45)(15:00~16:15)],75분,3,일반과목,강의(이론),상대평가,일반(1~15주),비대상
893,정보기술대학,정보통신공학과,2,전공기초,전공기초,0011927002,ICT공학수학,ICT Engineering Mathematics,강승택,제7호관 정보기술대학-104 강의실(중)-1[07-104]," [07-104:월(5B-6),목(5B-6)]"," [07-104:월(13:30~14:45),목(13:30~14:45)]",75분,3,일반과목,강의(이론),상대평가,일반(1~15주),비대상
894,정보기술대학,정보통신공학과,2,전공기초,전공기초,0011927003,ICT공학수학,ICT Engineering Mathematics,김경원,"제7호관 정보기술대학-104 강의실(중)-1[07-104], 제7호관 정보기술대학-417 강의실(소)-3[07-417]", [07-104:월(7-8A)] [07-417:목(5B-6)], [07-104:월(15:00~16:15)] [07-417:목(13:30~14:45)],75분,3,일반과목,강의(이론),상대평가,일반(1~15주),비대상
895,정보기술대학,정보통신공학과,2,전공핵심,전공핵심,IAB6002001,회로이론,CIRCUIT THEORY,이근행,제7호관 정보기술대학-406 강의실(소)-2[07-406]," [07-406:화(2B-3),수(7-8A)]"," [07-406:화(10:30~11:45),수(15:00~16:15)]",75분,3,일반과목,강의(이론),상대평가,일반(1~15주),비대상
896,정보기술대학,정보통신공학과,2,전공핵심,전공핵심,IAB6002002,회로이론,CIRCUIT THEORY,김도엽,제7호관 정보기술대학-406 강의실(소)-2[07-406]," [07-406:수(8B-9),목(2B-3)]"," [07-406:수(16:30~17:45),목(10:30~11:45)]",75분,3,일반과목,강의(이론),상대평가,일반(1~15주),글로벌강의(ES)
897,정보기술대학,정보통신공학과,2,전공핵심,전공핵심,IAB6002003,회로이론,CIRCUIT THEORY,전현채,제7호관 정보기술대학-417 강의실(소)-3[07-417]," [07-417:수(1-2A),목(2B-3)]"," [07-417:수(09:00~10:15),목(10:30~11:45)]",75분,3,일반과목,온라인혼합형강좌,절대평가,일반(1~15주),원어강의(EN)
898,정보기술대학,정보통신공학과,2,전공핵심,전공핵심,IAB6060001,데이터베이스,DATABASE,우요섭,제7호관 정보기술대학-211 컴퓨터실험실-2[07-211]," [07-211:화(5B-6),수(7-8A)]"," [07-211:화(13:30~14:45),수(15:00~16:15)]",75분,3,일반과목,강의(이론),상대평가,일반(1~15주),비대상
899,정보기술대학,정보통신공학과,2,전공핵심,전공핵심,IAB6060002,데이터베이스,DATABASE,유제진,제7호관 정보기술대학-205 정보처리실험실[07-205], [07-205:금(2)(3)(4)], [07-205:금(10:00~10:50)(11:00~11:50)(12:00~12:50)],50분(표준),3,일반과목,강의(이론),상대평가,일반(1~15주),비대상
900,정보기술대학,정보통신공학과,2,전공핵심,전공핵심,IAB6060003,데이터베이스,DATABASE,유제진,제7호관 정보기술대학-205 정보처리실험실[07-205], [07-205:금(6)(7)(8)], [07-205:금(14:00~14:50)(15:00~15:50)(16:00~16:50)],50분(표준),3,일반과목,강의(이론),상대평가,일반(1~15주),비대상
901,정보기술대학,정보통신공학과,2,전공심화,전공심화,0002032001,확률이론,Introduction to Probability,안승환,제7호관 정보기술대학-417 강의실(소)-3[07-417]," [07-417:월(8B-9),목(8B-9)]"," [07-417:월(16:30~17:45),목(16:30~17:45)]",75분,3,일반과목,강의(이론),상대평가,일반(1~15주),비대상
902,정보기술대학,정보통신공학과,2,전공심화,전공심화,0002032002,확률이론,Introduction to Probability,조경훈,제7호관 정보기술대학-104 강의실(중)-1[07-104]," [07-104:화(7-8A),수(2B-3)]"," [07-104:화(15:00~16:15),수(10:30~11:45)]",75분,3,일반과목,강의(이론),상대평가,일반(1~15주),비대상
903,정보기술대학,정보통신공학과,2,전공심화,전공심화,0009485001,컴퓨터알고리즘,Algorithm,김동훈,제7호관 정보기술대학-111 컴퓨터실험실-1[07-111], [07-111:금(1)(2)(3)(4)], [07-111:금(09:00~09:50)(10:00~10:50)(11:00~11:50)(12:00~12:50)],50분(표준),3,일반과목,이론실험실습,상대평가,일반(1~15주),비대상
904,정보기술대학,정보통신공학과,2,전공심화,전공심화,0009485002,컴퓨터알고리즘,Algorithm,김동훈,제7호관 정보기술대학-111 컴퓨터실험실-1[07-111], [07-111:금(6)(7)(8)(9)], [07-111:금(14:00~14:50)(15:00~15:50)(16:00~16:50)(17:00~17:50)],50분(표준),3,일반과목,이론실험실습,상대평가,일반(1~15주),비대상
905,정보기술대학,정보통신공학과,2,전공심화,전공심화,0011928001,리눅스기초및프로그래밍,Linux fundamentals and programming,김영필,제7호관 정보기술대학-205 정보처리실험실[07-205]," [07-205:수(5B-6),목(7-8A)]"," [07-205:수(13:30~14:45),목(15:00~16:15)]",75분,3,일반과목,강의(이론),절대평가,일반(1~15주),비대상
906,정보기술대학,정보통신공학과,2,전공심화,전공심화,IAB6020001,전자계산기구조,COMPUTER ARCHITECTURE,조원서,제7호관 정보기술대학-205 정보처리실험실[07-205]," [07-205:월(8B-9),목(1-2A)]"," [07-205:월(16:30~17:45),목(09:00~10:15)]",75분,3,일반과목,강의(이론),상대평가,일반(1~15주),비대상
907,정보기술대학,정보통신공학과,2,전공심화,전공심화,IAB6020002,전자계산기구조,COMPUTER ARCHITECTURE,조원서,제7호관 정보기술대학-205 정보처리실험실[07-205]," [07-205:화(7-8A),수(2B-3)]"," [07-205:화(15:00~16:15),수(10:30~11:45)]",75분,3,일반과목,강의(이론),상대평가,일반(1~15주),비대상
908,정보기술대학,정보통신공학과,3,전공핵심,전공핵심,0010089001,통신공학이론,Communication Engineering,이병주,제7호관 정보기술대학-104 강의실(중)-1[07-104]," [07-104:월(2B-3),수(1-2A)]"," [07-104:월(10:30~11:45),수(09:00~10:15)]",75분,3,일반과목,온라인혼합형강좌,상대평가,일반(1~15주),비대상
909,정보기술대학,정보통신공학과,3,전공핵심,전공핵심,0010089002,통신공학이론,Communication Engineering,노송,"제7호관 정보기술대학-104 강의실(중)-1[07-104], 제7호관 정보기술대학-111 컴퓨터실험실-1[07-111]", [07-104:월(1-2A)] [07-111:수(2B-3)], [07-104:월(09:00~10:15)] [07-111:수(10:30~11:45)],75분,3,일반과목,온라인혼합형강좌,상대평가,일반(1~15주),비대상
910,정보기술대학,정보통신공학과,3,전공심화,전공심화,0002311001,전자장론,Electro-Magnetic Field Theory,강승택,제7호관 정보기술대학-104 강의실(중)-1[07-104]," [07-104:화(2B-3),목(2B-3)]"," [07-104:화(10:30~11:45),목(10:30~11:45)]",75분,3,일반과목,강의(이론),상대평가,일반(1~15주),비대상
911,정보기술대학,정보통신공학과,3,전공심화,전공심화,0010090001,선형대수론,Linear Algebra,노송,"제7호관 정보기술대학-111 컴퓨터실험실-1[07-111], 제7호관 정보기술대학-211 컴퓨터실험실-2[07-211]", [07-111:화(5B-6)] [07-211:목(1-2A)], [07-111:화(13:30~14:45)] [07-211:목(09:00~10:15)],75분,3,일반과목,온라인혼합형강좌,상대평가,일반(1~15주),비대상
912,정보기술대학,정보통신공학과,3,전공심화,전공심화,0010090002,선형대수론,Linear Algebra,김경원,제7호관 정보기술대학-406 강의실(소)-2[07-406]," [07-406:화(5B-6),목(8B-9)]"," [07-406:화(13:30~14:45),목(16:30~17:45)]",75분,3,일반과목,강의(이론),상대평가,일반(1~15주),비대상
913,정보기술대학,정보통신공학과,3,전공심화,전공심화,0011929001,빅데이터프로그래밍,Big data programming,우요섭,제7호관 정보기술대학-211 컴퓨터실험실-2[07-211]," [07-211:화(7-8A),수(5B-6)]"," [07-211:화(15:00~16:15),수(13:30~14:45)]",75분,3,일반과목,강의(이론),절대평가,일반(1~15주),비대상
914,정보기술대학,정보통신공학과,3,전공심화,전공심화,0011929002,빅데이터프로그래밍,Big data programming,안승환,제7호관 정보기술대학-111 컴퓨터실험실-1[07-111]," [07-111:화(7-8A),수(5B-6)]"," [07-111:화(15:00~16:15),수(13:30~14:45)]",75분,3,일반과목,강의(이론),절대평가,일반(1~15주),비대상
915,정보기술대학,정보통신공학과,3,전공심화,전공심화,IAB6022001,운영체제,OPERATING SYSTEM,김영필,제7호관 정보기술대학-205 정보처리실험실[07-205]," [07-205:화(1-2A),목(5B-6)]"," [07-205:화(09:00~10:15),목(13:30~14:45)]",75분,3,일반과목,온라인혼합형강좌,상대평가,일반(1~15주),비대상
916,정보기술대학,정보통신공학과,3,전공심화,전공심화,IAB6030001,데이터통신,DATA COMMUNICATION,이기영,"제7호관 정보기술대학-211 컴퓨터실험실-2[07-211], 제7호관 정보기술대학-304 영림임업강의실(계단식(대))[07-304]", [07-211:월(1-2A)] [07-304:수(2B-3)], [07-211:월(09:00~10:15)] [07-304:수(10:30~11:45)],75분,3,일반과목,강의(이론),상대평가,일반(1~15주),비대상
917,정보기술대학,정보통신공학과,3,전공심화,전공심화,IAB6030002,데이터통신,DATA COMMUNICATION,이기영,"제7호관 정보기술대학-211 컴퓨터실험실-2[07-211], 제7호관 정보기술대학-304 영림임업강의실(계단식(대))[07-304]", [07-211:월(2B-3)] [07-304:수(1-2A)], [07-211:월(10:30~11:45)] [07-304:수(09:00~10:15)],75분,3,일반과목,강의(이론),상대평가,일반(1~15주),비대상
918,정보기술대학,정보통신공학과,3,전공심화,전공심화,IAB6065001,전자회로,ELECTRONIC CIRCUIT,강승택,제7호관 정보기술대학-417 강의실(소)-3[07-417]," [07-417:수(7-8A),목(7-8A)]"," [07-417:수(15:00~16:15),목(15:00~16:15)]",75분,3,일반과목,강의(이론),절대평가,일반(1~15주),원어강의(EN)
919,정보기술대학,정보통신공학과,3,전공심화,전공심화,IAB6068001,인터넷설계실습,INTERNET DESIGN LABORATORY,이은규,제7호관 정보기술대학-111 컴퓨터실험실-1[07-111], [07-111:월(6)(7)(8)(9)], [07-111:월(14:00~14:50)(15:00~15:50)(16:00~16:50)(17:00~17:50)],50분(표준),2,일반과목,온라인혼합형강좌,절대평가,일반(1~15주),비대상
920,정보기술대학,정보통신공학과,4,전공심화,전공심화,0002035001,정보보호시스템,Information Security System,이은규,제7호관 정보기술대학-205 정보처리실험실[07-205]," [07-205:화(5B-6),수(7-8A)]"," [07-205:화(13:30~14:45),수(15:00~16:15)]",75분,3,일반과목,온라인혼합형강좌,절대평가,일반(1~15주),비대상
921,정보기술대학,정보통신공학과,4,전공심화,전공심화,0006819001,캡스톤디자인(1),Capstone Design (1),노송,제7호관 정보기술대학-406 강의실(소)-2[07-406], [07-406:목(5)(6)], [07-406:목(13:00~13:50)(14:00~14:50)],50분(표준),1,일반과목,실험실습,절대평가,일반(1~15주),비대상
922,정보기술대학,정보통신공학과,4,전공심화,전공심화,0006819002,캡스톤디자인(1),Capstone Design (1),이병주,제7호관 정보기술대학-111 컴퓨터실험실-1[07-111], [07-111:목(5)(6)], [07-111:목(13:00~13:50)(14:00~14:50)],50분(표준),1,일반과목,실험실습,절대평가,일반(1~15주),비대상
923,정보기술대학,정보통신공학과,4,전공심화,전공심화,0006819003,캡스톤디자인(1),Capstone Design (1),안승환,제7호관 정보기술대학-102 기초정보공학실험실[07-102], [07-102:목(5)(6)], [07-102:목(13:00~13:50)(14:00~14:50)],50분(표준),1,일반과목,실험실습,절대평가,일반(1~15주),비대상
924,정보기술대학,정보통신공학과,4,전공심화,전공심화,0006819004,캡스톤디자인(1),Capstone Design (1),조원서,제7호관 정보기술대학-105 정보시스템실험실[07-105], [07-105:목(5)(6)], [07-105:목(13:00~13:50)(14:00~14:50)],50분(표준),1,일반과목,실험실습,절대평가,일반(1~15주),비대상
925,정보기술대학,정보통신공학과,4,전공심화,전공심화,0010091001,통신시스템설계,Design of Communication Systems,전현채,제7호관 정보기술대학-205 정보처리실험실[07-205]," [07-205:월(7-8A),화(2B-3)]"," [07-205:월(15:00~16:15),화(10:30~11:45)]",75분,3,일반과목,강의(이론),절대평가,일반(1~15주),비대상
926,정보기술대학,정보통신공학과,4,전공심화,전공심화,0010095001,분산클라우드컴퓨팅,Distributed and Cloud Computing,김영필,제7호관 정보기술대학-205 정보처리실험실[07-205]," [07-205:수(1-2A),목(2B-3)]"," [07-205:수(09:00~10:15),목(10:30~11:45)]",75분,3,일반과목,온라인혼합형강좌,절대평가,일반(1~15주),비대상
927,정보기술대학,정보통신공학과,4,전공심화,전공심화,0011930001,딥러닝론,Introduction to Deep Learning,조경훈,제7호관 정보기술대학-211 컴퓨터실험실-2[07-211]," [07-211:월(5B-6),목(7-8A)]"," [07-211:월(13:30~14:45),목(15:00~16:15)]",75분,3,일반과목,강의(이론),상대평가,일반(1~15주),비대상
928,정보기술대학,정보통신공학과,4,전공심화,전공심화,0011930002,딥러닝론,Introduction to Deep Learning,안승환,"제7호관 정보기술대학-111 컴퓨터실험실-1[07-111], 제7호관 정보기술대학-205 정보처리실험실[07-205]", [07-111:목(7-8A)] [07-205:월(5B-6)], [07-111:목(15:00~16:15)] [07-205:월(13:30~14:45)],75분,3,일반과목,강의(이론),상대평가,일반(1~15주),비대상
929,정보기술대학,정보통신공학과,4,전공심화,전공심화,0011931001,무선및이동통신,Wireless and Mobile Communications,김도엽,제7호관 정보기술대학-104 강의실(중)-1[07-104]," [07-104:수(5B-6),목(8B-9)]"," [07-104:수(13:30~14:45),목(16:30~17:45)]",75분,3,일반과목,강의(이론),상대평가,일반(1~15주),글로벌강의(ES)
930,정보기술대학,정보통신공학과,4,전공심화,전공심화,0012391001,심화전자회로,Advanced electronic circuit,이근행,제7호관 정보기술대학-104 강의실(중)-1[07-104]," [07-104:월(8B-9),수(8B-9)]"," [07-104:월(16:30~17:45),수(16:30~17:45)]",75분,3,일반과목,강의(이론),상대평가,일반(1~15주),비대상
931,정보기술대학,정보통신공학과,4,전공심화,전공심화,IAB6016001,수치해석,NUMERICAL ANALYSIS,강승택,제7호관 정보기술대학-417 강의실(소)-3[07-417]," [07-417:화(7-8A),수(2B-3)]"," [07-417:화(15:00~16:15),수(10:30~11:45)]",75분,3,일반과목,온라인혼합형강좌,절대평가,일반(1~15주),원어강의(EN)
932,정보기술대학,임베디드시스템공학과,1,기초교양,학문의기초,XAA1358016,대학수학(1),CALCULUS(1),이영섭,제7호관 정보기술대학-311 대학원강의실[07-311]," [07-311:화(2),수(7)(8)]"," [07-311:화(10:00~10:50),수(15:00~15:50)(16:00~16:50)]",50분(표준),3,일반과목,강의(이론),상대평가,일반(1~15주),비대상
933,정보기술대학,임베디드시스템공학과,1,전공기초,전공기초,0006799001,C언어프로그래밍(1),C language programing (1) ,원경호,제7호관 정보기술대학-306 임베디드SW실험실[07-306]," [07-306:화(3)(4),목(8)(9)]"," [07-306:화(11:00~11:50)(12:00~12:50),목(16:00~16:50)(17:00~17:50)]",50분(표준),2,일반과목,실험실습,상대평가,일반(1~15주),비대상
934,정보기술대학,임베디드시스템공학과,1,전공기초,전공기초,0006843001,C언어프로그래밍(2),C language programing (2) ,강석훈,제7호관 정보기술대학-311 대학원강의실[07-311]," [07-311:월(8)(9),화(3)(4)]"," [07-311:월(16:00~16:50)(17:00~17:50),화(11:00~11:50)(12:00~12:50)]",50분(표준),2,일반과목,실험실습,상대평가,일반(1~15주),비대상
935,정보기술대학,임베디드시스템공학과,1,전공기초,전공기초,XAA1333001,이산수학,DISCRETE MATHEMATICS,황광일,제7호관 정보기술대학-313 강의실(중)-2[07-313]," [07-313:화(5B-6),수(5B-6)]"," [07-313:화(13:30~14:45),수(13:30~14:45)]",75분,3,일반과목,강의(이론),상대평가,일반(1~15주),비대상
936,정보기술대학,임베디드시스템공학과,1,전공핵심,전공핵심,0009489001,디지털회로및소자,Digital Circuits and Devices,원경호,제7호관 정보기술대학-317 창의설계실험실[07-317]," [07-317:수(1-2A),금(8B-9)]"," [07-317:수(09:00~10:15),금(16:30~17:45)]",75분,3,일반과목,강의(이론),상대평가,일반(1~15주),비대상
937,정보기술대학,임베디드시스템공학과,1,전공핵심,전공핵심,0009489002,디지털회로및소자,Digital Circuits and Devices,원경호,제7호관 정보기술대학-317 창의설계실험실[07-317]," [07-317:수(2B-3),금(7-8A)]"," [07-317:수(10:30~11:45),금(15:00~16:15)]",75분,3,일반과목,강의(이론),상대평가,일반(1~15주),비대상
938,정보기술대학,임베디드시스템공학과,1,전공심화,전공심화,0009490001,MATLAB프로그래밍,Matlab Programming,최병조,제7호관 정보기술대학-306 임베디드SW실험실[07-306]," [07-306:목(5B-6),금(2B-3)]"," [07-306:목(13:30~14:45),금(10:30~11:45)]",75분,3,일반과목,온라인혼합형강좌,절대평가,일반(1~15주),비대상
939,정보기술대학,임베디드시스템공학과,1,전공심화,전공심화,0011943001,임베디드전공설계세미나1,Embedded Major Design Seminar1,황광일,제7호관 정보기술대학-311 대학원강의실[07-311], [07-311:월(5)], [07-311:월(13:00~13:50)],50분(표준),1,일반과목,자기설계세미나,이수인정,일반(1~15주),비대상
940,정보기술대학,임베디드시스템공학과,2,전공핵심,전공핵심,0006800001,마이크로컨트롤러구조,Microcontroller Architecture,황광일,제7호관 정보기술대학-313 강의실(중)-2[07-313]," [07-313:화(2),수(2)(3)]"," [07-313:화(10:00~10:50),수(10:00~10:50)(11:00~11:50)]",50분(표준),3,일반과목,강의(이론),상대평가,일반(1~15주),비대상
941,정보기술대학,임베디드시스템공학과,2,전공핵심,전공핵심,IAC3038001,데이터구조,DATA STRUCTURE,강석훈,제7호관 정보기술대학-311 대학원강의실[07-311]," [07-311:월(6)(7),화(5)(6)]"," [07-311:월(14:00~14:50)(15:00~15:50),화(13:00~13:50)(14:00~14:50)]",50분(표준),3,일반과목,온라인혼합형강좌,상대평가,일반(1~15주),비대상
942,정보기술대학,임베디드시스템공학과,2,전공심화,전공심화,0011446001,데이터사이언스기초,Introduction to Data Science ,강우철,제7호관 정보기술대학-311 대학원강의실[07-311]," [07-311:화(8B-9),금(2B-3)]"," [07-311:화(16:30~17:45),금(10:30~11:45)]",75분,3,일반과목,강의(이론),상대평가,일반(1~15주),비대상
943,정보기술대학,임베디드시스템공학과,2,전공심화,전공심화,0011447001,통신기초,Basic Communication,김현범,제7호관 정보기술대학-313 강의실(중)-2[07-313]," [07-313:월(4-5A),수(8B-9)]"," [07-313:월(12:00~13:15),수(16:30~17:45)]",75분,3,일반과목,강의(이론),상대평가,일반(1~15주),비대상
944,정보기술대학,임베디드시스템공학과,3,전공핵심,전공핵심,0006808001,임베디드구조,Embedded Architecture,김현범,제7호관 정보기술대학-311 대학원강의실[07-311], [07-311:목(2)(3)(4)], [07-311:목(10:00~10:50)(11:00~11:50)(12:00~12:50)],50분(표준),3,일반과목,e-Learning,상대평가,일반(1~15주),비대상
945,정보기술대학,임베디드시스템공학과,3,전공핵심,전공핵심,IAC3047001,운영체제,OPERATING SYSTEM,강석훈,제7호관 정보기술대학-304 영림임업강의실(계단식(대))[07-304]," [07-304:월(4-5A),화(1-2A)]"," [07-304:월(12:00~13:15),화(09:00~10:15)]",75분,3,일반과목,온라인혼합형강좌,상대평가,일반(1~15주),비대상
946,정보기술대학,임베디드시스템공학과,4,전공핵심,전공핵심,IAC3054001,캡스턴디자인(1),CAPSTONE DESIGN(1),황광일,제7호관 정보기술대학-302 캡스턴디자인실험실[07-302]," [07-302:월(2B-3),화(8B-9)]"," [07-302:월(10:30~11:45),화(16:30~17:45)]",75분,3,일반과목,강의(이론),절대평가,일반(1~15주),비대상
947,정보기술대학,임베디드시스템공학과,4,전공심화,전공심화,0001432001,임베디드시스템특강,Advanced Lectures on Embedded Systems,이영섭,제7호관 정보기술대학-304 영림임업강의실(계단식(대))[07-304]," [07-304:화(5B-6),수(5B-6)]"," [07-304:화(13:30~14:45),수(13:30~14:45)]",75분,3,일반과목,강의(이론),상대평가,일반(1~15주),비대상
948,정보기술대학,임베디드시스템공학과,4,전공심화,전공심화,0006837001,사물인터넷,Internet of Things,김현범,제7호관 정보기술대학-313 강의실(중)-2[07-313]," [07-313:월(5B-6),수(7-8A)]"," [07-313:월(13:30~14:45),수(15:00~16:15)]",75분,3,일반과목,강의(이론),상대평가,일반(1~15주),비대상
949,정보기술대학,임베디드시스템공학과,4,전공심화,전공심화,0011449001,딥러닝알고리즘,Deep Learning Algorithms,강우철,제7호관 정보기술대학-306 임베디드SW실험실[07-306]," [07-306:월(2B-3),수(7-8A)]"," [07-306:월(10:30~11:45),수(15:00~16:15)]",75분,3,일반과목,강의(이론),상대평가,일반(1~15주),비대상
950,정보기술대학,임베디드시스템공학과,4,전공심화,전공심화,0011449002,딥러닝알고리즘,Deep Learning Algorithms,강우철,제7호관 정보기술대학-306 임베디드SW실험실[07-306]," [07-306:월(4-5A),수(8B-9)]"," [07-306:월(12:00~13:15),수(16:30~17:45)]",75분,3,일반과목,강의(이론),상대평가,일반(1~15주),비대상
951,경영대학,경영학부,전학년,전공심화,전공심화,0009062047,RISE,RISE,윤태웅,,,,50분(표준),3,일반과목,RISE(시간표 없음),이수인정,일반(1~15주),비대상
952,경영대학,경영학부,전학년,전공심화,전공심화,0009062049,RISE,RISE,김태훈,,,,50분(표준),3,일반과목,RISE(시간표 없음),이수인정,일반(1~15주),원어강의(EN)
953,경영대학,경영학부,1,전공기초,전공기초,JA06048001,회계원리,INTRODUCTION TO ACCOUNTING,김명주,제29호관 생명과학기술대학-413 강의실(경영학부)[29-413], [29-413:화(1-2A)(2B-3)], [29-413:화(09:00~10:15)(10:30~11:45)],75분,3,일반과목,강의(이론),상대평가,일반(1~15주),비대상
954,경영대학,경영학부,1,전공기초,전공기초,JA06048002,회계원리,INTRODUCTION TO ACCOUNTING,김명주,제14호관 동북아경제·경영-103 강의실(소)-2[14-103], [14-103:화(7-8A)(8B-9)], [14-103:화(15:00~16:15)(16:30~17:45)],75분,3,일반과목,강의(이론),상대평가,일반(1~15주),비대상
955,경영대학,경영학부,1,전공기초,전공기초,JA06048003,회계원리,INTRODUCTION TO ACCOUNTING,김명주,제29호관 생명과학기술대학-103 강의실(경영학부)[29-103], [29-103:목(1-2A)(2B-3)], [29-103:목(09:00~10:15)(10:30~11:45)],75분,3,일반과목,강의(이론),상대평가,일반(1~15주),비대상
956,경영대학,경영학부,1,전공기초,전공기초,JA06048004,회계원리,INTRODUCTION TO ACCOUNTING,이현주,제14호관 동북아경제·경영-103 강의실(소)-2[14-103], [14-103:목(2B-3)(4-5A)], [14-103:목(10:30~11:45)(12:00~13:15)],75분,3,일반과목,강의(이론),상대평가,일반(1~15주),비대상
957,경영대학,경영학부,1,전공기초,전공기초,JA06048005,회계원리,INTRODUCTION TO ACCOUNTING,이현주,제14호관 동북아경제·경영-103 강의실(소)-2[14-103], [14-103:목(7-8A)(8B-9)], [14-103:목(15:00~16:15)(16:30~17:45)],75분,3,일반과목,강의(이론),상대평가,일반(1~15주),비대상
958,경영대학,경영학부,1,전공기초,전공기초,JA06048006,회계원리,INTRODUCTION TO ACCOUNTING,이창현,제14호관 동북아경제·경영-201 컴퓨터실[14-201], [14-201:화(7-8A)(8B-9)], [14-201:화(15:00~16:15)(16:30~17:45)],75분,3,일반과목,강의(이론),상대평가,일반(1~15주),비대상
959,경영대학,경영학부,1,전공기초,전공기초,JA06048007,회계원리,INTRODUCTION TO ACCOUNTING,홍기용,제14호관 동북아경제·경영-103 강의실(소)-2[14-103], [14-103:수(2B-3)(4-5A)], [14-103:수(10:30~11:45)(12:00~13:15)],75분,3,일반과목,강의(이론),상대평가,일반(1~15주),비대상
960,경영대학,경영학부,1,전공기초,전공기초,JA06050001,경영학원론,PRINCIPLES OF MANAGEMENT,김경미,제14호관 동북아경제·경영-201 컴퓨터실[14-201]," [14-201:월(2B-3),수(2B-3)]"," [14-201:월(10:30~11:45),수(10:30~11:45)]",75분,3,일반과목,강의(이론),절대평가,일반(1~15주),원어강의(EN)
961,경영대학,경영학부,1,전공기초,전공기초,JA06050002,경영학원론,PRINCIPLES OF MANAGEMENT,김경미,제14호관 동북아경제·경영-201 컴퓨터실[14-201]," [14-201:월(5B-6),수(5B-6)]"," [14-201:월(13:30~14:45),수(13:30~14:45)]",75분,3,일반과목,강의(이론),절대평가,일반(1~15주),원어강의(EN)
962,경영대학,경영학부,1,전공기초,전공기초,JA06050003,경영학원론,PRINCIPLES OF MANAGEMENT,김경미,제14호관 동북아경제·경영-201 컴퓨터실[14-201]," [14-201:월(7-8A),수(7-8A)]"," [14-201:월(15:00~16:15),수(15:00~16:15)]",75분,3,일반과목,강의(이론),절대평가,일반(1~15주),원어강의(EN)
963,경영대학,경영학부,1,전공기초,전공기초,JA06050004,경영학원론,PRINCIPLES OF MANAGEMENT,박현준,제14호관 동북아경제·경영-203 강의실(중)-5(경영대학원)[14-203]," [14-203:화(7-8A),수(5B-6)]"," [14-203:화(15:00~16:15),수(13:30~14:45)]",75분,3,일반과목,강의(이론),절대평가,일반(1~15주),원어강의(EN)
964,경영대학,경영학부,1,전공기초,전공기초,JA06050005,경영학원론,PRINCIPLES OF MANAGEMENT,박현준,"제14호관 동북아경제·경영-203 강의실(중)-5(경영대학원)[14-203], 제14호관 동북아경제·경영-507 정상철강의실[14-507]", [14-203:화(8B-9)] [14-507:수(7-8A)], [14-203:화(16:30~17:45)] [14-507:수(15:00~16:15)],75분,3,일반과목,강의(이론),절대평가,일반(1~15주),원어강의(EN)
965,경영대학,경영학부,2,전공핵심,전공핵심,0012392001,MIS개론,Introduction to Management Information Systems,김태훈,"제14호관 동북아경제·경영-507 정상철강의실[14-507], 제29호관 생명과학기술대학-207 강의실[29-207]", [14-507:수(1-2A)] [29-207:화(7-8A)], [14-507:수(09:00~10:15)] [29-207:화(15:00~16:15)],75분,3,일반과목,온라인혼합형강좌,절대평가,일반(1~15주),원어강의(EN)
966,경영대학,경영학부,2,전공핵심,전공핵심,0012392003,MIS개론,Introduction to Management Information Systems,박천웅,제29호관 생명과학기술대학-413 강의실(경영학부)[29-413], [29-413:목(1-2A)(2B-3)], [29-413:목(09:00~10:15)(10:30~11:45)],75분,3,일반과목,강의(이론),상대평가,일반(1~15주),비대상
967,경영대학,경영학부,2,전공핵심,전공핵심,0012392004,MIS개론,Introduction to Management Information Systems,박천웅,제29호관 생명과학기술대학-413 강의실(경영학부)[29-413], [29-413:목(4-5A)(5B-6)], [29-413:목(12:00~13:15)(13:30~14:45)],75분,3,일반과목,강의(이론),상대평가,일반(1~15주),비대상
968,경영대학,경영학부,2,전공핵심,전공핵심,JA06001001,마케팅원론,PRINCIPLES OF MARKETING,허승,"제14호관 동북아경제·경영-203 강의실(중)-5(경영대학원)[14-203], 제14호관 동북아경제·경영-507 정상철강의실[14-507]", [14-203:화(2B-3)] [14-507:수(2B-3)], [14-203:화(10:30~11:45)] [14-507:수(10:30~11:45)],75분,3,일반과목,온라인혼합형강좌,절대평가,일반(1~15주),원어강의(EN)
969,경영대학,경영학부,2,전공핵심,전공핵심,JA06001002,마케팅원론,PRINCIPLES OF MARKETING,허승,제14호관 동북아경제·경영-507 정상철강의실[14-507]," [14-507:화(5B-6),수(5B-6)]"," [14-507:화(13:30~14:45),수(13:30~14:45)]",75분,3,일반과목,온라인혼합형강좌,절대평가,일반(1~15주),원어강의(EN)
970,경영대학,경영학부,2,전공핵심,전공핵심,JA06001003,마케팅원론,PRINCIPLES OF MARKETING,박은하,제29호관 생명과학기술대학-413 강의실(경영학부)[29-413], [29-413:금(4-5A)(5B-6)], [29-413:금(12:00~13:15)(13:30~14:45)],75분,3,일반과목,강의(이론),상대평가,일반(1~15주),비대상
971,경영대학,경영학부,2,전공핵심,전공핵심,JA06001004,마케팅원론,PRINCIPLES OF MARKETING,박은하,제29호관 생명과학기술대학-413 강의실(경영학부)[29-413], [29-413:금(7-8A)(8B-9)], [29-413:금(15:00~16:15)(16:30~17:45)],75분,3,일반과목,강의(이론),상대평가,일반(1~15주),비대상
972,경영대학,경영학부,2,전공핵심,전공핵심,JA06001005,마케팅원론,PRINCIPLES OF MARKETING,임영수,제29호관 생명과학기술대학-413 강의실(경영학부)[29-413], [29-413:화(4-5A)(5B-6)], [29-413:화(12:00~13:15)(13:30~14:45)],75분,3,일반과목,강의(이론),상대평가,일반(1~15주),비대상
973,경영대학,경영학부,2,전공핵심,전공핵심,JA06001006,마케팅원론,PRINCIPLES OF MARKETING,임영수,제29호관 생명과학기술대학-103 강의실(경영학부)[29-103], [29-103:화(7-8A)(8B-9)], [29-103:화(15:00~16:15)(16:30~17:45)],75분,3,일반과목,강의(이론),상대평가,일반(1~15주),비대상
974,경영대학,경영학부,2,전공핵심,전공핵심,JA06012001,경영과학,MANAGEMENT SCIENCE,김태호,제14호관 동북아경제·경영-203 강의실(중)-5(경영대학원)[14-203]," [14-203:월(5B-6),목(2B-3)]"," [14-203:월(13:30~14:45),목(10:30~11:45)]",75분,3,일반과목,강의(이론),절대평가,일반(1~15주),원어강의(EN)
975,경영대학,경영학부,2,전공핵심,전공핵심,JA06012002,경영과학,MANAGEMENT SCIENCE,이상훈,제29호관 생명과학기술대학-208 강의실[29-208], [29-208:금(4-5A)(5B-6)], [29-208:금(12:00~13:15)(13:30~14:45)],75분,3,일반과목,강의(이론),상대평가,일반(1~15주),비대상
976,경영대학,경영학부,2,전공핵심,전공핵심,JA06012003,경영과학,MANAGEMENT SCIENCE,이상훈,제29호관 생명과학기술대학-208 강의실[29-208], [29-208:금(7-8A)(8B-9)], [29-208:금(15:00~16:15)(16:30~17:45)],75분,3,일반과목,강의(이론),상대평가,일반(1~15주),비대상
977,경영대학,경영학부,2,전공핵심,전공핵심,JA06012004,경영과학,MANAGEMENT SCIENCE,김서영,제5호관 자연과학대학·생명과학기술대학-303 데이터과학과 강의실[05-303], [05-303:목(1-2A)(2B-3)], [05-303:목(09:00~10:15)(10:30~11:45)],75분,3,일반과목,강의(이론),상대평가,일반(1~15주),비대상
978,경영대학,경영학부,2,전공핵심,전공핵심,JA06012005,경영과학,MANAGEMENT SCIENCE,김서영,제5호관 자연과학대학·생명과학기술대학-303 데이터과학과 강의실[05-303], [05-303:목(4-5A)(5B-6)], [05-303:목(12:00~13:15)(13:30~14:45)],75분,3,일반과목,강의(이론),상대평가,일반(1~15주),비대상
979,경영대학,경영학부,2,전공심화,전공심화,0012394001,경영프로그래밍1,Business Programming I,안진원,제14호관 동북아경제·경영-202 멀티미디어실습실[14-202]," [14-202:화(5B-6),목(4-5A)]"," [14-202:화(13:30~14:45),목(12:00~13:15)]",75분,3,일반과목,강의(이론),상대평가,일반(1~15주),비대상
980,경영대학,경영학부,2,전공심화,전공심화,0012396001,디지털비즈니스와소셜미디어,Digital Business and Social Media,박천웅,제29호관 생명과학기술대학-413 강의실(경영학부)[29-413], [29-413:수(1-2A)(2B-3)], [29-413:수(09:00~10:15)(10:30~11:45)],75분,3,일반과목,강의(이론),상대평가,일반(1~15주),비대상
981,경영대학,경영학부,2,전공심화,전공심화,JA06007001,재무회계(2),FINANCIAL ACCOUNTING(2),이창현,제29호관 생명과학기술대학-103 강의실(경영학부)[29-103], [29-103:금(2B-3)(4-5A)], [29-103:금(10:30~11:45)(12:00~13:15)],75분,3,일반과목,강의(이론),상대평가,일반(1~15주),비대상
982,경영대학,경영학부,2,전공심화,전공심화,JA06007002,재무회계(2),FINANCIAL ACCOUNTING(2),이창현,제29호관 생명과학기술대학-103 강의실(경영학부)[29-103], [29-103:금(5B-6)(7-8A)], [29-103:금(13:30~14:45)(15:00~16:15)],75분,3,일반과목,강의(이론),상대평가,일반(1~15주),비대상
983,경영대학,경영학부,2,전공심화,전공심화,JA06049001,상법,BUSINESS LAW,,제29호관 생명과학기술대학-413 강의실(경영학부)[29-413], [29-413:수(7-8A)(8B-9)], [29-413:수(15:00~16:15)(16:30~17:45)],75분,3,일반과목,강의(이론),상대평가,일반(1~15주),비대상
984,경영대학,경영학부,3,전공핵심,전공핵심,0012404001,전략경영,Strategic Management,박현준,제14호관 동북아경제·경영-507 정상철강의실[14-507]," [14-507:월(4-5A),금(2B-3)]"," [14-507:월(12:00~13:15),금(10:30~11:45)]",75분,3,일반과목,온라인혼합형강좌,절대평가,일반(1~15주),원어강의(EN)
985,경영대학,경영학부,3,전공핵심,전공핵심,0012404002,전략경영,Strategic Management,박현준,제14호관 동북아경제·경영-507 정상철강의실[14-507]," [14-507:월(5B-6),금(4-5A)]"," [14-507:월(13:30~14:45),금(12:00~13:15)]",75분,3,일반과목,온라인혼합형강좌,절대평가,일반(1~15주),원어강의(EN)
986,경영대학,경영학부,3,전공핵심,전공핵심,0012404003,전략경영,Strategic Management,김영은,"제14호관 동북아경제·경영-201 컴퓨터실[14-201], 제14호관 동북아경제·경영-507 정상철강의실[14-507]", [14-201:금(5B-6)] [14-507:목(2B-3)], [14-201:금(13:30~14:45)] [14-507:목(10:30~11:45)],75분,3,일반과목,강의(이론),절대평가,일반(1~15주),원어강의(EN)
987,경영대학,경영학부,3,전공심화,전공심화,0001434001,생산운영관리,OPERATIONS MANAGEMENT,김상현,제29호관 생명과학기술대학-207 강의실[29-207], [29-207:화(2B-3)(4-5A)], [29-207:화(10:30~11:45)(12:00~13:15)],75분,3,일반과목,강의(이론),상대평가,일반(1~15주),비대상
988,경영대학,경영학부,3,전공심화,전공심화,0002037001,조직이론,ORGANIZATION DEVELOPMENT,김동배,제14호관 동북아경제·경영-203 강의실(중)-5(경영대학원)[14-203]," [14-203:월(1-2A),화(1-2A)]"," [14-203:월(09:00~10:15),화(09:00~10:15)]",75분,3,일반과목,강의(이론),상대평가,일반(1~15주),비대상
989,경영대학,경영학부,3,전공심화,전공심화,0005948001,기업재무론,Corporate Finance,전용호,제14호관 동북아경제·경영-203 강의실(중)-5(경영대학원)[14-203]," [14-203:목(4-5A),금(4-5A)]"," [14-203:목(12:00~13:15),금(12:00~13:15)]",75분,3,일반과목,온라인혼합형강좌,상대평가,일반(1~15주),비대상
990,경영대학,경영학부,3,전공심화,전공심화,0010927001,기업과문화,Business and Culture,김경미,제14호관 동북아경제·경영-201 컴퓨터실[14-201]," [14-201:화(2B-3),목(2B-3)]"," [14-201:화(10:30~11:45),목(10:30~11:45)]",75분,3,일반과목,강의(이론),절대평가,일반(1~15주),원어강의(EN)
991,경영대학,경영학부,3,전공심화,전공심화,0010927002,기업과문화,Business and Culture,김경미,제14호관 동북아경제·경영-201 컴퓨터실[14-201]," [14-201:화(5B-6),목(5B-6)]"," [14-201:화(13:30~14:45),목(13:30~14:45)]",75분,3,일반과목,강의(이론),절대평가,일반(1~15주),원어강의(EN)
992,경영대학,경영학부,3,전공심화,전공심화,0012399001,데이터애널리틱스와비즈니스인텔리전스,Data Analytics for Business Intelligence,안진원,제14호관 동북아경제·경영-202 멀티미디어실습실[14-202]," [14-202:화(7-8A),목(7-8A)]"," [14-202:화(15:00~16:15),목(15:00~16:15)]",75분,3,일반과목,강의(이론),절대평가,일반(1~15주),원어강의(EN)
993,경영대학,경영학부,3,전공심화,전공심화,0012405001,벤처창업론,Venture Entrepreneurship,김영은,제14호관 동북아경제·경영-201 컴퓨터실[14-201]," [14-201:목(4-5A),금(4-5A)]"," [14-201:목(12:00~13:15),금(12:00~13:15)]",75분,3,일반과목,강의(이론),절대평가,일반(1~15주),원어강의(EN)
994,경영대학,경영학부,3,전공심화,전공심화,JA06016001,광고론,ADVERTISING MANAGEMENT,윤태웅,제14호관 동북아경제·경영-203 강의실(중)-5(경영대학원)[14-203]," [14-203:월(2B-3),수(2B-3)]"," [14-203:월(10:30~11:45),수(10:30~11:45)]",75분,3,일반과목,강의(이론),상대평가,일반(1~15주),비대상
995,경영대학,경영학부,3,전공심화,전공심화,JA06016002,광고론,ADVERTISING MANAGEMENT,윤태웅,제14호관 동북아경제·경영-203 강의실(중)-5(경영대학원)[14-203]," [14-203:월(7-8A),수(7-8A)]"," [14-203:월(15:00~16:15),수(15:00~16:15)]",75분,3,일반과목,강의(이론),상대평가,일반(1~15주),비대상
996,경영대학,경영학부,3,전공심화,전공심화,JA06018001,원가회계,Cost Accounting ,박영규,제29호관 생명과학기술대학-413 강의실(경영학부)[29-413], [29-413:월(5B-6)(7-8A)], [29-413:월(13:30~14:45)(15:00~16:15)],75분,3,일반과목,강의(이론),상대평가,일반(1~15주),비대상
997,경영대학,경영학부,3,전공심화,전공심화,JA06044001,투자론,INVESTMENT,김선호,제14호관 동북아경제·경영-202 멀티미디어실습실[14-202]," [14-202:화(4-5A),수(2B-3)]"," [14-202:화(12:00~13:15),수(10:30~11:45)]",75분,3,일반과목,강의(이론),상대평가,일반(1~15주),비대상
998,경영대학,경영학부,3,전공심화,전공심화,JA06044002,투자론,INVESTMENT,김선호,"제14호관 동북아경제·경영-202 멀티미디어실습실[14-202], 제14호관 동북아경제·경영-203 강의실(중)-5(경영대학원)[14-203]", [14-202:수(8B-9)] [14-203:화(5B-6)], [14-202:수(16:30~17:45)] [14-203:화(13:30~14:45)],75분,3,일반과목,강의(이론),상대평가,일반(1~15주),비대상
999,경영대학,경영학부,3,전공심화,전공심화,JA06054001,인적자원관리,HUMAN RESOURCES MANAGEMENT,황태진,제14호관 동북아경제·경영-203 강의실(중)-5(경영대학원)[14-203]," [14-203:목(5B-6),금(5B-6)]"," [14-203:목(13:30~14:45),금(13:30~14:45)]",75분,3,일반과목,강의(이론),절대평가,일반(1~15주),원어강의(EN)
1000,경영대학,경영학부,3,전공심화,전공심화,JA06054002,인적자원관리,HUMAN RESOURCES MANAGEMENT,황태진,제14호관 동북아경제·경영-203 강의실(중)-5(경영대학원)[14-203]," [14-203:목(7-8A),금(7-8A)]"," [14-203:목(15:00~16:15),금(15:00~16:15)]",75분,3,일반과목,강의(이론),절대평가,일반(1~15주),원어강의(EN)
1001,경영대학,경영학부,3,전공심화,전공심화,JA06061001,SCM,SUPPLY CHAIN MANAGEMENT,김태호,제14호관 동북아경제·경영-507 정상철강의실[14-507]," [14-507:월(2B-3),목(5B-6)]"," [14-507:월(10:30~11:45),목(13:30~14:45)]",75분,3,일반과목,온라인혼합형강좌,절대평가,일반(1~15주),원어강의(EN)
1002,경영대학,경영학부,3,전공심화,전공심화,JA06062001,인터넷마케팅,INTERNET MARKETING,김성광,제14호관 동북아경제·경영-103 강의실(소)-2[14-103], [14-103:화(4-5A)(5B-6)], [14-103:화(12:00~13:15)(13:30~14:45)],75분,3,일반과목,강의(이론),상대평가,일반(1~15주),비대상
1003,경영대학,경영학부,3,전공심화,전공심화,JA06062002,인터넷마케팅,INTERNET MARKETING,김성광,제14호관 동북아경제·경영-507 정상철강의실[14-507], [14-507:화(7-8A)(8B-9)], [14-507:화(15:00~16:15)(16:30~17:45)],75분,3,일반과목,강의(이론),상대평가,일반(1~15주),비대상
1004,경영대학,경영학부,4,전공심화,전공심화,0001433001,기업과사회,BUSINESS & SOCIETY,김동배,제14호관 동북아경제·경영-202 멀티미디어실습실[14-202]," [14-202:월(2B-3),화(2B-3)]"," [14-202:월(10:30~11:45),화(10:30~11:45)]",75분,3,일반과목,강의(이론),상대평가,일반(1~15주),비대상
1005,경영대학,경영학부,4,전공심화,전공심화,0010930001,운영관리세미나,Operations Management Seminar,안철용,제14호관 동북아경제·경영-103 강의실(소)-2[14-103], [14-103:금(2B-3)(4-5A)], [14-103:금(10:30~11:45)(12:00~13:15)],75분,3,일반과목,강의(이론),상대평가,일반(1~15주),비대상
1006,경영대학,경영학부,4,전공심화,전공심화,0012403001,스타트업과비즈니스모델,Startups and Business Models,김태훈,"제29호관 생명과학기술대학-207 강의실[29-207], 제29호관 생명과학기술대학-208 강의실[29-208]", [29-207:화(8B-9)] [29-208:수(2B-3)], [29-207:화(16:30~17:45)] [29-208:수(10:30~11:45)],75분,3,일반과목,온라인혼합형강좌,절대평가,일반(1~15주),원어강의(EN)
1007,경영대학,경영학부,4,전공심화,전공심화,JA06029001,유통전략론,MARKETING CHANNEL MANAGEMENT,허승,"제14호관 동북아경제·경영-201 컴퓨터실[14-201], 제14호관 동북아경제·경영-202 멀티미디어실습실[14-202]", [14-201:수(8B-9)] [14-202:화(8B-9)], [14-201:수(16:30~17:45)] [14-202:화(16:30~17:45)],75분,3,일반과목,강의(이론),상대평가,일반(1~15주),비대상
1008,경영대학,경영학부,4,전공심화,전공심화,JA06030001,경영분석,BUSINESS ANALYSIS,정미화,제29호관 생명과학기술대학-413 강의실(경영학부)[29-413], [29-413:수(4-5A)(5B-6)], [29-413:수(12:00~13:15)(13:30~14:45)],75분,3,일반과목,강의(이론),상대평가,일반(1~15주),비대상
1009,경영대학,경영학부,4,전공심화,전공심화,JA06033001,회계감사,AUDITING,박영규,제29호관 생명과학기술대학-413 강의실(경영학부)[29-413], [29-413:월(1-2A)(2B-3)], [29-413:월(09:00~10:15)(10:30~11:45)],75분,3,일반과목,강의(이론),상대평가,일반(1~15주),비대상
1010,경영대학,경영학부,4,전공심화,전공심화,JA06052001,파생상품론,FINANCIAL DERIVATIVES,김선호,제14호관 동북아경제·경영-202 멀티미디어실습실[14-202]," [14-202:월(4-5A),수(5B-6)]"," [14-202:월(12:00~13:15),수(13:30~14:45)]",75분,3,일반과목,강의(이론),상대평가,일반(1~15주),비대상
1011,경영대학,데이터과학과,1,전공기초,전공기초,0011453001,데이터과학개론,Introduction to Data Science,박준성,제5호관 자연과학대학·생명과학기술대학-301 데이터과학과 강의실[05-301]," [05-301:화(8B-9),수(4-5A)]"," [05-301:화(16:30~17:45),수(12:00~13:15)]",75분,3,일반과목,강의(이론),상대평가,일반(1~15주),비대상
1012,경영대학,데이터과학과,1,전공기초,전공기초,0011454001,데이터과학을위한기초통계학,Introduction to Statistics for Data Science,강희재,제5호관 자연과학대학·생명과학기술대학-301 데이터과학과 강의실[05-301]," [05-301:월(4-5A),화(2B-3)]"," [05-301:월(12:00~13:15),화(10:30~11:45)]",75분,3,일반과목,강의(이론),상대평가,일반(1~15주),비대상
1013,경영대학,데이터과학과,2,전공핵심,전공핵심,0011455001,데이터분석실습1,Data Analysis Exercise 1,전용호,제5호관 자연과학대학·생명과학기술대학-303 데이터과학과 강의실[05-303]," [05-303:월(2B-3),수(2B-3)]"," [05-303:월(10:30~11:45),수(10:30~11:45)]",75분,3,일반과목,강의(이론),상대평가,일반(1~15주),비대상
1014,경영대학,데이터과학과,2,전공핵심,전공핵심,0011456001,데이터애널리틱스,Data Analytics,전용호,제5호관 자연과학대학·생명과학기술대학-303 데이터과학과 강의실[05-303]," [05-303:월(5B-6),수(5B-6)]"," [05-303:월(13:30~14:45),수(13:30~14:45)]",75분,3,일반과목,강의(이론),상대평가,일반(1~15주),비대상
1015,경영대학,데이터과학과,2,전공핵심,전공핵심,0011465001,데이터과학을위한계량경영학,Introduction to Operations Research for Data Science,박준성,제5호관 자연과학대학·생명과학기술대학-301 데이터과학과 강의실[05-301]," [05-301:화(7-8A),수(7-8A)]"," [05-301:화(15:00~16:15),수(15:00~16:15)]",75분,3,일반과목,강의(이론),상대평가,일반(1~15주),비대상
1016,경영대학,데이터과학과,3,전공심화,전공심화,0011458001,비즈니스프로그래밍3,Business Programming 3,이채현,제5호관 자연과학대학·생명과학기술대학-301 데이터과학과 강의실[05-301], [05-301:목(7-8A)(8B-9)], [05-301:목(15:00~16:15)(16:30~17:45)],75분,3,일반과목,강의(이론),상대평가,일반(1~15주),비대상
1017,경영대학,데이터과학과,3,전공심화,전공심화,0011460001,인공지능과머신러닝,Artificial Intelligence and Machine Learning,이채현,제5호관 자연과학대학·생명과학기술대학-301 데이터과학과 강의실[05-301], [05-301:목(2B-3)(4-5A)], [05-301:목(10:30~11:45)(12:00~13:15)],75분,3,일반과목,강의(이론),상대평가,일반(1~15주),비대상
1018,경영대학,데이터과학과,3,전공심화,전공심화,0011461001,텍스트마이닝및시각화,Text Mining and Visualization,강희재,제5호관 자연과학대학·생명과학기술대학-301 데이터과학과 강의실[05-301]," [05-301:월(7-8A),화(4-5A)]"," [05-301:월(15:00~16:15),화(12:00~13:15)]",75분,3,일반과목,강의(이론),상대평가,일반(1~15주),비대상
1019,경영대학,세무회계학과,전학년,전공심화,전공심화,0009062050,RISE,RISE,황희주,제29호관 생명과학기술대학-208 강의실[29-208]," [29-208:수(1-2A),금(1-2A)]"," [29-208:수(09:00~10:15),금(09:00~10:15)]",75분,3,일반과목,RISE(시간표 있음),이수인정,일반(1~15주),비대상
1020,경영대학,세무회계학과,전학년,전공심화,전공심화,0009062051,RISE,RISE,전흥재,제29호관 생명과학기술대학-207 강의실[29-207]," [29-207:수(1-2A),금(1-2A)]"," [29-207:수(09:00~10:15),금(09:00~10:15)]",75분,3,일반과목,RISE(시간표 있음),이수인정,일반(1~15주),비대상
1021,경영대학,세무회계학과,1,전공기초,전공기초,0001296001,경영학원론,Principles of Management,박현준,제29호관 생명과학기술대학-208 강의실[29-208]," [29-208:월(7-8A),수(8B-9)]"," [29-208:월(15:00~16:15),수(16:30~17:45)]",75분,3,일반과목,강의(이론),절대평가,일반(1~15주),원어강의(EN)
1022,경영대학,세무회계학과,1,전공기초,전공기초,0006762001,회계원리(1),Principles of Accounting(1),유영태,제29호관 생명과학기술대학-103 강의실(경영학부)[29-103]," [29-103:월(2B-3),수(7-8A)]"," [29-103:월(10:30~11:45),수(15:00~16:15)]",75분,3,일반과목,강의(이론),상대평가,일반(1~15주),비대상
1023,경영대학,세무회계학과,1,전공기초,전공기초,0006762002,회계원리(1),Principles of Accounting(1),유영태,제29호관 생명과학기술대학-103 강의실(경영학부)[29-103]," [29-103:월(1-2A),수(8B-9)]"," [29-103:월(09:00~10:15),수(16:30~17:45)]",75분,3,일반과목,온라인혼합형강좌,상대평가,일반(1~15주),비대상
1024,경영대학,세무회계학과,1,전공핵심,전공핵심,0001293001,세법총론,Introduction of Tax Law,전흥재,제29호관 생명과학기술대학-208 강의실[29-208]," [29-208:화(7-8A),수(4-5A)]"," [29-208:화(15:00~16:15),수(12:00~13:15)]",75분,3,일반과목,강의(이론),상대평가,일반(1~15주),비대상
1025,경영대학,세무회계학과,1,전공핵심,전공핵심,0001293002,세법총론,Introduction of Tax Law,전흥재,제29호관 생명과학기술대학-208 강의실[29-208]," [29-208:화(8B-9),수(5B-6)]"," [29-208:화(16:30~17:45),수(13:30~14:45)]",75분,3,일반과목,강의(이론),상대평가,일반(1~15주),비대상
1026,경영대학,세무회계학과,2,전공핵심,전공핵심,0001543001,소득세법,Individual Income Tax Law,정유석,제29호관 생명과학기술대학-208 강의실[29-208]," [29-208:월(2B-3),화(2B-3)]"," [29-208:월(10:30~11:45),화(10:30~11:45)]",75분,3,일반과목,강의(이론),상대평가,일반(1~15주),비대상
1027,경영대학,세무회계학과,2,전공핵심,전공핵심,0001543002,소득세법,Individual Income Tax Law,정유석,제29호관 생명과학기술대학-208 강의실[29-208]," [29-208:월(4-5A),화(4-5A)]"," [29-208:월(12:00~13:15),화(12:00~13:15)]",75분,3,일반과목,강의(이론),상대평가,일반(1~15주),비대상
1028,경영대학,세무회계학과,2,전공핵심,전공핵심,0006761001,중급회계(1),Intermediate Accounting(1),김광태,제29호관 생명과학기술대학-413 강의실(경영학부)[29-413], [29-413:화(7-8A)(8B-9)], [29-413:화(15:00~16:15)(16:30~17:45)],75분,3,일반과목,강의(이론),상대평가,일반(1~15주),비대상
1029,경영대학,세무회계학과,2,전공핵심,전공핵심,0006761002,중급회계(1),Intermediate Accounting(1),김광태,제29호관 생명과학기술대학-403 강의실(경제학과)[29-403], [29-403:화(4-5A)(5B-6)], [29-403:화(12:00~13:15)(13:30~14:45)],75분,3,일반과목,강의(이론),상대평가,일반(1~15주),비대상
1030,경영대학,세무회계학과,2,전공핵심,전공핵심,JA06018002,원가회계,Cost Accounting ,최평국,제29호관 생명과학기술대학-103 강의실(경영학부)[29-103], [29-103:수(2B-3)(4-5A)], [29-103:수(10:30~11:45)(12:00~13:15)],75분,3,일반과목,강의(이론),상대평가,일반(1~15주),비대상
1031,경영대학,세무회계학과,2,전공심화,전공심화,0003451001,회계원리연습,Practices in Accounting Principles,진덕수,제29호관 생명과학기술대학-208 강의실[29-208], [29-208:목(2B-3)(4-5A)], [29-208:목(10:30~11:45)(12:00~13:15)],75분,3,일반과목,강의(이론),상대평가,일반(1~15주),비대상
1032,경영대학,세무회계학과,3,전공심화,전공심화,0001546001,법인세법(2),Corporate Income Tax Law(2),한홍열,제29호관 생명과학기술대학-207 강의실[29-207], [29-207:월(7-8A)(8B-9)], [29-207:월(15:00~16:15)(16:30~17:45)],75분,3,일반과목,강의(이론),상대평가,일반(1~15주),비대상
1033,경영대학,세무회계학과,3,전공심화,전공심화,0001552001,지방세법,Local Tax Law,진덕수,제29호관 생명과학기술대학-208 강의실[29-208], [29-208:목(5B-6)(7-8A)], [29-208:목(13:30~14:45)(15:00~16:15)],75분,3,일반과목,강의(이론),상대평가,일반(1~15주),비대상
1034,경영대학,세무회계학과,3,전공심화,전공심화,0001569001,원가회계연습,Practices in Cost Accounting,최평국,제29호관 생명과학기술대학-207 강의실[29-207], [29-207:수(5B-6)(7-8A)], [29-207:수(13:30~14:45)(15:00~16:15)],75분,3,일반과목,강의(이론),상대평가,일반(1~15주),비대상
1035,경영대학,세무회계학과,3,전공심화,전공심화,0010939001,IT활용회계,IT based Accounting,황희주,제29호관 생명과학기술대학-209 전산실습실[29-209], [29-209:월(야1-2A)(야2B-3)], [29-209:월(18:00~19:15)(19:25~20:40)],75분,3,일반과목,강의(이론),상대평가,일반(1~15주),비대상
1036,경영대학,세무회계학과,3,전공심화,전공심화,FD06075001,고급회계,Advanced Accounting,유영태,제29호관 생명과학기술대학-208 강의실[29-208]," [29-208:화(1-2A),목(1-2A)]"," [29-208:화(09:00~10:15),목(09:00~10:15)]",75분,3,일반과목,e-Learning,상대평가,일반(1~15주),비대상
1037,경영대학,세무회계학과,4,전공심화,전공심화,0001567001,재무회계연습,Practices in Financial Accounting,김광태,제29호관 생명과학기술대학-207 강의실[29-207], [29-207:수(2B-3)(4-5A)], [29-207:수(10:30~11:45)(12:00~13:15)],75분,3,일반과목,강의(이론),상대평가,일반(1~15주),비대상
1038,경영대학,세무회계학과,4,전공심화,전공심화,0003456001,세무회계연습,Practices in Tax Accounting,한홍열,제29호관 생명과학기술대학-207 강의실[29-207], [29-207:월(2B-3)(4-5A)], [29-207:월(10:30~11:45)(12:00~13:15)],75분,3,일반과목,강의(이론),상대평가,일반(1~15주),비대상
1039,예술체육대학,조형예술학부,1,전공기초,전공기초,0005939001,기초드로잉(적용과 응용), Basic Drawing-Observational drawing,한효석,제16호관 예술체육대학-111 공동실습실[16-111], [16-111:화(1)(2)(3)], [16-111:화(09:00~09:50)(10:00~10:50)(11:00~11:50)],50분(표준),2,일반과목,이론실험실습,절대평가,일반(1~15주),비대상
1040,예술체육대학,조형예술학부,1,전공기초,전공기초,0005939002,기초드로잉(적용과 응용), Basic Drawing-Observational drawing,우종택,제16호관 예술체육대학-310 판화실[16-310], [16-310:수(5)(6)(7)], [16-310:수(13:00~13:50)(14:00~14:50)(15:00~15:50)],50분(표준),2,일반과목,이론실험실습,절대평가,일반(1~15주),비대상
1041,예술체육대학,조형예술학부,1,전공기초,전공기초,0011477001,입체와공간1,Sculpture and Space1,김병주,제16호관 예술체육대학-115 조소공작실[16-115], [16-115:화(5)(6)(7)], [16-115:화(13:00~13:50)(14:00~14:50)(15:00~15:50)],50분(표준),2,일반과목,이론실험실습,절대평가,일반(1~15주),비대상
1042,예술체육대학,조형예술학부,1,전공심화,전공심화,HC06172001,한국미술사,HISTORY OF KOREAN ART,조시내,제16호관 예술체육대학-301 강의실(소)-1[16-301], [16-301:금(1)(2)(3)], [16-301:금(09:00~09:50)(10:00~10:50)(11:00~11:50)],50분(표준),3,일반과목,강의(이론),상대평가,일반(1~15주),비대상
1043,예술체육대학,조형예술학부,2,전공심화,전공심화,0010155001,디지털편집실무1,Study of Digital Editing 1,홍보람,제16호관 예술체육대학-217A 컴퓨터실-B[16-217A], [16-217A:화(5)(6)(7)], [16-217A:화(13:00~13:50)(14:00~14:50)(15:00~15:50)],50분(표준),2,일반과목,미술실기,절대평가,일반(1~15주),비대상
1044,예술체육대학,조형예술학부,2,전공심화,전공심화,0010941001,서예1,Calligraphy,김장현,제16호관 예술체육대학-310 판화실[16-310], [16-310:금(1)(2)(3)], [16-310:금(09:00~09:50)(10:00~10:50)(11:00~11:50)],50분(표준),2,일반과목,이론실험실습,절대평가,일반(1~15주),비대상
1045,예술체육대학,조형예술학부,2,전공심화,전공심화,0010964001,영상미술1,Moving image1,허경란,제16호관 예술체육대학-217A 컴퓨터실-B[16-217A], [16-217A:금(6)(7)(8)], [16-217A:금(14:00~14:50)(15:00~15:50)(16:00~16:50)],50분(표준),2,일반과목,미술실기,절대평가,일반(1~15주),비대상
1046,예술체육대학,조형예술학부,2,전공심화,전공심화,0011478001,현대사진미디어,Contemporary Photographic Media,허경란,제16호관 예술체육대학-217A 컴퓨터실-B[16-217A], [16-217A:수(5)(6)(7)], [16-217A:수(13:00~13:50)(14:00~14:50)(15:00~15:50)],50분(표준),2,일반과목,이론실험실습,절대평가,일반(1~15주),비대상
1047,예술체육대학,조형예술학부,2,전공심화,전공심화,0012424001,한지조형1,Hanji modeling1,최익진,제16호관 예술체육대학-310 판화실[16-310], [16-310:목(1)(2)(3)], [16-310:목(09:00~09:50)(10:00~10:50)(11:00~11:50)],50분(표준),2,일반과목,미술실기,상대평가,일반(1~15주),비대상
1048,예술체육대학,조형예술학부,2,전공심화,전공심화,HA06017001,서양미술사,DISCOURSE FOR WESTERN ART HISTORY,김숙영,제16호관 예술체육대학-301 강의실(소)-1[16-301], [16-301:목(5)(6)(7)], [16-301:목(13:00~13:50)(14:00~14:50)(15:00~15:50)],50분(표준),3,일반과목,강의(이론),상대평가,일반(1~15주),비대상
1049,예술체육대학,조형예술학부,3,전공심화,전공심화,0010942001,3D모델링1,3D Modeling 1,류성훈,제16호관 예술체육대학-217A 컴퓨터실-B[16-217A], [16-217A:금(1)(2)(3)], [16-217A:금(09:00~09:50)(10:00~10:50)(11:00~11:50)],50분(표준),2,일반과목,이론실험실습,절대평가,일반(1~15주),비대상
1050,예술체육대학,조형예술학부,3,전공심화,전공심화,0010943001,동시대현대예술가연구현장실습,Contemporary Artist Research Field Practice,신정균,제16호관 예술체육대학-313A 강의실(소)[16-313A], [16-313A:목(6)(7)(8)(9)], [16-313A:목(14:00~14:50)(15:00~15:50)(16:00~16:50)(17:00~17:50)],50분(표준),3,일반과목,이론실험실습,절대평가,일반(1~15주),비대상
1051,예술체육대학,조형예술학부,3,전공심화,전공심화,0010968001,뉴미디어아트1,New media Art1,권혜원,제16호관 예술체육대학-217A 컴퓨터실-B[16-217A], [16-217A:화(8)(9)(야1)], [16-217A:화(16:00~16:50)(17:00~17:50)(18:00~18:50)],50분(표준),2,일반과목,미술실기,절대평가,일반(1~15주),비대상
1052,예술체육대학,조형예술학부,3,전공심화,전공심화,HA06020001,판화(1),PRINT(1),지근욱,제16호관 예술체육대학-310 판화실[16-310], [16-310:월(5)(6)(7)], [16-310:월(13:00~13:50)(14:00~14:50)(15:00~15:50)],50분(표준),2,일반과목,미술실기,절대평가,일반(1~15주),비대상
1053,예술체육대학,조형예술학부,4,전공심화,전공심화,0012426001,예술시장실무,Art Market Practice,정유나,제16호관 예술체육대학-313A 강의실(소)[16-313A], [16-313A:금(1)(2)(3)], [16-313A:금(09:00~09:50)(10:00~10:50)(11:00~11:50)],50분(표준),3,일반과목,강의(이론),상대평가,일반(1~15주),비대상
1054,예술체육대학,한국화전공,1,전공기초,전공기초,HA06006001,기초동양화,BASIC ORIENTAL PAINTING,송윤주,제16호관 예술체육대학-111 공동실습실[16-111], [16-111:목(1)(2)(3)], [16-111:목(09:00~09:50)(10:00~10:50)(11:00~11:50)],50분(표준),2,일반과목,이론실험실습,절대평가,일반(1~15주),비대상
1055,예술체육대학,한국화전공,1,전공기초,전공기초,HC06022001,기초서양화,BASIC PAINTING,이계원,제16호관 예술체육대학-111 공동실습실[16-111], [16-111:월(5)(6)(7)], [16-111:월(13:00~13:50)(14:00~14:50)(15:00~15:50)],50분(표준),2,일반과목,이론실험실습,절대평가,일반(1~15주),비대상
1056,예술체육대학,한국화전공,2,전공핵심,전공핵심,0005924001,표현과 매체(1),Expression & Media (1),장경애,제16호관 예술체육대학-202 한국화실2[16-202], [16-202:월(5)(6)(7)], [16-202:월(13:00~13:50)(14:00~14:50)(15:00~15:50)],50분(표준),2,일반과목,미술실기,절대평가,일반(1~15주),비대상
1057,예술체육대학,한국화전공,2,전공핵심,전공핵심,HAA6024001,채색기법(1),Techniques of Color Painting(1),고찬규,제16호관 예술체육대학-202 한국화실2[16-202], [16-202:수(1)(2)(3)], [16-202:수(09:00~09:50)(10:00~10:50)(11:00~11:50)],50분(표준),2,일반과목,미술실기,절대평가,일반(1~15주),비대상
1058,예술체육대학,한국화전공,2,전공심화,전공심화,0010483001,수묵드로잉1,Ink Painting Drawing,우종택,제16호관 예술체육대학-202 한국화실2[16-202], [16-202:화(1)(2)(3)], [16-202:화(09:00~09:50)(10:00~10:50)(11:00~11:50)],50분(표준),2,일반과목,미술실기,절대평가,일반(1~15주),비대상
1059,예술체육대학,한국화전공,3,전공핵심,전공핵심,0005936001,현대수묵(1), Modern Korean Ink Painting(1),송윤주,제16호관 예술체육대학-205 한국화실3[16-205], [16-205:수(1)(2)(3)], [16-205:수(09:00~09:50)(10:00~10:50)(11:00~11:50)],50분(표준),2,일반과목,미술실기,절대평가,일반(1~15주),비대상
1060,예술체육대학,한국화전공,3,전공심화,전공심화,0005925001,복합표현연구(1),Research of Mixed Expression(1),진민욱,제16호관 예술체육대학-205 한국화실3[16-205], [16-205:월(1)(2)(3)], [16-205:월(09:00~09:50)(10:00~10:50)(11:00~11:50)],50분(표준),2,일반과목,미술실기,절대평가,일반(1~15주),비대상
1061,예술체육대학,한국화전공,3,전공심화,전공심화,0010156001,현장드로잉1,Scene Drawing 1,장경애,제16호관 예술체육대학-205 한국화실3[16-205], [16-205:화(1)(2)(3)], [16-205:화(09:00~09:50)(10:00~10:50)(11:00~11:50)],50분(표준),2,일반과목,미술실기,절대평가,일반(1~15주),비대상
1062,예술체육대학,한국화전공,3,전공심화,전공심화,HAA6028001,채색화실기(1),Studio Work of Color Painting(1),고찬규,제16호관 예술체육대학-205 한국화실3[16-205], [16-205:수(5)(6)(7)], [16-205:수(13:00~13:50)(14:00~14:50)(15:00~15:50)],50분(표준),2,일반과목,미술실기,절대평가,일반(1~15주),비대상
1063,예술체육대학,한국화전공,4,전공심화,전공심화,0010954001,스튜디오2,Studio2,우종택,제16호관 예술체육대학-201 한국화실1[16-201], [16-201:목(1)(2)(3)], [16-201:목(09:00~09:50)(10:00~10:50)(11:00~11:50)],50분(표준),2,일반과목,미술실기,절대평가,일반(1~15주),비대상
1064,예술체육대학,한국화전공,4,전공심화,전공심화,0010955001,스튜디오1,Studio1,고찬규,제16호관 예술체육대학-201 한국화실1[16-201], [16-201:월(5)(6)(7)], [16-201:월(13:00~13:50)(14:00~14:50)(15:00~15:50)],50분(표준),2,일반과목,이론실험실습,절대평가,일반(1~15주),비대상
1065,예술체육대학,한국화전공,4,전공심화,전공심화,0010956001,스튜디오3,Studio3,송윤주,제16호관 예술체육대학-201 한국화실1[16-201], [16-201:목(5)(6)(7)], [16-201:목(13:00~13:50)(14:00~14:50)(15:00~15:50)],50분(표준),2,일반과목,미술실기,절대평가,일반(1~15주),비대상
1066,예술체육대학,한국화전공,4,전공심화,전공심화,0010957001,스튜디오4,Studio4,장경애,제16호관 예술체육대학-201 한국화실1[16-201], [16-201:수(1)(2)(3)], [16-201:수(09:00~09:50)(10:00~10:50)(11:00~11:50)],50분(표준),2,일반과목,미술실기,절대평가,일반(1~15주),비대상
1067,예술체육대학,서양화전공,1,전공기초,전공기초,HA06006002,기초동양화,BASIC ORIENTAL PAINTING,송윤주,제16호관 예술체육대학-111 공동실습실[16-111], [16-111:수(5)(6)(7)], [16-111:수(13:00~13:50)(14:00~14:50)(15:00~15:50)],50분(표준),2,일반과목,이론실험실습,절대평가,일반(1~15주),비대상
1068,예술체육대학,서양화전공,1,전공기초,전공기초,HC06022002,기초서양화,BASIC PAINTING,이계원,제16호관 예술체육대학-111 공동실습실[16-111], [16-111:월(1)(2)(3)], [16-111:월(09:00~09:50)(10:00~10:50)(11:00~11:50)],50분(표준),2,일반과목,이론실험실습,절대평가,일반(1~15주),비대상
1069,예술체육대학,서양화전공,2,전공핵심,전공핵심,0008755001,회화1,Advanced Painting 1,이계원,제16호관 예술체육대학-106 서양화실1[16-106], [16-106:화(1)(2)(3)], [16-106:화(09:00~09:50)(10:00~10:50)(11:00~11:50)],50분(표준),2,일반과목,미술실기,절대평가,일반(1~15주),비대상
1070,예술체육대학,서양화전공,2,전공핵심,전공핵심,0010963001,현대미술세미나1모더니즘,Contemporary Art Seminar1,조연주,제16호관 예술체육대학-301 강의실(소)-1[16-301], [16-301:월(6)(7)(8)], [16-301:월(14:00~14:50)(15:00~15:50)(16:00~16:50)],50분(표준),2,일반과목,이론실험실습,절대평가,일반(1~15주),비대상
1071,예술체육대학,서양화전공,2,전공심화,전공심화,0008754001,드로잉1,Drawing 1,박수형,제16호관 예술체육대학-106 서양화실1[16-106], [16-106:목(1)(2)(3)], [16-106:목(09:00~09:50)(10:00~10:50)(11:00~11:50)],50분(표준),2,일반과목,미술실기,절대평가,일반(1~15주),비대상
1072,예술체육대학,서양화전공,2,전공심화,전공심화,0010965001,회화재료연구,Painting Materials and Methods,류주현,제16호관 예술체육대학-106 서양화실1[16-106], [16-106:수(1)(2)(3)], [16-106:수(09:00~09:50)(10:00~10:50)(11:00~11:50)],50분(표준),2,일반과목,미술실기,절대평가,일반(1~15주),비대상
1073,예술체육대학,서양화전공,3,전공핵심,전공핵심,0010967001,동시대회화연구1,Contemporary Painting Research1,한효석,제16호관 예술체육대학-107 서양화실2[16-107], [16-107:수(1)(2)(3)], [16-107:수(09:00~09:50)(10:00~10:50)(11:00~11:50)],50분(표준),2,일반과목,미술실기,절대평가,일반(1~15주),비대상
1074,예술체육대학,서양화전공,3,전공심화,전공심화,0010966001,뉴폼드로잉,New form drawing,김수환,제16호관 예술체육대학-107 서양화실2[16-107], [16-107:금(5)(6)(7)], [16-107:금(13:00~13:50)(14:00~14:50)(15:00~15:50)],50분(표준),2,일반과목,미술실기,절대평가,일반(1~15주),비대상
1075,예술체육대학,서양화전공,4,전공심화,전공심화,0010970001,스튜디오01,Studio01,이계원,제16호관 예술체육대학-108 서양화실3[16-108], [16-108:목(5)(6)(7)], [16-108:목(13:00~13:50)(14:00~14:50)(15:00~15:50)],50분(표준),2,일반과목,미술실기,절대평가,일반(1~15주),비대상
1076,예술체육대학,서양화전공,4,전공심화,전공심화,0010971001,스튜디오03,Studio03,한효석,제16호관 예술체육대학-108 서양화실3[16-108], [16-108:월(5)(6)(7)], [16-108:월(13:00~13:50)(14:00~14:50)(15:00~15:50)],50분(표준),2,일반과목,미술실기,절대평가,일반(1~15주),비대상
1077,예술체육대학,서양화전공,4,전공심화,전공심화,0010973001,스튜디오02,Studio02,차기율,제16호관 예술체육대학-108 서양화실3[16-108], [16-108:월(1)(2)(3)], [16-108:월(09:00~09:50)(10:00~10:50)(11:00~11:50)],50분(표준),2,일반과목,미술실기,상대평가,일반(1~15주),비대상
1078,예술체육대학,디자인학부,1,전공기초,전공기초,0007800023,자기설계세미나 I,Self - Design Seminar I,김시연,제28호관 도시과학대학-204 디자인실4[28-204], [28-204:수(2)], [28-204:수(10:00~10:50)],50분(표준),1,일반과목,자기설계세미나,이수인정,일반(1~15주),비대상
1079,예술체육대학,디자인학부,1,전공기초,전공기초,0007800024,자기설계세미나 I,Self - Design Seminar I,안혜신,제28호관 도시과학대학-402 입체조형제품실습실[28-402], [28-402:수(2)], [28-402:수(10:00~10:50)],50분(표준),1,일반과목,자기설계세미나,이수인정,일반(1~15주),비대상
1080,예술체육대학,디자인학부,1,전공기초,전공기초,0007800025,자기설계세미나 I,Self - Design Seminar I,한혜진,제28호관 도시과학대학-204 디자인실4[28-204], [28-204:수(6)], [28-204:수(14:00~14:50)],50분(표준),1,일반과목,자기설계세미나,이수인정,일반(1~15주),비대상
1081,예술체육대학,디자인학부,1,전공기초,전공기초,0007800026,자기설계세미나 I,Self - Design Seminar I,조유석,제28호관 도시과학대학-402 입체조형제품실습실[28-402], [28-402:수(6)], [28-402:수(14:00~14:50)],50분(표준),1,일반과목,자기설계세미나,이수인정,일반(1~15주),비대상
1082,예술체육대학,디자인학부,1,전공핵심,전공핵심,0006018001,평면과디자인,Design of level,이정연,제16호관 예술체육대학-109 디자인실1[16-109], [16-109:화(4)(5)(6)], [16-109:화(12:00~12:50)(13:00~13:50)(14:00~14:50)],50분(표준),2,일반과목,이론실험실습,절대평가,일반(1~15주),비대상
1083,예술체육대학,디자인학부,1,전공핵심,전공핵심,0006018002,평면과디자인,Design of level,이정연,제16호관 예술체육대학-109 디자인실1[16-109], [16-109:화(7)(8)(9)], [16-109:화(15:00~15:50)(16:00~16:50)(17:00~17:50)],50분(표준),2,일반과목,이론실험실습,절대평가,일반(1~15주),비대상
1084,예술체육대학,디자인학부,1,전공핵심,전공핵심,0006018003,평면과디자인,Design of level,문해원,제16호관 예술체육대학-213 컴퓨터실 D[16-213], [16-213:월(4)(5)(6)], [16-213:월(12:00~12:50)(13:00~13:50)(14:00~14:50)],50분(표준),2,일반과목,이론실험실습,절대평가,일반(1~15주),비대상
1085,예술체육대학,디자인학부,1,전공심화,전공심화,0005994001,입체디자인,3 Dimensional Composition,박채은,제16호관 예술체육대학-109 디자인실1[16-109], [16-109:월(4)(5)(6)], [16-109:월(12:00~12:50)(13:00~13:50)(14:00~14:50)],50분(표준),2,일반과목,이론실험실습,절대평가,일반(1~15주),비대상
1086,예술체육대학,디자인학부,1,전공심화,전공심화,0005994002,입체디자인,3 Dimensional Composition,박채은,제16호관 예술체육대학-109 디자인실1[16-109], [16-109:월(7)(8)(9)], [16-109:월(15:00~15:50)(16:00~16:50)(17:00~17:50)],50분(표준),2,일반과목,이론실험실습,절대평가,일반(1~15주),비대상
1087,예술체육대학,디자인학부,1,전공심화,전공심화,0005994003,입체디자인,3 Dimensional Composition,박채은,제16호관 예술체육대학-109 디자인실1[16-109], [16-109:화(1)(2)(3)], [16-109:화(09:00~09:50)(10:00~10:50)(11:00~11:50)],50분(표준),2,일반과목,이론실험실습,절대평가,일반(1~15주),비대상
1088,예술체육대학,디자인학부,1,전공심화,전공심화,0006643001,영상과디자인,Image and design,유동현,제28호관 도시과학대학-403 컴퓨터실F[28-403], [28-403:목(7)(8)(9)], [28-403:목(15:00~15:50)(16:00~16:50)(17:00~17:50)],50분(표준),2,일반과목,이론실험실습,절대평가,일반(1~15주),비대상
1089,예술체육대학,디자인학부,1,전공심화,전공심화,0006643002,영상과디자인,Image and design,유동현,제28호관 도시과학대학-403 컴퓨터실F[28-403], [28-403:목(1)(2)(3)], [28-403:목(09:00~09:50)(10:00~10:50)(11:00~11:50)],50분(표준),2,일반과목,이론실험실습,절대평가,일반(1~15주),비대상
1090,예술체육대학,디자인학부,1,전공심화,전공심화,0008773001,디자인 Thinking,Design Thinking,이서진,제28호관 도시과학대학-204 디자인실4[28-204], [28-204:수(3)(4)(5)], [28-204:수(11:00~11:50)(12:00~12:50)(13:00~13:50)],50분(표준),2,일반과목,이론실험실습,절대평가,일반(1~15주),비대상
1091,예술체육대학,디자인학부,1,전공심화,전공심화,0008773002,디자인 Thinking,Design Thinking,이서진,제28호관 도시과학대학-204 디자인실4[28-204], [28-204:수(7)(8)(9)], [28-204:수(15:00~15:50)(16:00~16:50)(17:00~17:50)],50분(표준),2,일반과목,이론실험실습,절대평가,일반(1~15주),비대상
1092,예술체육대학,디자인학부,1,전공심화,전공심화,0010986001,디자인발상과드로잉,Design Idea and Drawing,이기오,제28호관 도시과학대학-402 입체조형제품실습실[28-402], [28-402:화(7)(8)(9)], [28-402:화(15:00~15:50)(16:00~16:50)(17:00~17:50)],50분(표준),2,일반과목,이론실험실습,절대평가,일반(1~15주),비대상
1093,예술체육대학,디자인학부,1,전공심화,전공심화,0010986002,디자인발상과드로잉,Design Idea and Drawing,이기오,제28호관 도시과학대학-402 입체조형제품실습실[28-402], [28-402:화(4)(5)(6)], [28-402:화(12:00~12:50)(13:00~13:50)(14:00~14:50)],50분(표준),2,일반과목,이론실험실습,절대평가,일반(1~15주),비대상
1094,예술체육대학,디자인학부,2,전공핵심,전공핵심,0005987001,기초제품디자인,Basic Product Design,조유석,제28호관 도시과학대학-402 입체조형제품실습실[28-402], [28-402:화(1)(2)(3)], [28-402:화(09:00~09:50)(10:00~10:50)(11:00~11:50)],50분(표준),2,일반과목,이론실험실습,절대평가,일반(1~15주),비대상
1095,예술체육대학,디자인학부,2,전공핵심,전공핵심,0005987002,기초제품디자인,Basic Product Design,조유석,제28호관 도시과학대학-402 입체조형제품실습실[28-402], [28-402:수(7)(8)(9)], [28-402:수(15:00~15:50)(16:00~16:50)(17:00~17:50)],50분(표준),2,일반과목,이론실험실습,절대평가,일반(1~15주),비대상
1096,예술체육대학,디자인학부,2,전공심화,전공심화,0004238001,그래픽디자인,Graphic Design,김시연,제28호관 도시과학대학-203 디자인실3[28-203], [28-203:화(4)(5)(6)], [28-203:화(12:00~12:50)(13:00~13:50)(14:00~14:50)],50분(표준),2,일반과목,이론실험실습,절대평가,일반(1~15주),비대상
1097,예술체육대학,디자인학부,2,전공심화,전공심화,0004238002,그래픽디자인,Graphic Design,김시연,제28호관 도시과학대학-203 디자인실3[28-203], [28-203:목(4)(5)(6)], [28-203:목(12:00~12:50)(13:00~13:50)(14:00~14:50)],50분(표준),2,일반과목,이론실험실습,절대평가,일반(1~15주),비대상
1098,예술체육대학,디자인학부,2,전공심화,전공심화,0005976001,타이포와이미지,Typography and Image,신민정,제28호관 도시과학대학-203 디자인실3[28-203], [28-203:금(2)(3)(4)], [28-203:금(10:00~10:50)(11:00~11:50)(12:00~12:50)],50분(표준),2,일반과목,이론실험실습,절대평가,일반(1~15주),비대상
1099,예술체육대학,디자인학부,2,전공심화,전공심화,0005976002,타이포와이미지,Typography and Image,신민정,제28호관 도시과학대학-203 디자인실3[28-203], [28-203:금(6)(7)(8)], [28-203:금(14:00~14:50)(15:00~15:50)(16:00~16:50)],50분(표준),2,일반과목,이론실험실습,절대평가,일반(1~15주),비대상
1100,예술체육대학,디자인학부,2,전공심화,전공심화,0008779001,3D 컴퓨터 디자인,3D computer design,홍민석,제16호관 예술체육대학-215 컴퓨터실-A[16-215], [16-215:목(4)(5)(6)], [16-215:목(12:00~12:50)(13:00~13:50)(14:00~14:50)],50분(표준),2,일반과목,이론실험실습,절대평가,일반(1~15주),비대상
1101,예술체육대학,디자인학부,2,전공심화,전공심화,0008779002,3D 컴퓨터 디자인,3D computer design,홍민석,제16호관 예술체육대학-215 컴퓨터실-A[16-215], [16-215:목(7)(8)(9)], [16-215:목(15:00~15:50)(16:00~16:50)(17:00~17:50)],50분(표준),2,일반과목,이론실험실습,절대평가,일반(1~15주),비대상
1102,예술체육대학,디자인학부,2,전공심화,전공심화,0009496001,레이아웃디자인,Layout Design,전혜연,제28호관 도시과학대학-203 디자인실3[28-203], [28-203:수(1)(2)(3)], [28-203:수(09:00~09:50)(10:00~10:50)(11:00~11:50)],50분(표준),2,일반과목,이론실험실습,절대평가,일반(1~15주),비대상
1103,예술체육대학,디자인학부,2,전공심화,전공심화,0009496002,레이아웃디자인,Layout Design,전혜연,제28호관 도시과학대학-203 디자인실3[28-203], [28-203:목(1)(2)(3)], [28-203:목(09:00~09:50)(10:00~10:50)(11:00~11:50)],50분(표준),2,일반과목,이론실험실습,절대평가,일반(1~15주),비대상
1104,예술체육대학,디자인학부,2,전공심화,전공심화,0009500001,모션일러스트레이션,Motion Illustration,한혜진,제28호관 도시과학대학-403 컴퓨터실F[28-403], [28-403:월(7)(8)(9)], [28-403:월(15:00~15:50)(16:00~16:50)(17:00~17:50)],50분(표준),2,일반과목,온라인혼합형강좌,절대평가,일반(1~15주),비대상
1105,예술체육대학,디자인학부,2,전공심화,전공심화,0009500002,모션일러스트레이션,Motion Illustration,한혜진,제28호관 도시과학대학-403 컴퓨터실F[28-403], [28-403:화(4)(5)(6)], [28-403:화(12:00~12:50)(13:00~13:50)(14:00~14:50)],50분(표준),2,일반과목,온라인혼합형강좌,절대평가,일반(1~15주),비대상
1106,예술체육대학,디자인학부,2,전공심화,전공심화,0010988001,디자인구현프로그래밍,Design Embodiment Programming,박동명,제28호관 도시과학대학-404A 강의실[28-404A], [28-404A:수(4)(5)(6)], [28-404A:수(12:00~12:50)(13:00~13:50)(14:00~14:50)],50분(표준),2,일반과목,이론실험실습,절대평가,일반(1~15주),비대상
1107,예술체육대학,디자인학부,2,전공심화,전공심화,0010988002,디자인구현프로그래밍,Design Embodiment Programming,박동명,제28호관 도시과학대학-404A 강의실[28-404A], [28-404A:수(1)(2)(3)], [28-404A:수(09:00~09:50)(10:00~10:50)(11:00~11:50)],50분(표준),2,일반과목,이론실험실습,절대평가,일반(1~15주),비대상
1108,예술체육대학,디자인학부,2,전공심화,전공심화,0010992001,실감콘텐츠영상디자인,Realistic contents Image design,김수현,제28호관 도시과학대학-403 컴퓨터실F[28-403], [28-403:수(7)(8)(9)], [28-403:수(15:00~15:50)(16:00~16:50)(17:00~17:50)],50분(표준),2,일반과목,이론실험실습,절대평가,일반(1~15주),비대상
1109,예술체육대학,디자인학부,2,전공심화,전공심화,0010992002,실감콘텐츠영상디자인,Realistic contents Image design,김수현,제28호관 도시과학대학-403 컴퓨터실F[28-403], [28-403:수(4)(5)(6)], [28-403:수(12:00~12:50)(13:00~13:50)(14:00~14:50)],50분(표준),2,일반과목,이론실험실습,절대평가,일반(1~15주),비대상
1110,예술체육대학,디자인학부,2,전공심화,전공심화,0010996001,GUI디자인,GUI Design,이운형,제28호관 도시과학대학-206 컴퓨터실E[28-206], [28-206:목(7)(8)(9)], [28-206:목(15:00~15:50)(16:00~16:50)(17:00~17:50)],50분(표준),2,일반과목,이론실험실습,절대평가,일반(1~15주),비대상
1111,예술체육대학,디자인학부,2,전공심화,전공심화,0010996002,GUI디자인,GUI Design,이운형,제28호관 도시과학대학-206 컴퓨터실E[28-206], [28-206:월(6)(7)(8)], [28-206:월(14:00~14:50)(15:00~15:50)(16:00~16:50)],50분(표준),2,일반과목,이론실험실습,절대평가,일반(1~15주),비대상
1112,예술체육대학,디자인학부,3,전공심화,전공심화,0004229001,시각디자인,Visual Communication Design,이서진,제28호관 도시과학대학-204 디자인실4[28-204], [28-204:화(4)(5)(6)], [28-204:화(12:00~12:50)(13:00~13:50)(14:00~14:50)],50분(표준),2,일반과목,온라인혼합형강좌,절대평가,일반(1~15주),비대상
1113,예술체육대학,디자인학부,3,전공심화,전공심화,0004229002,시각디자인,Visual Communication Design,이서진,제28호관 도시과학대학-204 디자인실4[28-204], [28-204:월(4)(5)(6)], [28-204:월(12:00~12:50)(13:00~13:50)(14:00~14:50)],50분(표준),2,일반과목,온라인혼합형강좌,절대평가,일반(1~15주),비대상
1114,예술체육대학,디자인학부,3,전공심화,전공심화,0007833001,광고디자인스튜디오,Advertising Design Studio,이상혁,제28호관 도시과학대학-206 컴퓨터실E[28-206], [28-206:수(7)(8)(9)], [28-206:수(15:00~15:50)(16:00~16:50)(17:00~17:50)],50분(표준),2,일반과목,이론실험실습,절대평가,일반(1~15주),비대상
1115,예술체육대학,디자인학부,3,전공심화,전공심화,0007833002,광고디자인스튜디오,Advertising Design Studio,이상혁,제28호관 도시과학대학-206 컴퓨터실E[28-206], [28-206:수(4)(5)(6)], [28-206:수(12:00~12:50)(13:00~13:50)(14:00~14:50)],50분(표준),2,일반과목,이론실험실습,절대평가,일반(1~15주),비대상
1116,예술체육대학,디자인학부,3,전공심화,전공심화,0008780001,편집디자인,Editorial Design,문해원,제16호관 예술체육대학-213 컴퓨터실 D[16-213], [16-213:월(1)(2)(3)], [16-213:월(09:00~09:50)(10:00~10:50)(11:00~11:50)],50분(표준),2,일반과목,이론실험실습,절대평가,일반(1~15주),비대상
1117,예술체육대학,디자인학부,3,전공심화,전공심화,0008780002,편집디자인,Editorial Design,문해원,제16호관 예술체육대학-213 컴퓨터실 D[16-213], [16-213:월(7)(8)(9)], [16-213:월(15:00~15:50)(16:00~16:50)(17:00~17:50)],50분(표준),2,일반과목,이론실험실습,절대평가,일반(1~15주),비대상
1118,예술체육대학,디자인학부,3,전공심화,전공심화,0009497001,비주얼스토리텔링,Visual Storytelling,박지연,제16호관 예술체육대학-213 컴퓨터실 D[16-213], [16-213:화(7)(8)(9)], [16-213:화(15:00~15:50)(16:00~16:50)(17:00~17:50)],50분(표준),2,일반과목,이론실험실습,절대평가,일반(1~15주),비대상
1119,예술체육대학,디자인학부,3,전공심화,전공심화,0009497002,비주얼스토리텔링,Visual Storytelling,박지연,제16호관 예술체육대학-213 컴퓨터실 D[16-213], [16-213:화(4)(5)(6)], [16-213:화(12:00~12:50)(13:00~13:50)(14:00~14:50)],50분(표준),2,일반과목,이론실험실습,절대평가,일반(1~15주),비대상
1120,예술체육대학,디자인학부,3,전공심화,전공심화,0010587001,데이터주도제품디자인,Data driven Product Design,박동명,제28호관 도시과학대학-203 디자인실3[28-203], [28-203:월(4)(5)(6)], [28-203:월(12:00~12:50)(13:00~13:50)(14:00~14:50)],50분(표준),2,일반과목,이론실험실습,절대평가,일반(1~15주),비대상
1121,예술체육대학,디자인학부,3,전공심화,전공심화,0010990001,제품서비스시스템디자인,Product Service System Design,안혜신,제28호관 도시과학대학-402 입체조형제품실습실[28-402], [28-402:수(3)(4)(5)], [28-402:수(11:00~11:50)(12:00~12:50)(13:00~13:50)],50분(표준),2,일반과목,이론실험실습,절대평가,일반(1~15주),비대상
1122,예술체육대학,디자인학부,3,전공심화,전공심화,0010991001,인포그래픽디자인,Infographic Design,이은영,제16호관 예술체육대학-213 컴퓨터실 D[16-213], [16-213:목(5)(6)(7)], [16-213:목(13:00~13:50)(14:00~14:50)(15:00~15:50)],50분(표준),2,일반과목,이론실험실습,절대평가,일반(1~15주),비대상
1123,예술체육대학,디자인학부,3,전공심화,전공심화,0010991002,인포그래픽디자인,Infographic Design,이은영,제16호관 예술체육대학-213 컴퓨터실 D[16-213], [16-213:목(2)(3)(4)], [16-213:목(10:00~10:50)(11:00~11:50)(12:00~12:50)],50분(표준),2,일반과목,이론실험실습,절대평가,일반(1~15주),비대상
1124,예술체육대학,디자인학부,3,전공심화,전공심화,0011602001,색채와디지털이미지,Color and Digital Image,김지룡,제28호관 도시과학대학-204 디자인실4[28-204], [28-204:금(2)(3)(4)], [28-204:금(10:00~10:50)(11:00~11:50)(12:00~12:50)],50분(표준),3,일반과목,강의(이론),상대평가,일반(1~15주),비대상
1125,예술체육대학,디자인학부,3,전공심화,전공심화,0011602002,색채와디지털이미지,Color and Digital Image,김지룡,제28호관 도시과학대학-204 디자인실4[28-204], [28-204:금(6)(7)(8)], [28-204:금(14:00~14:50)(15:00~15:50)(16:00~16:50)],50분(표준),3,일반과목,강의(이론),상대평가,일반(1~15주),비대상
1126,예술체육대학,디자인학부,3,전공심화,전공심화,0011603001,헬스케어서비스디자인,Healthcare Service Design,서명원,제28호관 도시과학대학-402 입체조형제품실습실[28-402], [28-402:목(2)(3)(4)], [28-402:목(10:00~10:50)(11:00~11:50)(12:00~12:50)],50분(표준),2,일반과목,이론실험실습,절대평가,일반(1~15주),비대상
1127,예술체육대학,디자인학부,3,전공심화,전공심화,0011603002,헬스케어서비스디자인,Healthcare Service Design,서명원,제28호관 도시과학대학-402 입체조형제품실습실[28-402], [28-402:목(5)(6)(7)], [28-402:목(13:00~13:50)(14:00~14:50)(15:00~15:50)],50분(표준),2,일반과목,이론실험실습,절대평가,일반(1~15주),비대상
1128,예술체육대학,디자인학부,4,전공심화,전공심화,0008776001,시각디자인프로젝트,Visual Communication Design Project ,전혜연,제16호관 예술체육대학-214 디자인실2[16-214], [16-214:화(4)(5)(6)], [16-214:화(12:00~12:50)(13:00~13:50)(14:00~14:50)],50분(표준),2,일반과목,온라인혼합형강좌,절대평가,일반(1~15주),비대상
1129,예술체육대학,디자인학부,4,전공심화,전공심화,0008777001,미디어디자인프로젝트,Media Design Project,이운형,제28호관 도시과학대학-206 컴퓨터실E[28-206], [28-206:화(4)(5)(6)], [28-206:화(12:00~12:50)(13:00~13:50)(14:00~14:50)],50분(표준),2,일반과목,이론실험실습,절대평가,일반(1~15주),비대상
1130,예술체육대학,디자인학부,4,전공심화,전공심화,0008778001,제품디자인프로젝트,Product Design Project,안혜신,제19호관 융합자유전공대학·국제교류관-210 디자인학부 실습실[19-210], [19-210:월(2)(3)(4)], [19-210:월(10:00~10:50)(11:00~11:50)(12:00~12:50)],50분(표준),2,일반과목,이론실험실습,절대평가,일반(1~15주),비대상
1131,예술체육대학,디자인학부,4,전공심화,전공심화,0009499001,영상디자인프로젝트,Image Design Project,한혜진,제16호관 예술체육대학-214 디자인실2[16-214], [16-214:수(3)(4)(5)], [16-214:수(11:00~11:50)(12:00~12:50)(13:00~13:50)],50분(표준),2,일반과목,이론실험실습,절대평가,일반(1~15주),비대상
1132,예술체육대학,디자인학부,4,전공심화,전공심화,0009499002,영상디자인프로젝트,Image Design Project,유동현,제28호관 도시과학대학-403 컴퓨터실F[28-403], [28-403:목(4)(5)(6)], [28-403:목(12:00~12:50)(13:00~13:50)(14:00~14:50)],50분(표준),2,일반과목,이론실험실습,절대평가,일반(1~15주),비대상
1133,예술체육대학,디자인학부,4,전공심화,전공심화,0010475001,브랜드디자인프로젝트,Brand Design Project,김시연,제28호관 도시과학대학-203 디자인실3[28-203], [28-203:수(4)(5)(6)], [28-203:수(12:00~12:50)(13:00~13:50)(14:00~14:50)],50분(표준),2,일반과목,이론실험실습,절대평가,일반(1~15주),비대상
1134,예술체육대학,디자인학부,4,전공심화,전공심화,0010588001,산업디자인프로젝트,Industrial Design Project,조유석,제19호관 융합자유전공대학·국제교류관-210 디자인학부 실습실[19-210], [19-210:목(4)(5)(6)], [19-210:목(12:00~12:50)(13:00~13:50)(14:00~14:50)],50분(표준),2,일반과목,이론실험실습,절대평가,일반(1~15주),비대상
1135,예술체육대학,공연예술학과,1,전공기초,전공기초,0011006001,공연학개론,Introduction to Performing Arts,김정아,제16호관 예술체육대학-319 강의실[16-319], [16-319:월(1)(2)(3)], [16-319:월(09:00~09:50)(10:00~10:50)(11:00~11:50)],50분(표준),3,일반과목,강의(이론),상대평가,일반(1~15주),비대상
1136,예술체육대학,공연예술학과,1,전공기초,전공기초,0011008001,연기입문1,Fundamental Acting 1,정지호,제19호관 융합자유전공대학·국제교류관-201 실습실[19-201]," [19-201:월(6)(7)(8)(9),수(4)(5)(6)(7)]"," [19-201:월(14:00~14:50)(15:00~15:50)(16:00~16:50)(17:00~17:50),수(12:00~12:50)(13:00~13:50)(14:00~14:50)(15:00~15:50)]",50분(표준),4,일반과목,실험실습,절대평가,일반(1~15주),비대상
1137,예술체육대학,공연예술학과,1,전공기초,전공기초,0011008002,연기입문1,Fundamental Acting 1,정지호,제19호관 융합자유전공대학·국제교류관-201 실습실[19-201]," [19-201:화(9)(야1)(야2)(야3),금(야1)(야2)(야3)(야4)]"," [19-201:화(17:00~17:50)(18:00~18:50)(18:55~19:45)(19:50~20:40),금(18:00~18:50)(18:55~19:45)(19:50~20:40)(20:45~21:35)]",50분(표준),4,일반과목,실험실습,절대평가,일반(1~15주),비대상
1138,예술체육대학,공연예술학과,1,전공심화,전공심화,0003485001,무대기술1,Stage Lighting and Design 1,최세헌,제23호관 강당및공연장-B114 실습실[23-B114], [23-B114:목(7)(8)(9)], [23-B114:목(15:00~15:50)(16:00~16:50)(17:00~17:50)],50분(표준),2,일반과목,이론실험실습,절대평가,일반(1~15주),비대상
1139,예술체육대학,공연예술학과,1,전공심화,전공심화,0011007001,소리와리듬1,Sound and Rhythm 1,고석용,제23호관 강당및공연장-103 리허설실(전시공간)[23-103], [23-103:목(1)(2)(3)], [23-103:목(09:00~09:50)(10:00~10:50)(11:00~11:50)],50분(표준),2,일반과목,이론실험실습,절대평가,일반(1~15주),비대상
1140,예술체육대학,공연예술학과,1,전공심화,전공심화,0011481001,움직임기초1,Fundamental Movement 1,오정은,제23호관 강당및공연장-103 리허설실(전시공간)[23-103], [23-103:금(1)(2)(3)], [23-103:금(09:00~09:50)(10:00~10:50)(11:00~11:50)],50분(표준),2,일반과목,이론실험실습,절대평가,일반(1~15주),비대상
1141,예술체육대학,공연예술학과,1,전공심화,전공심화,0011481002,움직임기초1,Fundamental Movement 1,오정은,제23호관 강당및공연장-103 리허설실(전시공간)[23-103], [23-103:금(4)(5)(6)], [23-103:금(12:00~12:50)(13:00~13:50)(14:00~14:50)],50분(표준),2,일반과목,이론실험실습,절대평가,일반(1~15주),비대상
1142,예술체육대학,공연예술학과,1,전공심화,전공심화,0012429001,연기화술1,Acting and Speech 1,최용진,제19호관 융합자유전공대학·국제교류관-201 실습실[19-201], [19-201:목(야2)(야3)(야4)], [19-201:목(18:55~19:45)(19:50~20:40)(20:45~21:35)],50분(표준),2,일반과목,이론실험실습,상대평가,일반(1~15주),비대상
1143,예술체육대학,공연예술학과,1,전공심화,전공심화,0012429002,연기화술1,Acting and Speech 1,최용진,제19호관 융합자유전공대학·국제교류관-201 실습실[19-201], [19-201:금(7)(8)(9)], [19-201:금(15:00~15:50)(16:00~16:50)(17:00~17:50)],50분(표준),2,일반과목,이론실험실습,상대평가,일반(1~15주),비대상
1144,예술체육대학,공연예술학과,1,전공심화,전공심화,0012495001,무대분장1,Stage Makeup 1,임유경,제23호관 강당및공연장-103 리허설실(전시공간)[23-103], [23-103:화(1)(2)(3)], [23-103:화(09:00~09:50)(10:00~10:50)(11:00~11:50)],50분(표준),2,일반과목,이론실험실습,상대평가,일반(1~15주),비대상
1145,예술체육대학,공연예술학과,1,전공심화,전공심화,0012495002,무대분장1,Stage Makeup 1,임유경,제23호관 강당및공연장-103 리허설실(전시공간)[23-103], [23-103:화(4)(5)(6)], [23-103:화(12:00~12:50)(13:00~13:50)(14:00~14:50)],50분(표준),2,일반과목,이론실험실습,상대평가,일반(1~15주),비대상
1146,예술체육대학,공연예술학과,2,전공기초,전공기초,0004834001,현대공연예술론, Theory of Contemporary Performing Arts,임일진,제16호관 예술체육대학-319 강의실[16-319], [16-319:수(1)(2)(3)], [16-319:수(09:00~09:50)(10:00~10:50)(11:00~11:50)],50분(표준),3,일반과목,강의(이론),상대평가,일반(1~15주),비대상
1147,예술체육대학,공연예술학과,2,전공심화,전공심화,0001053001,연출론,THEORY OF STAGE DIRECTION,정지호,제16호관 예술체육대학-319 강의실[16-319], [16-319:수(8)(9)(야1)], [16-319:수(16:00~16:50)(17:00~17:50)(18:00~18:50)],50분(표준),3,일반과목,강의(이론),상대평가,일반(1~15주),비대상
1148,예술체육대학,공연예술학과,2,전공심화,전공심화,0009504001,성격구축실습,Character building practice,황세원,제23호관 강당및공연장-103 리허설실(전시공간)[23-103], [23-103:월(5)(6)(7)], [23-103:월(13:00~13:50)(14:00~14:50)(15:00~15:50)],50분(표준),2,일반과목,이론실험실습,절대평가,일반(1~15주),비대상
1149,예술체육대학,공연예술학과,2,전공심화,전공심화,0009504002,성격구축실습,Character building practice,황세원,제23호관 강당및공연장-103 리허설실(전시공간)[23-103], [23-103:월(8)(9)(야1)], [23-103:월(16:00~16:50)(17:00~17:50)(18:00~18:50)],50분(표준),2,일반과목,이론실험실습,절대평가,일반(1~15주),비대상
1150,예술체육대학,공연예술학과,2,전공심화,전공심화,0011002001,대본분석과장면발표,Script Analysis and Scene Presentation,박근수,제23호관 강당및공연장-B121 연습실-1[23-B121]," [23-B121:월(8)(9)(야1)(야2),화(2)(3)(4)(5)]"," [23-B121:월(16:00~16:50)(17:00~17:50)(18:00~18:50)(18:55~19:45),화(10:00~10:50)(11:00~11:50)(12:00~12:50)(13:00~13:50)]",50분(표준),4,일반과목,실험실습,절대평가,일반(1~15주),비대상
1151,예술체육대학,공연예술학과,2,전공심화,전공심화,0011002002,대본분석과장면발표,Script Analysis and Scene Presentation,차지수,제19호관 융합자유전공대학·국제교류관-201 실습실[19-201]," [19-201:화(2)(3)(4)(5),목(4)(5)(6)(7)]"," [19-201:화(10:00~10:50)(11:00~11:50)(12:00~12:50)(13:00~13:50),목(12:00~12:50)(13:00~13:50)(14:00~14:50)(15:00~15:50)]",50분(표준),4,일반과목,실험실습,절대평가,일반(1~15주),비대상
1152,예술체육대학,공연예술학과,2,전공심화,전공심화,0012430001,무대음향실습1,Stage Sound1,안창용,제23호관 강당및공연장-B124 연습실-2[23-B124], [23-B124:수(5)(6)(7)], [23-B124:수(13:00~13:50)(14:00~14:50)(15:00~15:50)],50분(표준),2,일반과목,이론실험실습,상대평가,일반(1~15주),비대상
1153,예술체육대학,공연예술학과,2,전공심화,전공심화,0012431001,무대의상2,Stage Costume2,임일진,제16호관 예술체육대학-319 강의실[16-319], [16-319:화(7)(8)(9)], [16-319:화(15:00~15:50)(16:00~16:50)(17:00~17:50)],50분(표준),2,일반과목,이론실험실습,상대평가,일반(1~15주),비대상
1154,예술체육대학,공연예술학과,2,전공심화,전공심화,0012432001,무대조명실습1,Stage Lighting Practicum1,여국군,제23호관 강당및공연장-104 객석(공연장)[23-104], [23-104:목(1)(2)(3)], [23-104:목(09:00~09:50)(10:00~10:50)(11:00~11:50)],50분(표준),2,일반과목,이론실험실습,상대평가,일반(1~15주),비대상
1155,예술체육대학,공연예술학과,2,전공심화,전공심화,0012433001,연기화술3,Acting and Speech 3,최용진,제19호관 융합자유전공대학·국제교류관-201 실습실[19-201], [19-201:목(8)(9)(야1)], [19-201:목(16:00~16:50)(17:00~17:50)(18:00~18:50)],50분(표준),2,일반과목,이론실험실습,상대평가,일반(1~15주),비대상
1156,예술체육대학,공연예술학과,2,전공심화,전공심화,0012433002,연기화술3,Acting and Speech 3,최용진,제19호관 융합자유전공대학·국제교류관-201 실습실[19-201], [19-201:금(4)(5)(6)], [19-201:금(12:00~12:50)(13:00~13:50)(14:00~14:50)],50분(표준),2,일반과목,이론실험실습,상대평가,일반(1~15주),비대상
1157,예술체육대학,공연예술학과,3,전공핵심,전공핵심,0005963001,무대미술2,Scene Design2,임일진,제16호관 예술체육대학-319 강의실[16-319], [16-319:화(2)(3)(4)], [16-319:화(10:00~10:50)(11:00~11:50)(12:00~12:50)],50분(표준),2,일반과목,이론실험실습,절대평가,일반(1~15주),비대상
1158,예술체육대학,공연예술학과,3,전공핵심,전공핵심,0011004001,연극제작2,Theatre Production 2,구태환,제23호관 강당및공연장-B121 연습실-1[23-B121]," [23-B121:월(1)(2)(3)(4),수(5)(6)(7)(8)]"," [23-B121:월(09:00~09:50)(10:00~10:50)(11:00~11:50)(12:00~12:50),수(13:00~13:50)(14:00~14:50)(15:00~15:50)(16:00~16:50)]",50분(표준),4,일반과목,실험실습,절대평가,일반(1~15주),비대상
1159,예술체육대학,공연예술학과,3,전공핵심,전공핵심,0011004002,연극제작2,Theatre Production 2,마찬호,제23호관 강당및공연장-B114 실습실[23-B114]," [23-B114:월(1)(2)(3)(4),수(5)(6)(7)(8)]"," [23-B114:월(09:00~09:50)(10:00~10:50)(11:00~11:50)(12:00~12:50),수(13:00~13:50)(14:00~14:50)(15:00~15:50)(16:00~16:50)]",50분(표준),4,일반과목,실험실습,절대평가,일반(1~15주),비대상
1160,예술체육대학,공연예술학과,3,전공심화,전공심화,0003483001,연출기법2,Directing 2,구태환,제23호관 강당및공연장-B124 연습실-2[23-B124], [23-B124:화(5)(6)(7)], [23-B124:화(13:00~13:50)(14:00~14:50)(15:00~15:50)],50분(표준),2,일반과목,이론실험실습,절대평가,일반(1~15주),비대상
1161,예술체육대학,공연예술학과,3,전공심화,전공심화,0011013001,뮤지컬댄스1,Musical Dance 1,신동화,제23호관 강당및공연장-103 리허설실(전시공간)[23-103], [23-103:화(9)(야1)(야2)], [23-103:화(17:00~17:50)(18:00~18:50)(18:55~19:45)],50분(표준),2,일반과목,이론실험실습,절대평가,일반(1~15주),비대상
1162,예술체육대학,공연예술학과,3,전공심화,전공심화,0011014001,카메라연기1,Camera Acting 1,박근수,제23호관 강당및공연장-B121 연습실-1[23-B121], [23-B121:월(5)(6)(7)], [23-B121:월(13:00~13:50)(14:00~14:50)(15:00~15:50)],50분(표준),2,일반과목,이론실험실습,절대평가,일반(1~15주),비대상
1163,예술체육대학,공연예술학과,3,전공심화,전공심화,0011014002,카메라연기1,Camera Acting 1,조창열,제23호관 강당및공연장-B121 연습실-1[23-B121], [23-B121:금(1)(2)(3)], [23-B121:금(09:00~09:50)(10:00~10:50)(11:00~11:50)],50분(표준),2,일반과목,이론실험실습,절대평가,일반(1~15주),비대상
1164,예술체육대학,공연예술학과,3,전공심화,전공심화,0012434001,뮤지컬발성2,Musical Theatre Voice 2,이창완,제23호관 강당및공연장-B121 연습실-1[23-B121], [23-B121:목(2)(3)(4)(5)], [23-B121:목(10:00~10:50)(11:00~11:50)(12:00~12:50)(13:00~13:50)],50분(표준),2,일반과목,실험실습,절대평가,일반(1~15주),비대상
1165,예술체육대학,공연예술학과,3,전공심화,전공심화,0012434002,뮤지컬발성2,Musical Theatre Voice 2,이창완,제23호관 강당및공연장-B121 연습실-1[23-B121], [23-B121:목(6)(7)(8)(9)], [23-B121:목(14:00~14:50)(15:00~15:50)(16:00~16:50)(17:00~17:50)],50분(표준),2,일반과목,실험실습,상대평가,일반(1~15주),비대상
1166,예술체육대학,공연예술학과,3,전공심화,전공심화,0012435001,영상촬영편집2,Video Production and Editing 2,정기원,제23호관 강당및공연장-B121 연습실-1[23-B121], [23-B121:수(1)(2)(3)(4)], [23-B121:수(09:00~09:50)(10:00~10:50)(11:00~11:50)(12:00~12:50)],50분(표준),3,일반과목,이론실험실습,절대평가,일반(1~15주),비대상
1167,예술체육대학,공연예술학과,4,전공심화,전공심화,0004840001,희곡작법2, Playwriting II,이상범,제16호관 예술체육대학-319 강의실[16-319], [16-319:목(3)(4)(5)], [16-319:목(11:00~11:50)(12:00~12:50)(13:00~13:50)],50분(표준),3,일반과목,강의(이론),상대평가,일반(1~15주),비대상
1168,예술체육대학,공연예술학과,4,전공심화,전공심화,0011003001,연극제작4,Theatre Production 4,구태환,제23호관 강당및공연장-B124 연습실-2[23-B124]," [23-B124:월(5)(6)(7)(8),금(1)(2)(3)(4)]"," [23-B124:월(13:00~13:50)(14:00~14:50)(15:00~15:50)(16:00~16:50),금(09:00~09:50)(10:00~10:50)(11:00~11:50)(12:00~12:50)]",50분(표준),4,일반과목,실험실습,절대평가,일반(1~15주),비대상
1169,예술체육대학,공연예술학과,4,전공심화,전공심화,0011003002,연극제작4,Theatre Production 4,김정아,제23호관 강당및공연장-104 객석(공연장)[23-104]," [23-104:월(9)(야1)(야2)(야3),금(9)(야1)(야2)(야3)]"," [23-104:월(17:00~17:50)(18:00~18:50)(18:55~19:45)(19:50~20:40),금(17:00~17:50)(18:00~18:50)(18:55~19:45)(19:50~20:40)]",50분(표준),4,일반과목,실험실습,절대평가,일반(1~15주),비대상
1170,예술체육대학,공연예술학과,4,전공심화,전공심화,0011015001,프로덕션연구2,Production Research 2,임일진,제16호관 예술체육대학-319 강의실[16-319], [16-319:목(6)(7)(8)], [16-319:목(14:00~14:50)(15:00~15:50)(16:00~16:50)],50분(표준),2,일반과목,이론실험실습,절대평가,일반(1~15주),비대상
1171,예술체육대학,공연예술학과,4,전공심화,전공심화,0012436001,안무실기,Practice of Choreography,김주성,제23호관 강당및공연장-103 리허설실(전시공간)[23-103], [23-103:금(7)(8)(9)], [23-103:금(15:00~15:50)(16:00~16:50)(17:00~17:50)],50분(표준),2,일반과목,이론실험실습,상대평가,일반(1~15주),비대상
1172,예술체육대학,공연예술학과,4,전공심화,전공심화,0012437001,영화제작실습1,Film Production Practice I,,제16호관 예술체육대학-301 강의실(소)-1[16-301], [16-301:화(6)(7)(8)(9)], [16-301:화(14:00~14:50)(15:00~15:50)(16:00~16:50)(17:00~17:50)],50분(표준),3,일반과목,이론실험실습,상대평가,일반(1~15주),비대상
1173,예술체육대학,스포츠과학부,전학년,전공심화,전공심화,0009062052,RISE,RISE,전경규,,,,50분(표준),3,일반과목,RISE(시간표 없음),이수인정,일반(1~15주),비대상
1174,예술체육대학,스포츠과학부,1,전공기초,전공기초,0007800027,자기설계세미나 I,Self - Design Seminar I,강년주,제16호관 예술체육대학-311 강의실(소)[16-311], [16-311:월(3)], [16-311:월(11:00~11:50)],50분(표준),1,일반과목,자기설계세미나,이수인정,일반(1~15주),비대상
1175,예술체육대학,스포츠과학부,1,전공기초,전공기초,0007800028,자기설계세미나 I,Self - Design Seminar I,윤기준,제16호관 예술체육대학-312 강의실(소)[16-312], [16-312:수(9)], [16-312:수(17:00~17:50)],50분(표준),1,일반과목,자기설계세미나,이수인정,일반(1~15주),비대상
1176,예술체육대학,스포츠과학부,1,전공기초,전공기초,0007800029,자기설계세미나 I,Self - Design Seminar I,전경규,제16호관 예술체육대학-313A 강의실(소)[16-313A], [16-313A:수(9)], [16-313A:수(17:00~17:50)],50분(표준),1,일반과목,자기설계세미나,이수인정,일반(1~15주),비대상
1177,예술체육대학,스포츠과학부,1,전공기초,전공기초,0007800030,자기설계세미나 I,Self - Design Seminar I,박상혁,제16호관 예술체육대학-320 강의실[16-320], [16-320:수(9)], [16-320:수(17:00~17:50)],50분(표준),1,일반과목,자기설계세미나,이수인정,일반(1~15주),비대상
1178,예술체육대학,스포츠과학부,1,전공기초,전공기초,0007800031,자기설계세미나 I,Self - Design Seminar I,임새미,제16호관 예술체육대학-302A 강의실(대)-2[16-302A], [16-302A:수(9)], [16-302A:수(17:00~17:50)],50분(표준),1,일반과목,자기설계세미나,이수인정,일반(1~15주),비대상
1179,예술체육대학,스포츠과학부,1,전공기초,전공기초,0011027001,기초수영,Swimming for Basic,함경수,제20호관 스포츠센터-110 수영장[20-110]," [20-110:화(6)(7),목(8)(9)]"," [20-110:화(14:00~14:50)(15:00~15:50),목(16:00~16:50)(17:00~17:50)]",50분(표준),2,일반과목,체육실기,절대평가,일반(1~15주),비대상
1180,예술체육대학,스포츠과학부,1,전공기초,전공기초,0011027002,기초수영,Swimming for Basic,함경수,제20호관 스포츠센터-110 수영장[20-110]," [20-110:화(8)(9),목(6)(7)]"," [20-110:화(16:00~16:50)(17:00~17:50),목(14:00~14:50)(15:00~15:50)]",50분(표준),2,일반과목,체육실기,절대평가,일반(1~15주),비대상
1181,예술체육대학,스포츠과학부,1,전공기초,전공기초,0011027003,기초수영,Swimming for Basic,박진아,"골프연습장/스포츠센터-110-1호  수영장(4,5,6레인)[20-110-1]"," [20-110-1:화(6)(7),목(8)(9)]"," [20-110-1:화(14:00~14:50)(15:00~15:50),목(16:00~16:50)(17:00~17:50)]",50분(표준),2,일반과목,체육실기,절대평가,일반(1~15주),비대상
1182,예술체육대학,스포츠과학부,1,전공심화,전공심화,0002756001,육상(트랙),Track&Field(Track),이도흥,대운동장본부석-102 잔디운동장[ZC-102], [ZC-102:수(1)(2)], [ZC-102:수(09:00~09:50)(10:00~10:50)],50분(표준),1,일반과목,체육실기,절대평가,일반(1~15주),비대상
1183,예술체육대학,스포츠과학부,1,전공심화,전공심화,0002756002,육상(트랙),Track&Field(Track),이도흥,대운동장본부석-102 잔디운동장[ZC-102], [ZC-102:수(3)(4)], [ZC-102:수(11:00~11:50)(12:00~12:50)],50분(표준),1,일반과목,체육실기,절대평가,일반(1~15주),비대상
1184,예술체육대학,스포츠과학부,1,전공심화,전공심화,0011028001,스포츠과학입문,Introduction to Sport Science,이세원,제16호관 예술체육대학-311 강의실(소)[16-311], [16-311:화(2)(3)], [16-311:화(10:00~10:50)(11:00~11:50)],50분(표준),2,일반과목,강의(이론),상대평가,일반(1~15주),비대상
1185,예술체육대학,스포츠과학부,1,전공심화,전공심화,0011030001,스포츠커뮤니케이션,Sports Communication,박상혁,제16호관 예술체육대학-311 강의실(소)[16-311], [16-311:화(4)(5)], [16-311:화(12:00~12:50)(13:00~13:50)],50분(표준),2,일반과목,강의(이론),상대평가,일반(1~15주),비대상
1186,예술체육대학,스포츠과학부,1,전공심화,전공심화,0011030002,스포츠커뮤니케이션,Sports Communication,박상혁,제16호관 예술체육대학-311 강의실(소)[16-311], [16-311:수(5)(6)], [16-311:수(13:00~13:50)(14:00~14:50)],50분(표준),2,일반과목,강의(이론),상대평가,일반(1~15주),비대상
1187,예술체육대학,스포츠과학부,1,전공심화,전공심화,HD06104001,체조,GYMNASTICS,김나경,제20호관 스포츠센터-105 헬스장(GX룸)[20-105], [20-105:금(2)(3)], [20-105:금(10:00~10:50)(11:00~11:50)],50분(표준),1,일반과목,체육실기,절대평가,일반(1~15주),비대상
1188,예술체육대학,스포츠과학부,1,전공심화,전공심화,HD06104002,체조,GYMNASTICS,김나경,제20호관 스포츠센터-105 헬스장(GX룸)[20-105], [20-105:금(4)(5)], [20-105:금(12:00~12:50)(13:00~13:50)],50분(표준),1,일반과목,체육실기,절대평가,일반(1~15주),비대상
1189,예술체육대학,스포츠과학부,1,전공심화,전공심화,HFA6095001,축구,Football,유우람,대운동장본부석-102 잔디운동장[ZC-102], [ZC-102:월(1)(2)], [ZC-102:월(09:00~09:50)(10:00~10:50)],50분(표준),1,일반과목,체육실기,절대평가,일반(1~15주),비대상
1190,예술체육대학,스포츠과학부,2,전공기초,전공기초,0011031001,기초기능해부학,Basic Function Anatomy,전경규,제16호관 예술체육대학-320 강의실[16-320], [16-320:화(2)(3)], [16-320:화(10:00~10:50)(11:00~11:50)],50분(표준),2,일반과목,강의(이론),상대평가,일반(1~15주),글로벌강의(ES)
1191,예술체육대학,스포츠과학부,2,전공기초,전공기초,0011031002,기초기능해부학,Basic Function Anatomy,전경규,제16호관 예술체육대학-320 강의실[16-320], [16-320:화(4)(5)], [16-320:화(12:00~12:50)(13:00~13:50)],50분(표준),2,일반과목,강의(이론),상대평가,일반(1~15주),글로벌강의(ES)
1192,예술체육대학,스포츠과학부,2,전공기초,전공기초,0011051001,웨이트트레이닝기초,Weight Training Basic,김연휘,제20호관 스포츠센터-208 헬스장[20-208]," [20-208:화(6)(7),목(6)(7)]"," [20-208:화(14:00~14:50)(15:00~15:50),목(14:00~14:50)(15:00~15:50)]",50분(표준),2,일반과목,체육실기,절대평가,일반(1~15주),비대상
1193,예술체육대학,스포츠과학부,2,전공기초,전공기초,0011051002,웨이트트레이닝기초,Weight Training Basic,정국현,"제20호관 스포츠센터-208 헬스장[20-208], 제21호관 체육관-206A 관람석(트랙)[21-206A]", [20-208:화(8)(9)] [21-206A:목(6)(7)], [20-208:화(16:00~16:50)(17:00~17:50)] [21-206A:목(14:00~14:50)(15:00~15:50)],50분(표준),2,일반과목,체육실기,절대평가,일반(1~15주),비대상
1194,예술체육대학,스포츠과학부,2,전공기초,전공기초,0011051003,웨이트트레이닝기초,Weight Training Basic,,"제20호관 스포츠센터-208 헬스장[20-208], 제21호관 체육관-206A 관람석(트랙)[21-206A]", [20-208:목(8)(9)] [21-206A:화(8)(9)], [20-208:목(16:00~16:50)(17:00~17:50)] [21-206A:화(16:00~16:50)(17:00~17:50)],50분(표준),2,일반과목,체육실기,절대평가,일반(1~15주),비대상
1195,예술체육대학,스포츠과학부,2,전공핵심,전공핵심,HFA6001001,운동생리학,EXERCISE PHYSIOLOGY,이세원,제16호관 예술체육대학-320 강의실[16-320]," [16-320:월(2B-3),수(5B-6)]"," [16-320:월(10:30~11:45),수(13:30~14:45)]",75분,3,일반과목,강의(이론),상대평가,일반(1~15주),비대상
1196,예술체육대학,스포츠과학부,2,전공핵심,전공핵심,HFA6001002,운동생리학,EXERCISE PHYSIOLOGY,이세원,제16호관 예술체육대학-320 강의실[16-320]," [16-320:월(5B-6),수(2B-3)]"," [16-320:월(13:30~14:45),수(10:30~11:45)]",75분,3,일반과목,강의(이론),상대평가,일반(1~15주),비대상
1197,예술체육대학,스포츠과학부,2,전공핵심,전공핵심,HFB6011001,스포츠사회학,Sport Sociology,임새미,제16호관 예술체육대학-320 강의실[16-320]," [16-320:월(4-5A),수(4-5A)]"," [16-320:월(12:00~13:15),수(12:00~13:15)]",75분,3,일반과목,강의(이론),상대평가,일반(1~15주),비대상
1198,예술체육대학,스포츠과학부,2,전공핵심,전공핵심,HFB6011002,스포츠사회학,Sport Sociology,임새미,제16호관 예술체육대학-320 강의실[16-320]," [16-320:월(7-8A),수(7-8A)]"," [16-320:월(15:00~16:15),수(15:00~16:15)]",75분,3,일반과목,강의(이론),상대평가,일반(1~15주),비대상
1199,예술체육대학,스포츠과학부,2,전공심화,전공심화,0002095001,스쿼시,SQUASH,구륜회,제20호관 스포츠센터-201 스쿼시장1[20-201], [20-201:금(7)(8)], [20-201:금(15:00~15:50)(16:00~16:50)],50분(표준),1,일반과목,체육실기,절대평가,일반(1~15주),비대상
1200,예술체육대학,스포츠과학부,2,전공심화,전공심화,0005901001,운동생리학실습,Lab in Exercise Physiology,이천옥,제16호관 예술체육대학-312 강의실(소)[16-312], [16-312:금(3)(4)], [16-312:금(11:00~11:50)(12:00~12:50)],50분(표준),1,일반과목,실험실습,절대평가,일반(1~15주),비대상
1201,예술체육대학,스포츠과학부,2,전공심화,전공심화,0011032001,스포츠안전관리,Sport Safety,함경수,제16호관 예술체육대학-320 강의실[16-320], [16-320:금(5)(6)], [16-320:금(13:00~13:50)(14:00~14:50)],50분(표준),1,일반과목,실험실습,절대평가,일반(1~15주),비대상
1202,예술체육대학,스포츠과학부,2,전공심화,전공심화,0011060001,생존수영,Survival Swimming,함경수,제20호관 스포츠센터-110 수영장[20-110], [20-110:목(1)(2)], [20-110:목(09:00~09:50)(10:00~10:50)],50분(표준),1,일반과목,체육실기,절대평가,일반(1~15주),비대상
1203,예술체육대학,스포츠과학부,2,전공심화,전공심화,0012448001,New sports1,New sports1,우희준,제21호관 체육관-101A 메인플로어[21-101A], [21-101A:목(6)(7)], [21-101A:목(14:00~14:50)(15:00~15:50)],50분(표준),1,일반과목,체육실기,상대평가,일반(1~15주),비대상
1204,예술체육대학,스포츠과학부,2,전공심화,전공심화,HB06009001,해양스포츠,MARINE SPORTS,김민철,제16호관 예술체육대학-312 강의실(소)[16-312], [16-312:금(야1)(야2)], [16-312:금(18:00~18:50)(18:55~19:45)],50분(표준),1,일반과목,체육실기,절대평가,일반(1~15주),비대상
1205,예술체육대학,스포츠과학부,2,전공심화,전공심화,HB06009002,해양스포츠,MARINE SPORTS,김민철,제16호관 예술체육대학-312 강의실(소)[16-312], [16-312:금(야3)(야4)], [16-312:금(19:50~20:40)(20:45~21:35)],50분(표준),1,일반과목,체육실기,절대평가,일반(1~15주),비대상
1206,예술체육대학,스포츠과학부,2,전공심화,전공심화,HFA6005001,농구,BASKET BALL,,제21호관 체육관-101A 메인플로어[21-101A], [21-101A:화(2)(3)], [21-101A:화(10:00~10:50)(11:00~11:50)],50분(표준),1,일반과목,체육실기,절대평가,일반(1~15주),비대상
1207,예술체육대학,스포츠과학부,3,전공핵심,전공핵심,0011054001,Sport Management,Sport Management,홍진배,제16호관 예술체육대학-311 강의실(소)[16-311]," [16-311:월(7-8A),수(8B-9)]"," [16-311:월(15:00~16:15),수(16:30~17:45)]",75분,3,일반과목,강의(이론),상대평가,일반(1~15주),비대상
1208,예술체육대학,스포츠과학부,3,전공핵심,전공핵심,0011054002,Sport Management,Sport Management,홍진배,제16호관 예술체육대학-311 강의실(소)[16-311]," [16-311:월(8B-9),수(7-8A)]"," [16-311:월(16:30~17:45),수(15:00~16:15)]",75분,3,일반과목,강의(이론),상대평가,일반(1~15주),비대상
1209,예술체육대학,스포츠과학부,3,전공핵심,전공핵심,HFA6097001,트레이닝방법론,Methodology of Exercise Training,변경호,제16호관 예술체육대학-312 강의실(소)[16-312]," [16-312:화(2B-3),목(5B-6)]"," [16-312:화(10:30~11:45),목(13:30~14:45)]",75분,3,일반과목,강의(이론),상대평가,일반(1~15주),비대상
1210,예술체육대학,스포츠과학부,3,전공핵심,전공핵심,HFA6097002,트레이닝방법론,Methodology of Exercise Training,변경호,제16호관 예술체육대학-312 강의실(소)[16-312]," [16-312:화(4-5A),목(2B-3)]"," [16-312:화(12:00~13:15),목(10:30~11:45)]",75분,3,일반과목,강의(이론),상대평가,일반(1~15주),비대상
1211,예술체육대학,스포츠과학부,3,전공심화,전공심화,0004657001,테니스기초,basics of tennis,임새미,테니스장 관리동-102 선수휴게실(남)[ZB-101], [ZB-101:월(1)(2)], [ZB-101:월(09:00~09:50)(10:00~10:50)],50분(표준),1,일반과목,체육실기,절대평가,일반(1~15주),비대상
1212,예술체육대학,스포츠과학부,3,전공심화,전공심화,0004657002,테니스기초,basics of tennis,임새미,테니스장 관리동-102 선수휴게실(남)[ZB-101], [ZB-101:수(1)(2)], [ZB-101:수(09:00~09:50)(10:00~10:50)],50분(표준),1,일반과목,체육실기,절대평가,일반(1~15주),비대상
1213,예술체육대학,스포츠과학부,3,전공심화,전공심화,0011034001,배드민턴기초,Badminton Basic,이다혜,제21호관 체육관-101A 메인플로어[21-101A], [21-101A:월(2)(3)], [21-101A:월(10:00~10:50)(11:00~11:50)],50분(표준),1,일반과목,체육실기,절대평가,일반(1~15주),비대상
1214,예술체육대학,스포츠과학부,3,전공심화,전공심화,0011034002,배드민턴기초,Badminton Basic,이다혜,제21호관 체육관-101A 메인플로어[21-101A], [21-101A:월(4)(5)], [21-101A:월(12:00~12:50)(13:00~13:50)],50분(표준),1,일반과목,체육실기,절대평가,일반(1~15주),비대상
1215,예술체육대학,스포츠과학부,3,전공심화,전공심화,0011036001,Pilates,Pilates,,제20호관 스포츠센터-205 무도장[20-205], [20-205:금(2)(3)], [20-205:금(10:00~10:50)(11:00~11:50)],50분(표준),1,일반과목,체육실기,절대평가,일반(1~15주),비대상
1216,예술체육대학,스포츠과학부,3,전공심화,전공심화,0011037001,Sports Data Analytics,Sports Data Analytics,김종원,제16호관 예술체육대학-312 강의실(소)[16-312], [16-312:수(3)(4)], [16-312:수(11:00~11:50)(12:00~12:50)],50분(표준),2,일반과목,강의(이론),절대평가,일반(1~15주),비대상
1217,예술체육대학,스포츠과학부,3,전공심화,전공심화,0011038001,건강빅데이터실습분석,Big Data Processing in Health and Physical Activity,송송이,제16호관 예술체육대학-311 강의실(소)[16-311], [16-311:화(8)(9)], [16-311:화(16:00~16:50)(17:00~17:50)],50분(표준),1,일반과목,실험실습,절대평가,일반(1~15주),비대상
1218,예술체육대학,스포츠과학부,3,전공심화,전공심화,0011039001,근골격기능운동학,Kinesiology of the Musculoskeletal,전경규,제16호관 예술체육대학-312 강의실(소)[16-312]," [16-312:수(5B-6),목(4-5A)]"," [16-312:수(13:30~14:45),목(12:00~13:15)]",75분,3,일반과목,강의(이론),상대평가,일반(1~15주),글로벌강의(ES)
1219,예술체육대학,스포츠과학부,3,전공심화,전공심화,0011042001,유소년스포츠지도,Youth Sport Activity,강년주,제16호관 예술체육대학-311 강의실(소)[16-311], [16-311:금(5)(6)], [16-311:금(13:00~13:50)(14:00~14:50)],50분(표준),2,일반과목,강의(이론),상대평가,일반(1~15주),비대상
1220,예술체육대학,스포츠과학부,3,전공심화,전공심화,0011062001,스포츠코칭,Sports Coaching,박상혁,제16호관 예술체육대학-311 강의실(소)[16-311], [16-311:화(6)(7)], [16-311:화(14:00~14:50)(15:00~15:50)],50분(표준),2,일반과목,강의(이론),상대평가,일반(1~15주),비대상
1221,예술체육대학,스포츠과학부,4,전공심화,전공심화,0001370001,스포츠철학,Philosophy of Sports,윤기준,제16호관 예술체육대학-312 강의실(소)[16-312]," [16-312:월(2B-3),수(7-8A)]"," [16-312:월(10:30~11:45),수(15:00~16:15)]",75분,3,일반과목,강의(이론),상대평가,일반(1~15주),비대상
1222,예술체육대학,스포츠과학부,4,전공심화,전공심화,0011041001,신체교정운동,Physical Correction Exercise,김찬기,제20호관 스포츠센터-106 에어로빅실[20-106], [20-106:목(5)(6)], [20-106:목(13:00~13:50)(14:00~14:50)],50분(표준),1,일반과목,체육실기,절대평가,일반(1~15주),비대상
1223,예술체육대학,스포츠과학부,4,전공심화,전공심화,0011044001,과학적기능평가,Scientific Function Evaluation,김찬기,제16호관 예술체육대학-311 강의실(소)[16-311], [16-311:금(7)(8)], [16-311:금(15:00~15:50)(16:00~16:50)],50분(표준),2,일반과목,강의(이론),절대평가,일반(1~15주),비대상
1224,예술체육대학,스포츠과학부,4,전공심화,전공심화,0011058001,골프기초,BASIC OF GOLF,곽지영,제20호관 스포츠센터-211 골프타석[20-211], [20-211:수(5)(6)], [20-211:수(13:00~13:50)(14:00~14:50)],50분(표준),1,일반과목,체육실기,절대평가,일반(1~15주),비대상
1225,예술체육대학,스포츠과학부,4,전공심화,전공심화,0011069001,특수체육지도,Adapted Physical Education,강년주,제16호관 예술체육대학-311 강의실(소)[16-311], [16-311:금(2)(3)], [16-311:금(10:00~10:50)(11:00~11:50)],50분(표준),2,일반과목,강의(이론),상대평가,일반(1~15주),비대상
1226,예술체육대학,스포츠과학부,4,전공심화,전공심화,0011077001,스포츠지도실습,Sport Pedagogy Prectice,윤기준,제21호관 체육관-101A 메인플로어[21-101A], [21-101A:토(3)(4)(5)(6)], [21-101A:토(11:00~11:50)(12:00~12:50)(13:00~13:50)(14:00~14:50)],50분(표준),2,일반과목,체육실기,절대평가,일반(1~15주),비대상
1227,예술체육대학,스포츠과학부,4,전공심화,전공심화,0011483001,기능재활운동2,Functional Rehabilitation Training 2,전경규,"제16호관 예술체육대학-311 강의실(소)[16-311], 제20호관 스포츠센터-106 에어로빅실[20-106]", [16-311:수(3)(4)] [20-106:금(5)(6)], [16-311:수(11:00~11:50)(12:00~12:50)] [20-106:금(13:00~13:50)(14:00~14:50)],50분(표준),3,일반과목,이론실험실습,절대평가,일반(1~15주),비대상
1228,예술체육대학,스포츠과학부,4,전공심화,전공심화,0011484001,퍼스널트레이닝,Personal Training,이승원,제20호관 스포츠센터-208 헬스장[20-208], [20-208:화(4)(5)], [20-208:화(12:00~12:50)(13:00~13:50)],50분(표준),1,일반과목,체육실기,절대평가,일반(1~15주),비대상
1229,예술체육대학,스포츠과학부,4,전공심화,전공심화,0012449001,스포츠과학캡스톤디자인1,Capstone Design in Sport Science1,변경호,제16호관 예술체육대학-405A 연구실[16-405A]," [16-405A:월(7)(8),목(7)(8)]"," [16-405A:월(15:00~15:50)(16:00~16:50),목(15:00~15:50)(16:00~16:50)]",50분(표준),3,일반과목,이론실험실습,상대평가,일반(1~15주),비대상
1230,예술체육대학,스포츠과학부,4,전공심화,전공심화,HFA6015001,야구,BASEBALL,강년주,대운동장본부석-103 마사토운동장[ZC-103], [ZC-103:목(2)(3)], [ZC-103:목(10:00~10:50)(11:00~11:50)],50분(표준),1,일반과목,체육실기,상대평가,일반(1~15주),비대상
1231,예술체육대학,운동건강학부,1,전공기초,전공기초,0007800032,자기설계세미나 I,Self - Design Seminar I,임명주,제16호관 예술체육대학-312 강의실(소)[16-312], [16-312:월(9)], [16-312:월(17:00~17:50)],50분(표준),1,일반과목,자기설계세미나,이수인정,일반(1~15주),비대상
1232,예술체육대학,운동건강학부,1,전공기초,전공기초,0007800033,자기설계세미나 I,Self - Design Seminar I,성호준,제16호관 예술체육대학-302A 강의실(대)-2[16-302A], [16-302A:화(5)], [16-302A:화(13:00~13:50)],50분(표준),1,일반과목,자기설계세미나,이수인정,일반(1~15주),비대상
1233,예술체육대학,운동건강학부,1,전공기초,전공기초,0007800034,자기설계세미나 I,Self - Design Seminar I,김동일,제16호관 예술체육대학-313A 강의실(소)[16-313A], [16-313A:화(5)], [16-313A:화(13:00~13:50)],50분(표준),1,일반과목,자기설계세미나,이수인정,일반(1~15주),비대상
1234,예술체육대학,운동건강학부,1,전공기초,전공기초,0007800035,자기설계세미나 I,Self - Design Seminar I,김남웅,제16호관 예술체육대학-302B 강의실(대)-2[16-302B], [16-302B:목(5)], [16-302B:목(13:00~13:50)],50분(표준),1,일반과목,자기설계세미나,이수인정,일반(1~15주),비대상
1235,예술체육대학,운동건강학부,1,전공기초,전공기초,0011952001,기초인체해부학,Basic Human Anatomy,박영민,제16호관 예술체육대학-302B 강의실(대)-2[16-302B]," [16-302B:화(7-8A),목(8B-9)]"," [16-302B:화(15:00~16:15),목(16:30~17:45)]",75분,3,일반과목,강의(이론),상대평가,일반(1~15주),비대상
1236,예술체육대학,운동건강학부,1,전공기초,전공기초,0011952002,기초인체해부학,Basic Human Anatomy,박영민,제16호관 예술체육대학-302B 강의실(대)-2[16-302B]," [16-302B:화(8B-9),목(7-8A)]"," [16-302B:화(16:30~17:45),목(15:00~16:15)]",75분,3,일반과목,강의(이론),상대평가,일반(1~15주),비대상
1237,예술체육대학,운동건강학부,1,전공심화,전공심화,0001357001,웨이트트레이닝,Weight Training,황순범,제20호관 스포츠센터-208 헬스장[20-208], [20-208:수(6)(7)], [20-208:수(14:00~14:50)(15:00~15:50)],50분(표준),1,일반과목,체육실기,절대평가,일반(1~15주),비대상
1238,예술체육대학,운동건강학부,1,전공심화,전공심화,0001357002,웨이트트레이닝,Weight Training,황순범,제20호관 스포츠센터-208 헬스장[20-208], [20-208:수(8)(9)], [20-208:수(16:00~16:50)(17:00~17:50)],50분(표준),1,일반과목,체육실기,절대평가,일반(1~15주),비대상
1239,예술체육대학,운동건강학부,1,전공심화,전공심화,0001357003,웨이트트레이닝,Weight Training,이주희,제20호관 스포츠센터-208 헬스장[20-208], [20-208:금(6)(7)], [20-208:금(14:00~14:50)(15:00~15:50)],50분(표준),1,일반과목,체육실기,절대평가,일반(1~15주),비대상
1240,예술체육대학,운동건강학부,1,전공심화,전공심화,0001357004,웨이트트레이닝,Weight Training,이주희,제20호관 스포츠센터-208 헬스장[20-208], [20-208:금(8)(9)], [20-208:금(16:00~16:50)(17:00~17:50)],50분(표준),1,일반과목,체육실기,절대평가,일반(1~15주),비대상
1241,예술체육대학,운동건강학부,1,전공심화,전공심화,0006970001,건강워킹&러닝,Walking and Running for Health Promotion,민은지,대운동장본부석-102 잔디운동장[ZC-102], [ZC-102:금(1)(2)], [ZC-102:금(09:00~09:50)(10:00~10:50)],50분(표준),1,일반과목,체육실기,절대평가,일반(1~15주),비대상
1242,예술체육대학,운동건강학부,1,전공심화,전공심화,0006970002,건강워킹&러닝,Walking and Running for Health Promotion,민은지,대운동장본부석-102 잔디운동장[ZC-102], [ZC-102:금(3)(4)], [ZC-102:금(11:00~11:50)(12:00~12:50)],50분(표준),1,일반과목,체육실기,절대평가,일반(1~15주),비대상
1243,예술체육대학,운동건강학부,1,전공심화,전공심화,0009987001,수영기초,Basic swimming,전재희,"골프연습장/스포츠센터-110-1호  수영장(4,5,6레인)[20-110-1]", [20-110-1:금(8)(9)], [20-110-1:금(16:00~16:50)(17:00~17:50)],50분(표준),1,일반과목,체육실기,절대평가,일반(1~15주),비대상
1244,예술체육대학,운동건강학부,1,전공심화,전공심화,0009987002,수영기초,Basic swimming,전재희,"골프연습장/스포츠센터-110-1호  수영장(4,5,6레인)[20-110-1]", [20-110-1:금(6)(7)], [20-110-1:금(14:00~14:50)(15:00~15:50)],50분(표준),1,일반과목,체육실기,절대평가,일반(1~15주),비대상
1245,예술체육대학,운동건강학부,1,전공심화,전공심화,0009987003,수영기초,Basic swimming,전재희,제20호관 스포츠센터-110 수영장[20-110], [20-110:월(8)(9)], [20-110:월(16:00~16:50)(17:00~17:50)],50분(표준),1,일반과목,체육실기,절대평가,일반(1~15주),비대상
1246,예술체육대학,운동건강학부,1,전공심화,전공심화,0011953001,건강운동개론,Healthy Life and Exercise,황문현,제16호관 예술체육대학-302B 강의실(대)-2[16-302B], [16-302B:목(1)(2)], [16-302B:목(09:00~09:50)(10:00~10:50)],50분(표준),2,일반과목,강의(이론),상대평가,일반(1~15주),비대상
1247,예술체육대학,운동건강학부,1,전공심화,전공심화,0011953002,건강운동개론,Healthy Life and Exercise,황문현,제16호관 예술체육대학-302B 강의실(대)-2[16-302B], [16-302B:목(3)(4)], [16-302B:목(11:00~11:50)(12:00~12:50)],50분(표준),2,일반과목,강의(이론),상대평가,일반(1~15주),비대상
1248,예술체육대학,운동건강학부,2,전공기초,전공기초,0009805001,운동과스포츠생리학,Exercise&Sport Physiology,황문현,제16호관 예술체육대학-302B 강의실(대)-2[16-302B]," [16-302B:월(1-2A),수(4-5A)]"," [16-302B:월(09:00~10:15),수(12:00~13:15)]",75분,3,일반과목,강의(이론),상대평가,일반(1~15주),비대상
1249,예술체육대학,운동건강학부,2,전공기초,전공기초,0009805002,운동과스포츠생리학,Exercise&Sport Physiology,황문현,제16호관 예술체육대학-302B 강의실(대)-2[16-302B]," [16-302B:월(2B-3),수(5B-6)]"," [16-302B:월(10:30~11:45),수(13:30~14:45)]",75분,3,일반과목,강의(이론),상대평가,일반(1~15주),비대상
1250,예술체육대학,운동건강학부,2,전공기초,전공기초,HFC6056001,해양훈련,Marine Training,성창훈,제20호관 스포츠센터-110 수영장[20-110], [20-110:월(6)(7)], [20-110:월(14:00~14:50)(15:00~15:50)],50분(표준),1,일반과목,체육실기,절대평가,일반(1~15주),비대상
1251,예술체육대학,운동건강학부,2,전공기초,전공기초,HFC6056002,해양훈련,Marine Training,,"골프연습장/스포츠센터-110-1호  수영장(4,5,6레인)[20-110-1]", [20-110-1:목(6)(7)], [20-110-1:목(14:00~14:50)(15:00~15:50)],50분(표준),1,일반과목,체육실기,절대평가,일반(1~15주),비대상
1252,예술체육대학,운동건강학부,2,전공기초,전공기초,HFC6056003,해양훈련,Marine Training,전재희,"골프연습장/스포츠센터-110-1호  수영장(4,5,6레인)[20-110-1]", [20-110-1:월(6)(7)], [20-110-1:월(14:00~14:50)(15:00~15:50)],50분(표준),1,일반과목,체육실기,절대평가,일반(1~15주),비대상
1253,예술체육대학,운동건강학부,2,전공핵심,전공핵심,0009814001,기능해부학,Functional Anatomy,홍성현,제16호관 예술체육대학-302B 강의실(대)-2[16-302B], [16-302B:수(1-2A)(2B-3)], [16-302B:수(09:00~10:15)(10:30~11:45)],75분,3,일반과목,강의(이론),상대평가,일반(1~15주),비대상
1254,예술체육대학,운동건강학부,2,전공핵심,전공핵심,0009814002,기능해부학,Functional Anatomy,홍성현,제16호관 예술체육대학-302B 강의실(대)-2[16-302B], [16-302B:화(1-2A)(2B-3)], [16-302B:화(09:00~10:15)(10:30~11:45)],75분,3,일반과목,강의(이론),상대평가,일반(1~15주),비대상
1255,예술체육대학,운동건강학부,2,전공심화,전공심화,0006966001,스포츠클라이밍,Sports Climbing,도은나,가상건물-199 외부강의실[ZZ-199], [ZZ-199:금(3)(4)], [ZZ-199:금(11:00~11:50)(12:00~12:50)],50분(표준),1,일반과목,체육실기,절대평가,일반(1~15주),글로벌강의(ES)
1256,예술체육대학,운동건강학부,2,전공심화,전공심화,0006966002,스포츠클라이밍,Sports Climbing,도은나,가상건물-199 외부강의실[ZZ-199], [ZZ-199:금(5)(6)], [ZZ-199:금(13:00~13:50)(14:00~14:50)],50분(표준),1,일반과목,체육실기,절대평가,일반(1~15주),글로벌강의(ES)
1257,예술체육대학,운동건강학부,2,전공심화,전공심화,0009807001,GX,Group Exercise,임명주,제20호관 스포츠센터-205 무도장[20-205], [20-205:화(2)(3)], [20-205:화(10:00~10:50)(11:00~11:50)],50분(표준),1,일반과목,체육실기,절대평가,일반(1~15주),비대상
1258,예술체육대학,운동건강학부,2,전공심화,전공심화,0009807002,GX,Group Exercise,임명주,제20호관 스포츠센터-205 무도장[20-205], [20-205:화(4)(5)], [20-205:화(12:00~12:50)(13:00~13:50)],50분(표준),1,일반과목,체육실기,절대평가,일반(1~15주),비대상
1259,예술체육대학,운동건강학부,2,전공심화,전공심화,0009993001,장애및질환에따른신체활동,Physical Activity According to Disability and Disease,김동일,제16호관 예술체육대학-302A 강의실(대)-2[16-302A], [16-302A:월(8)(9)], [16-302A:월(16:00~16:50)(17:00~17:50)],50분(표준),2,일반과목,강의(이론),상대평가,일반(1~15주),비대상
1260,예술체육대학,운동건강학부,2,전공심화,전공심화,0010098001,인도어스포츠,Indoor Sports,신기성,제21호관 체육관-101A 메인플로어[21-101A], [21-101A:화(6)(7)], [21-101A:화(14:00~14:50)(15:00~15:50)],50분(표준),1,일반과목,체육실기,절대평가,일반(1~15주),비대상
1261,예술체육대학,운동건강학부,2,전공심화,전공심화,0010098002,인도어스포츠,Indoor Sports,신기성,제21호관 체육관-101A 메인플로어[21-101A], [21-101A:화(8)(9)], [21-101A:화(16:00~16:50)(17:00~17:50)],50분(표준),1,일반과목,체육실기,절대평가,일반(1~15주),비대상
1262,예술체육대학,운동건강학부,2,전공심화,전공심화,0011954001,스포츠경제학,Sports Economics,성호준,제16호관 예술체육대학-302A 강의실(대)-2[16-302A], [16-302A:월(4)(5)], [16-302A:월(12:00~12:50)(13:00~13:50)],50분(표준),2,일반과목,강의(이론),상대평가,일반(1~15주),비대상
1263,예술체육대학,운동건강학부,3,전공기초,전공기초,EH06133001,생체역학,BIOMECHANICS,김남웅,제16호관 예술체육대학-302B 강의실(대)-2[16-302B]," [16-302B:화(4-5A),수(8B-9)]"," [16-302B:화(12:00~13:15),수(16:30~17:45)]",75분,3,일반과목,강의(이론),상대평가,일반(1~15주),비대상
1264,예술체육대학,운동건강학부,3,전공기초,전공기초,EH06133002,생체역학,BIOMECHANICS,김남웅,제16호관 예술체육대학-302B 강의실(대)-2[16-302B]," [16-302B:화(5B-6),수(7-8A)]"," [16-302B:화(13:30~14:45),수(15:00~16:15)]",75분,3,일반과목,강의(이론),상대평가,일반(1~15주),비대상
1265,예술체육대학,운동건강학부,3,전공핵심,전공핵심,0011087001,하지운동손상평가,Orthopedic Evaluation and Assessment of the Lower Extremity,,제16호관 예술체육대학-402 선수트레이닝센터[16-402], [16-402:금(8)(9)], [16-402:금(16:00~16:50)(17:00~17:50)],50분(표준),2,일반과목,강의(이론),상대평가,일반(1~15주),비대상
1266,예술체육대학,운동건강학부,3,전공핵심,전공핵심,0011955001,운동부하검사,Clinical Exercise Test,,제16호관 예술체육대학-302B 강의실(대)-2[16-302B], [16-302B:금(6)(7)], [16-302B:금(14:00~14:50)(15:00~15:50)],50분(표준),1,일반과목,실험실습,절대평가,일반(1~15주),비대상
1267,예술체육대학,운동건강학부,3,전공핵심,전공핵심,0011955002,운동부하검사,Clinical Exercise Test,,제16호관 예술체육대학-302B 강의실(대)-2[16-302B], [16-302B:금(8)(9)], [16-302B:금(16:00~16:50)(17:00~17:50)],50분(표준),1,일반과목,실험실습,절대평가,일반(1~15주),비대상
1268,예술체육대학,운동건강학부,3,전공심화,전공심화,0002141001,요가,Yoga,임명주,제20호관 스포츠센터-205 무도장[20-205], [20-205:월(4)(5)], [20-205:월(12:00~12:50)(13:00~13:50)],50분(표준),1,일반과목,체육실기,절대평가,일반(1~15주),비대상
1269,예술체육대학,운동건강학부,3,전공심화,전공심화,0002141002,요가,Yoga,임명주,제20호관 스포츠센터-205 무도장[20-205], [20-205:월(6)(7)], [20-205:월(14:00~14:50)(15:00~15:50)],50분(표준),1,일반과목,체육실기,절대평가,일반(1~15주),비대상
1270,예술체육대학,운동건강학부,3,전공심화,전공심화,0002142001,운동영양학,Exercise Nutrition,김태완,제16호관 예술체육대학-302B 강의실(대)-2[16-302B], [16-302B:금(1-2A)(2B-3)], [16-302B:금(09:00~10:15)(10:30~11:45)],75분,3,일반과목,강의(이론),절대평가,일반(1~15주),비대상
1271,예술체육대학,운동건강학부,3,전공심화,전공심화,0006965001,운동발달학습,Motor Development Learning,성창훈,제16호관 예술체육대학-302A 강의실(대)-2[16-302A]," [16-302A:월(2B-3),목(5B-6)]"," [16-302A:월(10:30~11:45),목(13:30~14:45)]",75분,3,일반과목,강의(이론),상대평가,일반(1~15주),비대상
1272,예술체육대학,운동건강학부,3,전공심화,전공심화,0009995001,운동건강과학실습,Physiological measurement and assessment in Health & Kinesiology,박영민,제16호관 예술체육대학-403 스포츠 생리학실[16-403], [16-403:월(6)(7)], [16-403:월(14:00~14:50)(15:00~15:50)],50분(표준),1,일반과목,체육실기,절대평가,일반(1~15주),비대상
1273,예술체육대학,운동건강학부,3,전공심화,전공심화,0009995002,운동건강과학실습,Physiological measurement and assessment in Health & Kinesiology,박영민,제16호관 예술체육대학-403 스포츠 생리학실[16-403], [16-403:월(4)(5)], [16-403:월(12:00~12:50)(13:00~13:50)],50분(표준),1,일반과목,체육실기,절대평가,일반(1~15주),비대상
1274,예술체육대학,운동건강학부,3,전공심화,전공심화,0011094001,필드골프,Field Golf,성창훈,제20호관 스포츠센터-211 골프타석[20-211], [20-211:월(8)(9)], [20-211:월(16:00~16:50)(17:00~17:50)],50분(표준),1,일반과목,체육실기,절대평가,일반(1~15주),비대상
1275,예술체육대학,운동건강학부,3,전공심화,전공심화,0011094002,필드골프,Field Golf,성창훈,제20호관 스포츠센터-211 골프타석[20-211], [20-211:목(8)(9)], [20-211:목(16:00~16:50)(17:00~17:50)],50분(표준),1,일반과목,체육실기,절대평가,일반(1~15주),비대상
1276,예술체육대학,운동건강학부,3,전공심화,전공심화,0011956001,Aqua Therapy,Aqua Therapy,김동일,제20호관 스포츠센터-110 수영장[20-110], [20-110:화(2)(3)], [20-110:화(10:00~10:50)(11:00~11:50)],50분(표준),1,일반과목,체육실기,절대평가,일반(1~15주),비대상
1277,예술체육대학,운동건강학부,3,전공심화,전공심화,0011957001,장애운동재활이론및실습심화,Advanced Theory and Practice of Disability Exercise Rehabilitation,김동일,제16호관 예술체육대학-302A 강의실(대)-2[16-302A]," [16-302A:화(8B-9),목(4-5A)]"," [16-302A:화(16:30~17:45),목(12:00~13:15)]",75분,3,일반과목,강의(이론),상대평가,일반(1~15주),비대상
1278,예술체육대학,운동건강학부,3,전공심화,전공심화,0011958001,장애질환별체형교정기초,Posture Correction for Disabilities and Conditions Basic,,제20호관 스포츠센터-205 무도장[20-205], [20-205:목(1)(2)], [20-205:목(09:00~09:50)(10:00~10:50)],50분(표준),1,일반과목,체육실기,절대평가,일반(1~15주),비대상
1279,예술체육대학,운동건강학부,3,전공심화,전공심화,0011959001,퍼포먼스트레이닝기초,Performance Training Basic,홍성현,제21호관 체육관-206A 관람석(트랙)[21-206A], [21-206A:수(4)(5)], [21-206A:수(12:00~12:50)(13:00~13:50)],50분(표준),1,일반과목,체육실기,절대평가,일반(1~15주),비대상
1280,예술체육대학,운동건강학부,4,전공핵심,전공핵심,0011960001,건강운동관리사세미나,Seminar for Exercise Specialist,김성언,제16호관 예술체육대학-302A 강의실(대)-2[16-302A], [16-302A:금(2)(3)(4)(5)], [16-302A:금(10:00~10:50)(11:00~11:50)(12:00~12:50)(13:00~13:50)],50분(표준),2,일반과목,실험실습,절대평가,일반(1~15주),비대상
1281,예술체육대학,운동건강학부,4,전공핵심,전공핵심,0011960002,건강운동관리사세미나,Seminar for Exercise Specialist,김성언,제16호관 예술체육대학-302A 강의실(대)-2[16-302A], [16-302A:금(6)(7)(8)(9)], [16-302A:금(14:00~14:50)(15:00~15:50)(16:00~16:50)(17:00~17:50)],50분(표준),2,일반과목,실험실습,절대평가,일반(1~15주),비대상
1282,예술체육대학,운동건강학부,4,전공심화,전공심화,0002889001,현장지도실습1,Internship Ⅰ,성호준,제16호관 예술체육대학-313A 강의실(소)[16-313A], [16-313A:목(4)(5)], [16-313A:목(12:00~12:50)(13:00~13:50)],50분(표준),1,일반과목,실험실습,절대평가,일반(1~15주),비대상
1283,예술체육대학,운동건강학부,4,전공심화,전공심화,0002889002,현장지도실습1,Internship Ⅰ,성호준,제16호관 예술체육대학-302B 강의실(대)-2[16-302B], [16-302B:월(8)(9)], [16-302B:월(16:00~16:50)(17:00~17:50)],50분(표준),1,일반과목,실험실습,절대평가,일반(1~15주),비대상
1284,예술체육대학,운동건강학부,4,전공심화,전공심화,0002906001,운동코칭론,Couching Theory in Sports & Exercise,박상혁,제16호관 예술체육대학-302A 강의실(대)-2[16-302A]," [16-302A:화(1-2A),수(2B-3)]"," [16-302A:화(09:00~10:15),수(10:30~11:45)]",75분,3,일반과목,강의(이론),상대평가,일반(1~15주),비대상
1285,예술체육대학,운동건강학부,4,전공심화,전공심화,0009817001,펜싱,Fencing,안효준,제20호관 스포츠센터-205 무도장[20-205], [20-205:수(4)(5)], [20-205:수(12:00~12:50)(13:00~13:50)],50분(표준),1,일반과목,체육실기,절대평가,일반(1~15주),비대상
1286,예술체육대학,운동건강학부,4,전공심화,전공심화,0011089001,운동과학캡스톤디자인,Capstone design Sports science,박영민,제16호관 예술체육대학-403 스포츠 생리학실[16-403], [16-403:월(2)(3)], [16-403:월(10:00~10:50)(11:00~11:50)],50분(표준),1,일반과목,체육실기,상대평가,일반(1~15주),비대상
1287,예술체육대학,운동건강학부,4,전공심화,전공심화,0011090001,질환및장애별재활지도법,Exercise rehabilitation Training Methods for disease and disability,김동일,제16호관 예술체육대학-302A 강의실(대)-2[16-302A], [16-302A:목(8)(9)], [16-302A:목(16:00~16:50)(17:00~17:50)],50분(표준),2,일반과목,강의(이론),상대평가,일반(1~15주),비대상
1288,예술체육대학,운동건강학부,4,전공심화,전공심화,0011961001,생체역학실습,Methods in Biomechanics,김남웅,제16호관 예술체육대학-402 선수트레이닝센터[16-402], [16-402:목(6)(7)], [16-402:목(14:00~14:50)(15:00~15:50)],50분(표준),1,일반과목,실험실습,절대평가,일반(1~15주),비대상
1289,예술체육대학,운동건강학부,4,전공심화,전공심화,0011962001,스포츠영어1,Sports English 1,성호준,제16호관 예술체육대학-302A 강의실(대)-2[16-302A], [16-302A:화(6)(7)], [16-302A:화(14:00~14:50)(15:00~15:50)],50분(표준),2,일반과목,강의(이론),절대평가,일반(1~15주),원어강의(EN)
1290,예술체육대학,운동건강학부,4,전공심화,전공심화,0011963001,스포츠소비자행동론,Sports Consumer Behavior,성호준,제16호관 예술체육대학-302B 강의실(대)-2[16-302B], [16-302B:월(6)(7)], [16-302B:월(14:00~14:50)(15:00~15:50)],50분(표준),2,일반과목,강의(이론),상대평가,일반(1~15주),비대상
1291,예술체육대학,운동건강학부,4,전공심화,전공심화,HFC6032001,수상스포츠,AQUATIC SPORT,성호준,제16호관 예술체육대학-302B 강의실(대)-2[16-302B], [16-302B:수(야1)(야2)], [16-302B:수(18:00~18:50)(18:55~19:45)],50분(표준),1,일반과목,체육실기,절대평가,일반(1~15주),비대상
1292,예술체육대학,운동건강학부,4,전공심화,전공심화,HFC6032002,수상스포츠,AQUATIC SPORT,,제16호관 예술체육대학-311 강의실(소)[16-311], [16-311:수(야1)(야2)], [16-311:수(18:00~18:50)(18:55~19:45)],50분(표준),1,일반과목,체육실기,절대평가,일반(1~15주),비대상
1293,예술체육대학,운동건강학부,4,전공심화,전공심화,HFC6080001,운동재활론,Exercise Rehabilitation,김남웅,제16호관 예술체육대학-302A 강의실(대)-2[16-302A], [16-302A:목(1)(2)], [16-302A:목(09:00~09:50)(10:00~10:50)],50분(표준),2,일반과목,강의(이론),절대평가,일반(1~15주),원어강의(EN)
1294,사범대학,국어교육과,1,전공기초,전공기초,0011097002,자기설계세미나,Self Design Seminar,김윤신,미추홀타워  별관A동-211 강의실[NC-211], [NC-211:금(3)], [NC-211:금(11:00~11:50)],50분(표준),1,일반과목,자기설계세미나,이수인정,일반(1~15주),비대상
1295,사범대학,국어교육과,1,전공핵심,전공핵심,0004864001,의사소통교육론,Pedagogical Theory of Communication,김평원,"미추홀타워  별관A동-205 강의실[NC-205], 미추홀타워  별관A동-211 강의실[NC-211]", [NC-205:목(7-8A)] [NC-211:금(7-8A)], [NC-205:목(15:00~16:15)] [NC-211:금(15:00~16:15)],75분,3,일반과목,강의(이론),상대평가,일반(1~15주),비대상
1296,사범대학,국어교육과,1,전공핵심,전공핵심,0006746001,국어교육론,Theories of Korean Language Education,박주형,미추홀타워  별관A동-211 강의실[NC-211]," [NC-211:월(2B-3),수(5B-6)]"," [NC-211:월(10:30~11:45),수(13:30~14:45)]",75분,3,일반과목,강의(이론),절대평가,일반(1~15주),비대상
1297,사범대학,국어교육과,2,전공핵심,전공핵심,0003506001,문학교육론,Pedagogical Introduction to Korean Literature,박주형,미추홀타워  별관A동-211 강의실[NC-211]," [NC-211:월(5B-6),화(7-8A)]"," [NC-211:월(13:30~14:45),화(15:00~16:15)]",75분,3,일반과목,강의(이론),상대평가,일반(1~15주),비대상
1298,사범대학,국어교육과,2,전공핵심,전공핵심,AIA6006001,국어문법론,KOREAN GRAMMAR,김윤신,미추홀타워  별관A동-211 강의실[NC-211]," [NC-211:수(2B-3),금(5B-6)]"," [NC-211:수(10:30~11:45),금(13:30~14:45)]",75분,3,일반과목,강의(이론),상대평가,일반(1~15주),비대상
1299,사범대학,국어교육과,2,전공심화,전공심화,0009794001,국어음운교육론,Pedagogical Approach to Korean Phonology,김윤신,미추홀타워  별관A동-211 강의실[NC-211]," [NC-211:수(4-5A),금(8B-9)]"," [NC-211:수(12:00~13:15),금(16:30~17:45)]",75분,3,일반과목,강의(이론),상대평가,일반(1~15주),비대상
1300,사범대학,국어교육과,2,전공심화,전공심화,0009983001,국어교육을위한기초한문,Basic Sino-Korean for Korean education,배은희,미추홀타워  별관A동-211 강의실[NC-211], [NC-211:수(7-8A)(8B-9)], [NC-211:수(15:00~16:15)(16:30~17:45)],75분,3,일반과목,강의(이론),상대평가,일반(1~15주),비대상
1301,사범대학,국어교육과,2,전공심화,전공심화,0011100001,수사학과작문교육론,Theory of Teaching Rhetoric and Writing ,이중언,미추홀타워  별관A동-211 강의실[NC-211], [NC-211:수(야1-2A)(야2B-3)], [NC-211:수(18:00~19:15)(19:25~20:40)],75분,3,일반과목,강의(이론),상대평가,일반(1~15주),비대상
1302,사범대학,국어교육과,3,전공기초,전공기초,0011979001,인공지능시대의국어과교수학습방법I,Teaching and Learning Methods for Korean Language and Literature Education in the Age of Artificial Intelligence I,오윤주,미추홀타워  별관A동-306 강의실[NC-306], [NC-306:화(8)(9)], [NC-306:화(16:00~16:50)(17:00~17:50)],50분(표준),2,일반과목,강의(이론),절대평가,일반(1~15주),비대상
1303,사범대학,국어교육과,3,전공핵심,전공핵심,0003615001,고전시가교육론,Pedagogical Introduction to Korean Classical Poetry,배은희,미추홀타워  별관A동-211 강의실[NC-211], [NC-211:목(7-8A)(8B-9)], [NC-211:목(15:00~16:15)(16:30~17:45)],75분,3,일반과목,강의(이론),상대평가,일반(1~15주),비대상
1304,사범대학,국어교육과,3,전공핵심,전공핵심,0003619001,국어사,History of Korean Language,김윤신,미추홀타워  별관A동-211 강의실[NC-211]," [NC-211:월(7-8A),화(4-5A)]"," [NC-211:월(15:00~16:15),화(12:00~13:15)]",75분,3,일반과목,강의(이론),상대평가,일반(1~15주),비대상
1305,사범대학,국어교육과,3,전공심화,전공심화,0003616001,화법교육론,Theory of Speech Education,김평원,,,,75분,3,일반과목,e-Learning,상대평가,일반(1~15주),비대상
1306,사범대학,국어교육과,3,전공심화,전공심화,0011103001,다문화생태문학교육세미나,Multicultural and Ecological Literature Education Seminar,박주형,미추홀타워  별관A동-211 강의실[NC-211], [NC-211:화(2)(3)], [NC-211:화(10:00~10:50)(11:00~11:50)],50분(표준),2,일반과목,강의(이론),이수인정,일반(1~15주),비대상
1307,사범대학,국어교육과,3,전공심화,전공심화,0011980001,국어교육현장세미나I,Seminar on the Korean Language and Literature Education I,김남우,,,,50분(표준),2,일반과목,e-Learning,이수인정,일반(1~15주),비대상
1308,사범대학,국어교육과,4,전공핵심,전공핵심,0003507001,문법교육론,Pedagogical Approach to Korean Grammar,김윤신,미추홀타워  별관A동-211 강의실[NC-211]," [NC-211:월(8B-9),화(5B-6)]"," [NC-211:월(16:30~17:45),화(13:30~14:45)]",75분,3,일반과목,강의(이론),상대평가,일반(1~15주),비대상
1309,사범대학,국어교육과,4,전공심화,전공심화,0011101001,국어교육과창의융합세미나,Seminar on Korean Education for Creativity and Convergence,박주형,"미추홀타워  별관A동-211 강의실[NC-211], 미추홀타워  별관A동-306 강의실[NC-306]", [NC-211:화(8B-9)] [NC-306:수(2B-3)], [NC-211:화(16:30~17:45)] [NC-306:수(10:30~11:45)],75분,3,일반과목,강의(이론),이수인정,일반(1~15주),비대상
1310,사범대학,영어교육과,1,전공기초,전공기초,0007800036,자기설계세미나 I,Self - Design Seminar I,김정수,미추홀타워  별관A동-209 강의실[NC-209], [NC-209:월(7)], [NC-209:월(15:00~15:50)],50분(표준),1,일반과목,자기설계세미나,이수인정,일반(1~15주),비대상
1311,사범대학,영어교육과,1,전공핵심,전공핵심,0003142001,영어회화,ENGLISH CONVERSATION,매튜,미추홀타워  별관A동-207 강의실[NC-207], [NC-207:월(3)(4)(5)], [NC-207:월(11:00~11:50)(12:00~12:50)(13:00~13:50)],50분(표준),3,일반과목,강의(이론),절대평가,일반(1~15주),원어강의(EN)
1312,사범대학,영어교육과,1,전공심화,전공심화,0002917001,영어문장연습,English Sentence Practice,신양숙,미추홀타워  별관A동-208 강의실[NC-208], [NC-208:화(7)(8)(9)], [NC-208:화(15:00~15:50)(16:00~16:50)(17:00~17:50)],50분(표준),3,일반과목,강의(이론),상대평가,일반(1~15주),비대상
1313,사범대학,영어교육과,1,전공심화,전공심화,0006785001,작문기초,Basic Composition,신은솔,"미추홀타워  별관A동-208 강의실[NC-208], 미추홀타워  별관A동-209 강의실[NC-209]", [NC-208:금(5B-6)] [NC-209:수(5B-6)], [NC-208:금(13:30~14:45)] [NC-209:수(13:30~14:45)],75분,3,일반과목,강의(이론),상대평가,일반(1~15주),비대상
1314,사범대학,영어교육과,2,전공핵심,전공핵심,0003139001,영어학개론,Introduction to English Linguistics,김정수,미추홀타워  별관A동-209 강의실[NC-209]," [NC-209:월(1-2A),수(8B-9)]"," [NC-209:월(09:00~10:15),수(16:30~17:45)]",75분,3,일반과목,강의(이론),절대평가,일반(1~15주),원어강의(EN)
1315,사범대학,영어교육과,2,전공핵심,전공핵심,0003140001,영문학개론,Introduction to English Literature,매튜,미추홀타워  별관A동-209 강의실[NC-209], [NC-209:금(1)(2)(3)], [NC-209:금(09:00~09:50)(10:00~10:50)(11:00~11:50)],50분(표준),3,일반과목,강의(이론),절대평가,일반(1~15주),원어강의(EN)
1316,사범대학,영어교육과,2,전공심화,전공심화,0011494001,영어수업연습,English Teaching Practice,김혜영,미추홀타워  별관A동-209 강의실[NC-209]," [NC-209:월(5B-6),화(5B-6)]"," [NC-209:월(13:30~14:45),화(13:30~14:45)]",75분,3,일반과목,온라인혼합형강좌,절대평가,일반(1~15주),원어강의(EN)
1317,사범대학,영어교육과,2,전공심화,전공심화,0011983001,인공지능시대의영어커뮤니케이션,English Communication in the Age of Artificial Intelligence,매튜,미추홀타워  별관A동-209 강의실[NC-209], [NC-209:금(4)(5)(6)], [NC-209:금(12:00~12:50)(13:00~13:50)(14:00~14:50)],50분(표준),3,일반과목,강의(이론),절대평가,일반(1~15주),원어강의(EN)
1318,사범대학,영어교육과,3,전공핵심,전공핵심,0003520001,영어음성음운론,English Phonetics and Phonology,정예지,미추홀타워  별관A동-209 강의실[NC-209]," [NC-209:화(7-8A),수(7-8A)]"," [NC-209:화(15:00~16:15),수(15:00~16:15)]",75분,3,일반과목,강의(이론),상대평가,일반(1~15주),비대상
1319,사범대학,영어교육과,3,전공핵심,전공핵심,0003633001,영어교과교재연구및지도법,Materials and Methods for Teaching English,김혜영,미추홀타워  별관A동-209 강의실[NC-209]," [NC-209:월(2B-3),화(4-5A)]"," [NC-209:월(10:30~11:45),화(12:00~13:15)]",75분,3,일반과목,강의(이론),절대평가,일반(1~15주),비대상
1320,사범대학,영어교육과,4,전공핵심,전공핵심,0003641001,영어작문,Advanced English Composition,신은솔,"미추홀타워  별관A동-208 강의실[NC-208], 미추홀타워  별관A동-209 강의실[NC-209]", [NC-208:금(4-5A)] [NC-209:수(4-5A)], [NC-208:금(12:00~13:15)] [NC-209:수(12:00~13:15)],75분,3,일반과목,강의(이론),상대평가,일반(1~15주),비대상
1321,사범대학,영어교육과,4,전공핵심,전공핵심,0003644001,영어교과교육론,Seminar on Curriculum of English Education,김혜영,미추홀타워  별관A동-209 강의실[NC-209]," [NC-209:월(4-5A),화(2B-3)]"," [NC-209:월(12:00~13:15),화(10:30~11:45)]",75분,3,일반과목,강의(이론),절대평가,일반(1~15주),비대상
1322,사범대학,영어교육과,4,전공심화,전공심화,0008785001,중등교육현장세미나,Seminar on Education in Secondary School,윤선인,미추홀타워  별관A동-209 강의실[NC-209], [NC-209:화(야1)(야2)(야3)], [NC-209:화(18:00~18:50)(18:55~19:45)(19:50~20:40)],50분(표준),3,일반과목,강의(이론),상대평가,일반(1~15주),비대상
1323,사범대학,영어교육과,4,전공심화,전공심화,0011496001,영어구문분석과기술문법,Analysis of English Constructions and Descriptive Grammar,김정수,미추홀타워  별관A동-209 강의실[NC-209]," [NC-209:화(1-2A),목(2B-3)]"," [NC-209:화(09:00~10:15),목(10:30~11:45)]",75분,3,일반과목,강의(이론),절대평가,일반(1~15주),원어강의(EN)
1324,사범대학,일어교육과,1,전공기초,전공기초,0003524001,일본어입문Ⅰ,Introductory JapaneseⅠ,조선영,미추홀타워  별관A동-210 강의실[NC-210]," [NC-210:월(2B-3),금(2B-3)]"," [NC-210:월(10:30~11:45),금(10:30~11:45)]",75분,3,일반과목,강의(이론),상대평가,일반(1~15주),비대상
1325,사범대학,일어교육과,1,전공기초,전공기초,0011097003,자기설계세미나,Self Design Seminar,최현필,미추홀타워  별관A동-208 강의실[NC-208], [NC-208:월(7)], [NC-208:월(15:00~15:50)],50분(표준),1,일반과목,자기설계세미나,이수인정,일반(1~15주),비대상
1326,사범대학,일어교육과,1,전공핵심,전공핵심,GA06075001,초급일본어회화,BEGINNING JAPANESE CONVERSATION,우오즈미 야스코 ,미추홀타워  별관A동-205 강의실[NC-205], [NC-205:화(2B-3)(4-5A)], [NC-205:화(10:30~11:45)(12:00~13:15)],75분,3,일반과목,강의(이론),상대평가,일반(1~15주),비대상
1327,사범대학,일어교육과,1,전공심화,전공심화,0004157001,일본어음성교육,Teaching of Japanese Phonetics,최현필,미추홀타워  별관A동-208 강의실[NC-208]," [NC-208:월(5B-6),목(4-5A)]"," [NC-208:월(13:30~14:45),목(12:00~13:15)]",75분,3,일반과목,강의(이론),상대평가,일반(1~15주),비대상
1328,사범대학,일어교육과,2,전공핵심,전공핵심,0003527001,일본어학개론,Introduction to Japanese Linguistics,조선영,미추홀타워  별관A동-210 강의실[NC-210]," [NC-210:화(0),목(3)(4)]"," [NC-210:화(08:00~08:50),목(11:00~11:50)(12:00~12:50)]",50분(표준),3,일반과목,온라인혼합형강좌,상대평가,일반(1~15주),비대상
1329,사범대학,일어교육과,2,전공핵심,전공핵심,0003528001,일본어문법,Japanese Grammar,최은혁,미추홀타워  별관A동-210 강의실[NC-210]," [NC-210:월(4-5A),금(4-5A)]"," [NC-210:월(12:00~13:15),금(12:00~13:15)]",75분,3,일반과목,강의(이론),상대평가,일반(1~15주),비대상
1330,사범대학,일어교육과,2,전공심화,전공심화,0003529001,일본어강독, Readings in Japanese,최현필,"미추홀타워  별관A동-205 강의실[NC-205], 미추홀타워  별관A동-210 강의실[NC-210]", [NC-205:월(2B-3)] [NC-210:목(7-8A)], [NC-205:월(10:30~11:45)] [NC-210:목(15:00~16:15)],75분,3,일반과목,강의(이론),상대평가,일반(1~15주),비대상
1331,사범대학,일어교육과,2,전공심화,전공심화,0003530001,일본문화, Understanding of Japanese Culture,하야사와 마사토,미추홀타워  별관A동-210 강의실[NC-210]," [NC-210:화(7)(8),목(6)]"," [NC-210:화(15:00~15:50)(16:00~16:50),목(14:00~14:50)]",50분(표준),3,일반과목,강의(이론),상대평가,일반(1~15주),비대상
1332,사범대학,일어교육과,2,전공심화,전공심화,0003531001,현장일본어회화Ⅰ, Contemporary Japanese ConversationⅠ,,미추홀타워  별관A동-205 강의실[NC-205], [NC-205:수(2)(3)(4)], [NC-205:수(10:00~10:50)(11:00~11:50)(12:00~12:50)],50분(표준),3,일반과목,강의(이론),상대평가,일반(1~15주),비대상
1333,사범대학,일어교육과,3,전공핵심,전공핵심,0003650001,일본어교과교육론,Japanese Educatoin of Subject-matters,최현필,미추홀타워  별관A동-210 강의실[NC-210]," [NC-210:화(2B-3),수(2B-3)]"," [NC-210:화(10:30~11:45),수(10:30~11:45)]",75분,3,일반과목,강의(이론),절대평가,일반(1~15주),비대상
1334,사범대학,일어교육과,3,전공심화,전공심화,0003652001,일본어작문,JAPANESE COMPOSITION,조선영,미추홀타워  별관A동-210 강의실[NC-210]," [NC-210:월(5B-6),금(5B-6)]"," [NC-210:월(13:30~14:45),금(13:30~14:45)]",75분,3,일반과목,강의(이론),상대평가,일반(1~15주),비대상
1335,사범대학,일어교육과,3,전공심화,전공심화,0003654001,일본근대문학,Readings in Japanese Modern Literature,하야사와 마사토,"미추홀타워  별관A동-205 강의실[NC-205], 미추홀타워  별관A동-210 강의실[NC-210]", [NC-205:금(4-5A)] [NC-210:수(4-5A)], [NC-205:금(12:00~13:15)] [NC-210:수(12:00~13:15)],75분,3,일반과목,강의(이론),상대평가,일반(1~15주),비대상
1336,사범대학,일어교육과,3,전공심화,전공심화,0004859001,일어교육현장세미나,Teacher's Japanese Education Seminar,한세환,미추홀타워  별관A동-210 강의실[NC-210], [NC-210:월(야1-2A)(야2B-3)], [NC-210:월(18:00~19:15)(19:25~20:40)],75분,3,일반과목,강의(이론),이수인정,일반(1~15주),비대상
1337,사범대학,일어교육과,3,전공심화,전공심화,0011108001,디지털콘텐츠제작교육,Education of Digital Content Production,홍영일,미추홀타워  별관A동-309 강의실[NC-309], [NC-309:수(6)(7)(8)], [NC-309:수(14:00~14:50)(15:00~15:50)(16:00~16:50)],50분(표준),3,일반과목,강의(이론),상대평가,일반(1~15주),비대상
1338,사범대학,일어교육과,4,전공심화,전공심화,0004193001,문학작품번역지도,Japanese Literature in Translation,하야사와 마사토,"미추홀타워  별관A동-205 강의실[NC-205], 미추홀타워  별관A동-210 강의실[NC-210]", [NC-205:목(2B-3)] [NC-210:수(7-8A)], [NC-205:목(10:30~11:45)] [NC-210:수(15:00~16:15)],75분,3,일반과목,강의(이론),상대평가,일반(1~15주),비대상
1339,사범대학,일어교육과,4,전공심화,전공심화,0004843001,비즈니스일본어교육,Teaching of Business Japanese,최은혁,미추홀타워  별관A동-316 PC실습실[NC-316]," [NC-316:월(2B-3),금(2B-3)]"," [NC-316:월(10:30~11:45),금(10:30~11:45)]",75분,3,일반과목,강의(이론),상대평가,일반(1~15주),비대상
1340,사범대학,수학교육과,전학년,전공심화,전공심화,0009062053,RISE,RISE,장규환,"미추홀타워  별관A동-115 강의실[NC-115], 미추홀타워  별관A동-205 강의실[NC-205]", [NC-115:월(5B-6)] [NC-205:수(5B-6)], [NC-115:월(13:30~14:45)] [NC-205:수(13:30~14:45)],75분,3,일반과목,RISE(시간표 있음),이수인정,일반(1~15주),비대상
1341,사범대학,수학교육과,전학년,전공심화,전공심화,0009062054,RISE,RISE,이동선,,,,50분(표준),3,일반과목,RISE(시간표 없음),이수인정,일반(1~15주),비대상
1342,사범대학,수학교육과,1,기초교양,학문의기초,XAA1358017,대학수학(1),CALCULUS(1),하구용,"미추홀타워  별관A동-115 강의실[NC-115], 미추홀타워  별관A동-602 강의실[NC-602]", [NC-115:금(5B-6)] [NC-602:수(5B-6)], [NC-115:금(13:30~14:45)] [NC-602:수(13:30~14:45)],75분,3,일반과목,강의(이론),상대평가,일반(1~15주),비대상
1343,사범대학,수학교육과,1,전공기초,전공기초,0011097004,자기설계세미나,Self Design Seminar,윤영훈,미추홀타워  별관A동-115 강의실[NC-115], [NC-115:목(7)], [NC-115:목(15:00~15:50)],50분(표준),1,일반과목,자기설계세미나,이수인정,일반(1~15주),비대상
1344,사범대학,수학교육과,1,전공핵심,전공핵심,0003538001,선형대수학1,Linear Algebra1,정찬석,미추홀타워  별관A동-115 강의실[NC-115]," [NC-115:화(2B-3),목(2B-3)]"," [NC-115:화(10:30~11:45),목(10:30~11:45)]",75분,3,일반과목,강의(이론),상대평가,일반(1~15주),비대상
1345,사범대학,수학교육과,1,전공심화,전공심화,0003546001,수학교육과컴퓨터,Mathematics Education and Computer,이동선,"미추홀타워  별관A동-307 수업행동분석실[NC-307], 미추홀타워  별관A동-316 PC실습실[NC-316]", [NC-307:금(2B-3)] [NC-316:월(5B-6)], [NC-307:금(10:30~11:45)] [NC-316:월(13:30~14:45)],75분,3,일반과목,강의(이론),상대평가,일반(1~15주),비대상
1346,사범대학,수학교육과,1,전공심화,전공심화,0007915001,수학교사를 위한 인성교육,Character education for pre-service mathematics teachers,이창석,미추홀타워  별관A동-115 강의실[NC-115], [NC-115:목(9)(야1)(야2)], [NC-115:목(17:00~17:50)(18:00~18:50)(18:55~19:45)],50분(표준),3,일반과목,강의(이론),상대평가,일반(1~15주),비대상
1347,사범대학,수학교육과,2,전공핵심,전공핵심,0003541001,해석학,Analysis,윤영훈,"미추홀타워  별관A동-115 강의실[NC-115], 미추홀타워  별관A동-309 강의실[NC-309]", [NC-115:화(6)(7)] [NC-309:금(3)(4)], [NC-115:화(14:00~14:50)(15:00~15:50)] [NC-309:금(11:00~11:50)(12:00~12:50)],50분(표준),3,일반과목,이론실험실습,상대평가,일반(1~15주),비대상
1348,사범대학,수학교육과,2,전공핵심,전공핵심,0003672001,수학교과교육론,Theory of Teaching of Mathematics,왕효원,"미추홀타워  별관A동-115 강의실[NC-115], 미추홀타워  별관A동-602 강의실[NC-602]", [NC-115:월(4-5A)] [NC-602:수(4-5A)], [NC-115:월(12:00~13:15)] [NC-602:수(12:00~13:15)],75분,3,일반과목,강의(이론),절대평가,일반(1~15주),비대상
1349,사범대학,수학교육과,2,전공심화,전공심화,0003149001,집합론,Set Theory,장규환,미추홀타워  별관A동-307 수업행동분석실[NC-307]," [NC-307:월(2B-3),수(2B-3)]"," [NC-307:월(10:30~11:45),수(10:30~11:45)]",75분,3,일반과목,강의(이론),상대평가,일반(1~15주),비대상
1350,사범대학,수학교육과,2,전공심화,전공심화,0003542001,미분방정식,Differential Equations,이동선,"미추홀타워  별관A동-115 강의실[NC-115], 미추홀타워  별관A동-309 강의실[NC-309]", [NC-115:화(4-5A)] [NC-309:금(5B-6)], [NC-115:화(12:00~13:15)] [NC-309:금(13:30~14:45)],75분,3,일반과목,강의(이론),상대평가,일반(1~15주),비대상
1351,사범대학,수학교육과,2,전공심화,전공심화,0003543001,조합및그래프이론,Combinatory and Graph Theory,하구용,미추홀타워  별관A동-115 강의실[NC-115]," [NC-115:수(1-2A),금(1-2A)]"," [NC-115:수(09:00~10:15),금(09:00~10:15)]",75분,3,일반과목,강의(이론),상대평가,일반(1~15주),비대상
1352,사범대학,수학교육과,3,전공핵심,전공핵심,0003669001,위상수학1,Topology1,정찬석,미추홀타워  별관A동-115 강의실[NC-115]," [NC-115:화(1-2A),목(1-2A)]"," [NC-115:화(09:00~10:15),목(09:00~10:15)]",75분,3,일반과목,강의(이론),상대평가,일반(1~15주),비대상
1353,사범대학,수학교육과,3,전공핵심,전공핵심,0003670001,현대대수학1,Modern Algebra1,장규환,미추홀타워  별관A동-307 수업행동분석실[NC-307]," [NC-307:화(2B-3),목(2B-3)]"," [NC-307:화(10:30~11:45),목(10:30~11:45)]",75분,3,일반과목,강의(이론),상대평가,일반(1~15주),비대상
1354,사범대학,수학교육과,3,전공핵심,전공핵심,0003671001,복소해석학1,Complex Analysis1,오혜영,미추홀타워  별관A동-115 강의실[NC-115], [NC-115:수(5B-6)(7-8A)], [NC-115:수(13:30~14:45)(15:00~16:15)],75분,3,일반과목,강의(이론),상대평가,일반(1~15주),비대상
1355,사범대학,수학교육과,3,전공심화,전공심화,0003674001,확률및통계2,Probability and Statistics2,하구용,미추홀타워  별관A동-115 강의실[NC-115]," [NC-115:수(2B-3),금(2B-3)]"," [NC-115:수(10:30~11:45),금(10:30~11:45)]",75분,3,일반과목,강의(이론),상대평가,일반(1~15주),비대상
1356,사범대학,수학교육과,4,전공심화,전공심화,0003680001,수학논리및논술에관한교육,Logic and Writing in Mathematics,왕효원,"미추홀타워  별관A동-115 강의실[NC-115], 미추홀타워  별관A동-602 강의실[NC-602]", [NC-115:월(2B-3)] [NC-602:수(2B-3)], [NC-115:월(10:30~11:45)] [NC-602:수(10:30~11:45)],75분,3,일반과목,강의(이론),절대평가,일반(1~15주),비대상
1357,사범대학,수학교육과,4,전공심화,전공심화,0012459001,미분기하2,Differential Geometry2,이동선,"미추홀타워  별관A동-115 강의실[NC-115], 미추홀타워  별관A동-309 강의실[NC-309]", [NC-115:수(4-5A)] [NC-309:월(4-5A)], [NC-115:수(12:00~13:15)] [NC-309:월(12:00~13:15)],75분,3,일반과목,강의(이론),상대평가,일반(1~15주),비대상
1358,사범대학,수학교육과,4,전공심화,전공심화,0012460001,수학교사를위한해석학,Analysis for Mathematics Teacher,윤영훈,미추홀타워  별관A동-115 강의실[NC-115]," [NC-115:화(8B-9),목(5B-6)]"," [NC-115:화(16:30~17:45),목(13:30~14:45)]",75분,3,일반과목,강의(이론),상대평가,일반(1~15주),비대상
1359,사범대학,수학교육과,4,전공심화,전공심화,BG06012001,대수학특강,TOPICS IN ALGEBRA,장규환,미추홀타워  별관A동-307 수업행동분석실[NC-307]," [NC-307:화(7-8A),목(7-8A)]"," [NC-307:화(15:00~16:15),목(15:00~16:15)]",75분,3,일반과목,강의(이론),상대평가,일반(1~15주),비대상
1360,사범대학,체육교육과,1,전공기초,전공기초,0002825001,육상교수법1,Method of Teaching  Track and Field 1,유창완,대운동장본부석-102 잔디운동장[ZC-102], [ZC-102:화(1)(2)], [ZC-102:화(09:00~09:50)(10:00~10:50)],50분(표준),1,일반과목,체육실기,절대평가,일반(1~15주),비대상
1361,사범대학,체육교육과,1,전공기초,전공기초,0002828001,체조교수법1,Method of Teaching  Gymnastics 1,류영,제21호관 체육관-101A 메인플로어[21-101A], [21-101A:월(9)(야1)], [21-101A:월(17:00~17:50)(18:00~18:50)],50분(표준),1,일반과목,체육실기,절대평가,일반(1~15주),비대상
1362,사범대학,체육교육과,1,전공기초,전공기초,0007800037,자기설계세미나 I,Self - Design Seminar I,박정준,제15호관 인문대학-306 강의실[15-306], [15-306:화(5)], [15-306:화(13:00~13:50)],50분(표준),1,일반과목,자기설계세미나,이수인정,일반(1~15주),비대상
1363,사범대학,체육교육과,1,전공기초,전공기초,0011112001,수영교수법1,Method of Teaching  Swimming 1 ,성선경,제20호관 스포츠센터-110 수영장[20-110], [20-110:금(8)(9)], [20-110:금(16:00~16:50)(17:00~17:50)],50분(표준),1,일반과목,체육실기,절대평가,일반(1~15주),비대상
1364,사범대학,체육교육과,1,전공핵심,전공핵심,0003549001,체육사·철학,History and Philosophy of Physical Education,민은지,제19호관 융합자유전공대학·국제교류관-109 강의실[19-109], [19-109:금(5)(6)(7)], [19-109:금(13:00~13:50)(14:00~14:50)(15:00~15:50)],50분(표준),3,일반과목,강의(이론),상대평가,일반(1~15주),비대상
1365,사범대학,체육교육과,1,전공심화,전공심화,0003699001,특수체육,Adapted Physical Education,최강원,제15호관 인문대학-306 강의실[15-306], [15-306:월(6)(7)(8)], [15-306:월(14:00~14:50)(15:00~15:50)(16:00~16:50)],50분(표준),3,일반과목,강의(이론),상대평가,일반(1~15주),비대상
1366,사범대학,체육교육과,1,전공심화,전공심화,0011113001,테니스교수법,Method of Teaching Tennis ,이승용,테니스장 관리동-102 선수휴게실(남)[ZB-101], [ZB-101:목(1)(2)], [ZB-101:목(09:00~09:50)(10:00~10:50)],50분(표준),1,일반과목,체육실기,절대평가,일반(1~15주),비대상
1367,사범대학,체육교육과,2,전공핵심,전공핵심,0003554001,체육심리학,Psychology of Physical Education,장도진,제19호관 융합자유전공대학·국제교류관-109 강의실[19-109], [19-109:수(5)(6)(7)], [19-109:수(13:00~13:50)(14:00~14:50)(15:00~15:50)],50분(표준),3,일반과목,강의(이론),상대평가,일반(1~15주),비대상
1368,사범대학,체육교육과,2,전공핵심,전공핵심,0003561001,체육교육론,Sports Pedagogy,유창완,"제15호관 인문대학-306 강의실[15-306], 제19호관 융합자유전공대학·국제교류관-109 강의실[19-109]", [15-306:월(1-2A)] [19-109:화(7-8A)], [15-306:월(09:00~10:15)] [19-109:화(15:00~16:15)],75분,3,일반과목,강의(이론),절대평가,일반(1~15주),비대상
1369,사범대학,체육교육과,2,전공심화,전공심화,0003553001,배구교수법,Method of Teaching  Volleyball,,제21호관 체육관-101A 메인플로어[21-101A], [21-101A:목(8)(9)], [21-101A:목(16:00~16:50)(17:00~17:50)],50분(표준),1,일반과목,체육실기,절대평가,일반(1~15주),비대상
1370,사범대학,체육교육과,2,전공심화,전공심화,0003558001,건강교육,Health Education,이승용,"제15호관 인문대학-306 강의실[15-306], 제19호관 융합자유전공대학·국제교류관-109 강의실[19-109]", [15-306:월(2B-3)] [19-109:화(8B-9)], [15-306:월(10:30~11:45)] [19-109:화(16:30~17:45)],75분,3,일반과목,강의(이론),상대평가,일반(1~15주),비대상
1371,사범대학,체육교육과,2,전공심화,전공심화,0004975001,뉴스포츠,Method of Teaching New Sport ,유창완,제21호관 체육관-101A 메인플로어[21-101A], [21-101A:월(6)(7)], [21-101A:월(14:00~14:50)(15:00~15:50)],50분(표준),1,일반과목,체육실기,절대평가,일반(1~15주),비대상
1372,사범대학,체육교육과,2,전공심화,전공심화,0009508001,스포츠윤리 및 인성교육 ,Sport Ethics and Character Education,,제15호관 인문대학-306 강의실[15-306], [15-306:금(7)(8)(9)], [15-306:금(15:00~15:50)(16:00~16:50)(17:00~17:50)],50분(표준),3,일반과목,강의(이론),상대평가,일반(1~15주),비대상
1373,사범대학,체육교육과,2,전공심화,전공심화,0011114001,체육논리및논술,Logic and Essay in Physical Education,박정준,제19호관 융합자유전공대학·국제교류관-109 강의실[19-109], [19-109:수(2)(3)], [19-109:수(10:00~10:50)(11:00~11:50)],50분(표준),2,일반과목,강의(이론),절대평가,일반(1~15주),비대상
1374,사범대학,체육교육과,2,전공심화,전공심화,HD06075001,종합실기(1),SYNTHETIC PRACTICE(1),양종현,제20호관 스포츠센터-105 헬스장(GX룸)[20-105], [20-105:수(8)(9)], [20-105:수(16:00~16:50)(17:00~17:50)],50분(표준),1,일반과목,체육실기,절대평가,일반(1~15주),비대상
1375,사범대학,체육교육과,3,전공핵심,전공핵심,0003151001,운동생리학,Exercise Physiology,이승용,제19호관 융합자유전공대학·국제교류관-109 강의실[19-109]," [19-109:화(3)(4),수(1)]"," [19-109:화(11:00~11:50)(12:00~12:50),수(09:00~09:50)]",50분(표준),3,일반과목,강의(이론),상대평가,일반(1~15주),비대상
1376,사범대학,체육교육과,3,전공핵심,전공핵심,0003152001,운동역학,Sport Biomechanics,양종현,제19호관 융합자유전공대학·국제교류관-109 강의실[19-109]," [19-109:월(1-2A),화(1-2A)]"," [19-109:월(09:00~10:15),화(09:00~10:15)]",75분,3,일반과목,강의(이론),상대평가,일반(1~15주),비대상
1377,사범대학,체육교육과,3,전공핵심,전공핵심,0006698001,체육교수학습론,Teaching & Learning in Physical Education,박정준,"제15호관 인문대학-306 강의실[15-306], 제19호관 융합자유전공대학·국제교류관-109 강의실[19-109]", [15-306:수(4)] [19-109:월(6)(7)], [15-306:수(12:00~12:50)] [19-109:월(14:00~14:50)(15:00~15:50)],50분(표준),3,일반과목,강의(이론),상대평가,일반(1~15주),비대상
1378,사범대학,체육교육과,3,전공심화,전공심화,0003560001,축구교수법,Method of Teaching  Soccer,신재진,대운동장본부석-102 잔디운동장[ZC-102], [ZC-102:화(9)(야1)], [ZC-102:화(17:00~17:50)(18:00~18:50)],50분(표준),1,일반과목,체육실기,절대평가,일반(1~15주),비대상
1379,사범대학,체육교육과,3,전공심화,전공심화,0003687001,배드민턴교수법,Method of Teaching  Badminton,최성화,제21호관 체육관-101A 메인플로어[21-101A], [21-101A:수(2)(3)], [21-101A:수(10:00~10:50)(11:00~11:50)],50분(표준),1,일반과목,체육실기,절대평가,일반(1~15주),비대상
1380,사범대학,체육교육과,3,전공심화,전공심화,0011115001,태권도교수법,Method of Teaching Taekwondo ,김근진,제20호관 스포츠센터-105 헬스장(GX룸)[20-105], [20-105:목(8)(9)], [20-105:목(16:00~16:50)(17:00~17:50)],50분(표준),1,일반과목,체육실기,절대평가,일반(1~15주),비대상
1381,사범대학,체육교육과,3,전공심화,전공심화,0011116001,야외스포츠2,Outdoor Activity 2,양종현,제15호관 인문대학-113 강의실(교육대학원)[15-113], [15-113:화(6)(7)], [15-113:화(14:00~14:50)(15:00~15:50)],50분(표준),1,일반과목,체육실기,절대평가,일반(1~15주),비대상
1382,사범대학,체육교육과,3,전공심화,전공심화,HD06077001,종합실기(3),SYNTHETIC PRACTICE(3),이승용,제21호관 체육관-101A 메인플로어[21-101A], [21-101A:수(8)(9)], [21-101A:수(16:00~16:50)(17:00~17:50)],50분(표준),1,일반과목,체육실기,절대평가,일반(1~15주),비대상
1383,사범대학,체육교육과,4,전공심화,전공심화,0006710001,체육학연구설계,Research Plan on Physical Education,양종현,"제15호관 인문대학-113 강의실(교육대학원)[15-113], 제15호관 인문대학-306 강의실[15-306]", [15-113:월(4)(5)] [15-306:목(1)(2)], [15-113:월(12:00~12:50)(13:00~13:50)] [15-306:목(09:00~09:50)(10:00~10:50)],50분(표준),2,일반과목,강의(이론),상대평가,집중B(9~15주),비대상
1384,사범대학,체육교육과,4,전공심화,전공심화,0006741001,스포츠교육학총론,Introduction to Sport Pedagogy,박정준,제15호관 인문대학-306 강의실[15-306]," [15-306:화(1)(2),수(1)]"," [15-306:화(09:00~09:50)(10:00~10:50),수(09:00~09:50)]",50분(표준),3,일반과목,강의(이론),상대평가,일반(1~15주),비대상
1385,사범대학,체육교육과,4,전공심화,전공심화,0009509001,학교체육 정책 및 행정,School Physical Education Policy and Administration,유창완,제15호관 인문대학-306 강의실[15-306]," [15-306:화(3),수(2)(3)]"," [15-306:화(11:00~11:50),수(10:00~10:50)(11:00~11:50)]",50분(표준),3,일반과목,강의(이론),상대평가,일반(1~15주),비대상
1386,사범대학,체육교육과,4,전공심화,전공심화,HD06079001,종합실기(5),SYNTHETIC PRACTICE(5),유창완,대운동장본부석-102 잔디운동장[ZC-102], [ZC-102:수(8)(9)], [ZC-102:수(16:00~16:50)(17:00~17:50)],50분(표준),1,일반과목,체육실기,절대평가,일반(1~15주),비대상
1387,사범대학,체육교육과,4,전공심화,전공심화,HD06115001,트레이닝방법론,Methodology of Exercise Training,이승용,제15호관 인문대학-306 강의실[15-306]," [15-306:목(5B-6)(7-8A),금(1-2A)(2B-3)]"," [15-306:목(13:30~14:45)(15:00~16:15),금(09:00~10:15)(10:30~11:45)]",75분,3,일반과목,강의(이론),상대평가,집중B(9~15주),비대상
1388,사범대학,유아교육과,1,전공기초,전공기초,0002737001,유아교육론,INTRODUCTION TO EARLY CHILDHOOD EDUCATION,김현경,미추홀타워  별관A동-103 활동실[NC-103], [NC-103:금(2)(3)(4)], [NC-103:금(10:00~10:50)(11:00~11:50)(12:00~12:50)],50분(표준),3,일반과목,강의(이론),상대평가,일반(1~15주),비대상
1389,사범대학,유아교육과,1,전공기초,전공기초,0007800038,자기설계세미나 I,Self - Design Seminar I,정윤주,미추홀타워  별관A동-103 활동실[NC-103], [NC-103:수(3)], [NC-103:수(11:00~11:50)],50분(표준),1,일반과목,자기설계세미나,이수인정,일반(1~15주),비대상
1390,사범대학,유아교육과,1,전공핵심,전공핵심,0002738001,숲유치원교육론,EDUCATIONAL THEORIES OF FOREST KINDERGARTEN,김민정,미추홀타워  별관A동-103 활동실[NC-103], [NC-103:화(6)(7)(8)], [NC-103:화(14:00~14:50)(15:00~15:50)(16:00~16:50)],50분(표준),3,일반과목,강의(이론),상대평가,일반(1~15주),비대상
1391,사범대학,유아교육과,1,전공심화,전공심화,0001304001,유아음악교육,Music Education for Young Children,김상림,미추홀타워  별관A동-103 활동실[NC-103]," [NC-103:수(4-5A),목(2B-3)]"," [NC-103:수(12:00~13:15),목(10:30~11:45)]",75분,3,일반과목,강의(이론),상대평가,일반(1~15주),비대상
1392,사범대학,유아교육과,2,전공핵심,전공핵심,0001314001,유아과학교육,Science in Early Childhood Education,안효진,"미추홀타워  별관A동-306 강의실[NC-306], 미추홀타워  별관A동-309 강의실[NC-309]", [NC-306:금(4-5A)] [NC-309:수(2B-3)], [NC-306:금(12:00~13:15)] [NC-309:수(10:30~11:45)],75분,3,일반과목,강의(이론),상대평가,일반(1~15주),비대상
1393,사범대학,유아교육과,2,전공심화,전공심화,0001307001,유아사회교육,Social Studies in Early Childhood Education,김현경,미추홀타워  별관A동-103 활동실[NC-103], [NC-103:금(6)(7)(8)], [NC-103:금(14:00~14:50)(15:00~15:50)(16:00~16:50)],50분(표준),3,일반과목,강의(이론),상대평가,일반(1~15주),비대상
1394,사범대학,유아교육과,2,전공심화,전공심화,0001308001,유아수학교육,Mathematics in Early Childhood Education,김상림,미추홀타워  별관A동-307 수업행동분석실[NC-307]," [NC-307:수(5B-6),목(5B-6)]"," [NC-307:수(13:30~14:45),목(13:30~14:45)]",75분,3,일반과목,강의(이론),상대평가,일반(1~15주),비대상
1395,사범대학,유아교육과,2,전공심화,전공심화,0001310001,아동건강교육,Health Education for Young Children,정윤주,"미추홀타워  별관A동-103 활동실[NC-103], 미추홀타워  별관A동-309 강의실[NC-309]", [NC-103:목(4-5A)] [NC-309:수(4-5A)], [NC-103:목(12:00~13:15)] [NC-309:수(12:00~13:15)],75분,3,일반과목,강의(이론),상대평가,일반(1~15주),비대상
1396,사범대학,유아교육과,3,전공핵심,전공핵심,0001317001,유아교과교육론,Instructional Principles on Subject Areas,이아름,미추홀타워  별관A동-103 활동실[NC-103], [NC-103:화(2)(3)(4)], [NC-103:화(10:00~10:50)(11:00~11:50)(12:00~12:50)],50분(표준),3,일반과목,강의(이론),절대평가,일반(1~15주),비대상
1397,사범대학,유아교육과,3,전공핵심,전공핵심,0001318001,유아교육과정,Program and Curriculum Development in Early Childhood Education,안효진,"미추홀타워  별관A동-103 활동실[NC-103], 미추홀타워  별관A동-309 강의실[NC-309]", [NC-103:수(5B-6)] [NC-309:목(2B-3)], [NC-103:수(13:30~14:45)] [NC-309:목(10:30~11:45)],75분,3,일반과목,강의(이론),상대평가,일반(1~15주),비대상
1398,사범대학,유아교육과,3,전공심화,전공심화,0007843001,영유아교수방법론,Method of Teaching for Young Children,이현정,미추홀타워  별관A동-309 강의실[NC-309], [NC-309:화(6)(7)(8)], [NC-309:화(14:00~14:50)(15:00~15:50)(16:00~16:50)],50분(표준),3,일반과목,강의(이론),상대평가,일반(1~15주),비대상
1399,사범대학,유아교육과,4,전공핵심,전공핵심,0003514001,유아교과교재연구및지도법,Development and Guidance Materials,김성희,미추홀타워  별관A동-103 활동실[NC-103], [NC-103:월(6)(7)(8)], [NC-103:월(14:00~14:50)(15:00~15:50)(16:00~16:50)],50분(표준),3,일반과목,강의(이론),절대평가,일반(1~15주),비대상
1400,사범대학,유아교육과,4,전공핵심,전공핵심,0007849001,현장밀착유아교육세미나,Seminar for Early Childhood Education,안동근,미추홀타워  별관A동-306 강의실[NC-306]," [NC-306:화(4)(5),금(1)]"," [NC-306:화(12:00~12:50)(13:00~13:50),금(09:00~09:50)]",50분(표준),3,일반과목,온라인혼합형강좌,이수인정,일반(1~15주),비대상
1401,사범대학,유아교육과,4,전공심화,전공심화,0001333001,부모교육,Parent Education,정윤주,"미추홀타워  별관A동-103 활동실[NC-103], 미추홀타워  별관A동-306 강의실[NC-306]", [NC-103:월(4-5A)] [NC-306:목(5B-6)], [NC-103:월(12:00~13:15)] [NC-306:목(13:30~14:45)],75분,3,일반과목,e-Learning,상대평가,일반(1~15주),비대상
1402,사범대학,역사교육과,전학년,전공심화,전공심화,0009062055,RISE,RISE,신유아,,,,50분(표준),3,일반과목,RISE(시간표 없음),이수인정,일반(1~15주),비대상
1403,사범대학,역사교육과,1,전공기초,전공기초,0007800039,자기설계세미나 I,Self - Design Seminar I,이형우,미추홀타워  별관A동-206 강의실[NC-206], [NC-206:수(6)], [NC-206:수(14:00~14:50)],50분(표준),1,일반과목,자기설계세미나,이수인정,일반(1~15주),비대상
1404,사범대학,역사교육과,1,전공핵심,전공핵심,0010105001,서양사개론및지도법,Introduction to the Western History and Teaching Methodologies,김정욱,미추홀타워  별관A동-206 강의실[NC-206]," [NC-206:월(7-8A),금(4-5A)]"," [NC-206:월(15:00~16:15),금(12:00~13:15)]",75분,3,일반과목,강의(이론),상대평가,일반(1~15주),비대상
1405,사범대학,역사교육과,1,전공핵심,전공핵심,0010106001,한국사개론및지도법,Introduction to Korean History,이형우,미추홀타워  별관A동-206 강의실[NC-206]," [NC-206:화(7-8A),목(4-5A)]"," [NC-206:화(15:00~16:15),목(12:00~13:15)]",75분,3,일반과목,강의(이론),상대평가,일반(1~15주),비대상
1406,사범대학,역사교육과,1,전공심화,전공심화,0003585001,한국고대사,Ancient History of Korea,신유아,미추홀타워  별관A동-206 강의실[NC-206]," [NC-206:화(5B-6),수(1-2A)]"," [NC-206:화(13:30~14:45),수(09:00~10:15)]",75분,3,일반과목,강의(이론),상대평가,일반(1~15주),비대상
1407,사범대학,역사교육과,2,전공핵심,전공핵심,0003587001,서양사사료강독,Readings in Western History for Teaching,김정욱,미추홀타워  별관A동-206 강의실[NC-206]," [NC-206:월(4-5A),목(7-8A)]"," [NC-206:월(12:00~13:15),목(15:00~16:15)]",75분,3,일반과목,강의(이론),상대평가,일반(1~15주),비대상
1408,사범대학,역사교육과,2,전공핵심,전공핵심,0003589001,한국근세사,Pre－Modern History of Korea,신유아,"미추홀타워  별관A동-206 강의실[NC-206], 미추홀타워  별관A동-307 수업행동분석실[NC-307]", [NC-206:화(2B-3)] [NC-307:수(4-5A)], [NC-206:화(10:30~11:45)] [NC-307:수(12:00~13:15)],75분,3,일반과목,강의(이론),상대평가,일반(1~15주),비대상
1409,사범대학,역사교육과,2,전공핵심,전공핵심,0003715001,역사논리및논술에관한교육,Logic and Logical Writing of History Subject,김성자,미추홀타워  별관A동-206 강의실[NC-206]," [NC-206:월(2B-3),화(4-5A)]"," [NC-206:월(10:30~11:45),화(12:00~13:15)]",75분,3,일반과목,강의(이론),절대평가,일반(1~15주),비대상
1410,사범대학,역사교육과,2,전공심화,전공심화,0003586001,서양고대사,Ancient History of the West,고경주,미추홀타워  별관A동-208 강의실[NC-208], [NC-208:수(1-2A)(2B-3)], [NC-208:수(09:00~10:15)(10:30~11:45)],75분,3,일반과목,강의(이론),상대평가,일반(1~15주),비대상
1411,사범대학,역사교육과,2,전공심화,전공심화,0010107001,지역사의이해와역사교육,Understanding of Regional History Education,이형우,미추홀타워  별관A동-316 PC실습실[NC-316], [NC-316:수(8)(9)], [NC-316:수(16:00~16:50)(17:00~17:50)],50분(표준),2,일반과목,강의(이론),상대평가,일반(1~15주),비대상
1412,사범대학,역사교육과,3,전공핵심,전공핵심,0003707001,동양사사료강독,Readings in Asian History for Teaching,김선혜,미추홀타워  별관A동-207 강의실[NC-207], [NC-207:화(3)(4)(5)], [NC-207:화(11:00~11:50)(12:00~12:50)(13:00~13:50)],50분(표준),3,일반과목,강의(이론),상대평가,일반(1~15주),비대상
1413,사범대학,역사교육과,3,전공핵심,전공핵심,0003708001,역사교육론,Theory of History education,김성자,미추홀타워  별관A동-206 강의실[NC-206]," [NC-206:화(1-2A),목(1-2A)]"," [NC-206:화(09:00~10:15),목(09:00~10:15)]",75분,3,일반과목,강의(이론),상대평가,일반(1~15주),비대상
1414,사범대학,역사교육과,3,전공심화,전공심화,0003588001,한국중세사,Medieval History of Korea,이형우,미추홀타워  별관A동-206 강의실[NC-206]," [NC-206:수(4-5A),목(2B-3)]"," [NC-206:수(12:00~13:15),목(10:30~11:45)]",75분,3,일반과목,강의(이론),상대평가,일반(1~15주),비대상
1415,사범대학,역사교육과,3,전공심화,전공심화,0005869001,서양 근현대사 연습,Proseminar in the Modern & Contemporary History of the West,김정욱,"미추홀타워  별관A동-205 강의실[NC-205], 미추홀타워  별관A동-307 수업행동분석실[NC-307]", [NC-205:화(7-8A)] [NC-307:목(4-5A)], [NC-205:화(15:00~16:15)] [NC-307:목(12:00~13:15)],75분,3,일반과목,강의(이론),상대평가,일반(1~15주),비대상
1416,사범대학,역사교육과,4,전공핵심,전공핵심,0003710001,한국사회경제사,Socio－Economic History of Korea,정다혜,미추홀타워  별관A동-209 강의실[NC-209], [NC-209:수(1-2A)(2B-3)], [NC-209:수(09:00~10:15)(10:30~11:45)],75분,3,일반과목,강의(이론),상대평가,일반(1~15주),비대상
1417,사범대학,역사교육과,4,전공심화,전공심화,0003716001,한국현대사,Contemporary History of Korea,김상규,미추홀타워  별관A동-206 강의실[NC-206], [NC-206:수(7-8A)(8B-9)], [NC-206:수(15:00~16:15)(16:30~17:45)],75분,3,일반과목,강의(이론),상대평가,일반(1~15주),비대상
1418,사범대학,역사교육과,4,전공심화,전공심화,0006757001,역사교육특강,History education special lecture,김성자,"미추홀타워  별관A동-208 강의실[NC-208], 미추홀타워  별관A동-307 수업행동분석실[NC-307]", [NC-208:수(4-5A)] [NC-307:월(4-5A)], [NC-208:수(12:00~13:15)] [NC-307:월(12:00~13:15)],75분,3,일반과목,강의(이론),상대평가,일반(1~15주),비대상
1419,사범대학,윤리교육과,전학년,전공심화,전공심화,0009062056,RISE,RISE,윤영돈,,,,50분(표준),3,일반과목,RISE(시간표 없음),이수인정,일반(1~15주),비대상
1420,사범대학,윤리교육과,1,전공기초,전공기초,0007800040,자기설계세미나 I,Self - Design Seminar I,김윤경,미추홀타워  별관A동-306 강의실[NC-306], [NC-306:월(6)], [NC-306:월(14:00~14:50)],50분(표준),1,일반과목,자기설계세미나,이수인정,일반(1~15주),비대상
1421,사범대학,윤리교육과,1,전공핵심,전공핵심,0003162001,윤리학개론,Introduction to Ethics,윤영돈,"미추홀타워  별관A동-208 강의실[NC-208], 미추홀타워  별관A동-305 강의실-1[NC-305]", [NC-208:월(2B-3)] [NC-305:금(7-8A)], [NC-208:월(10:30~11:45)] [NC-305:금(15:00~16:15)],75분,3,일반과목,강의(이론),상대평가,일반(1~15주),비대상
1422,사범대학,윤리교육과,1,전공핵심,전공핵심,0004965001,동양문화와윤리,Orient Culture and Ethics,김윤경,"미추홀타워  별관A동-305 강의실-1[NC-305], 미추홀타워  별관A동-306 강의실[NC-306]", [NC-305:수(2B-3)] [NC-306:월(4-5A)], [NC-305:수(10:30~11:45)] [NC-306:월(12:00~13:15)],75분,3,일반과목,강의(이론),상대평가,일반(1~15주),비대상
1423,사범대학,윤리교육과,1,전공심화,전공심화,0010498001,정치철학고전세미나,The Great Books Seminar in Political Philosophy,이상원,"미추홀타워  별관A동-305 강의실-1[NC-305], 미추홀타워  별관A동-306 강의실[NC-306]", [NC-305:월(7-8A)] [NC-306:수(4-5A)], [NC-305:월(15:00~16:15)] [NC-306:수(12:00~13:15)],75분,3,일반과목,강의(이론),상대평가,일반(1~15주),비대상
1424,사범대학,윤리교육과,2,전공핵심,전공핵심,CGA6027001,동양윤리사상,ORIENTAL ETHICAL THOUGHT,이선경,미추홀타워  별관A동-305 강의실-1[NC-305], [NC-305:화(4-5A)(5B-6)], [NC-305:화(12:00~13:15)(13:30~14:45)],75분,3,일반과목,강의(이론),상대평가,일반(1~15주),비대상
1425,사범대학,윤리교육과,2,전공핵심,전공핵심,CGA6114001,도덕윤리교육론,THEORY OF MORAL AND ETHICS EDUCATION,김진하,미추홀타워  별관A동-305 강의실-1[NC-305], [NC-305:화(1-2A)(2B-3)], [NC-305:화(09:00~10:15)(10:30~11:45)],75분,3,일반과목,강의(이론),절대평가,일반(1~15주),비대상
1426,사범대학,윤리교육과,2,전공심화,전공심화,0006776001,서양고전과윤리,Western Classics and Ethics,윤영돈,미추홀타워  별관A동-305 강의실-1[NC-305]," [NC-305:월(4-5A),금(4-5A)]"," [NC-305:월(12:00~13:15),금(12:00~13:15)]",75분,3,일반과목,강의(이론),상대평가,일반(1~15주),비대상
1427,사범대학,윤리교육과,2,전공심화,전공심화,0010109001,사회윤리,Social Ethics,이상원,미추홀타워  별관A동-305 강의실-1[NC-305]," [NC-305:월(5B-6),목(7-8A)]"," [NC-305:월(13:30~14:45),목(15:00~16:15)]",75분,3,일반과목,강의(이론),상대평가,일반(1~15주),비대상
1428,사범대학,윤리교육과,3,전공핵심,전공핵심,0003724001,시민교육론,Citizenship Education,이슬기,미추홀타워  별관A동-305 강의실-1[NC-305], [NC-305:수(4-5A)(5B-6)], [NC-305:수(12:00~13:15)(13:30~14:45)],75분,3,일반과목,강의(이론),상대평가,일반(1~15주),비대상
1429,사범대학,윤리교육과,3,전공심화,전공심화,0004966001,윤리교육현장세미나,Teachers’ Ethics Education Seminar,김윤경,미추홀타워  별관A동-305 강의실-1[NC-305], [NC-305:수(7-8A)(8B-9)], [NC-305:수(15:00~16:15)(16:30~17:45)],75분,3,일반과목,강의(이론),이수인정,일반(1~15주),비대상
1430,사범대학,윤리교육과,3,전공심화,전공심화,0011122001,한국불교윤리,Korean Buddhism and Ethics,박성일,미추홀타워  별관A동-305 강의실-1[NC-305], [NC-305:월(1-2A)(2B-3)], [NC-305:월(09:00~10:15)(10:30~11:45)],75분,3,일반과목,강의(이론),상대평가,일반(1~15주),비대상
1431,사범대학,윤리교육과,4,전공핵심,전공핵심,0003726001,도덕윤리교재연구및지도법,Teaching Materials on Moral and Ethical Education,김진하,미추홀타워  별관A동-305 강의실-1[NC-305], [NC-305:화(7-8A)(8B-9)], [NC-305:화(15:00~16:15)(16:30~17:45)],75분,3,일반과목,강의(이론),절대평가,일반(1~15주),비대상
1432,사범대학,윤리교육과,4,전공심화,전공심화,0006702001,동양고전과윤리,Eastern Classics and Ethics,김윤경,"미추홀타워  별관A동-305 강의실-1[NC-305], 미추홀타워  별관A동-309 강의실[NC-309]", [NC-305:목(8B-9)] [NC-309:화(2B-3)], [NC-305:목(16:30~17:45)] [NC-309:화(10:30~11:45)],75분,3,일반과목,강의(이론),상대평가,일반(1~15주),비대상
1433,사범대학,윤리교육과,4,전공심화,전공심화,0010108001,다문화교육론,Understanding Multicultural Education,이슬기,미추홀타워  별관A동-306 강의실[NC-306], [NC-306:수(7-8A)(8B-9)], [NC-306:수(15:00~16:15)(16:30~17:45)],75분,3,일반과목,강의(이론),상대평가,일반(1~15주),비대상
1434,도시과학대학,도시행정학과,전학년,전공심화,전공심화,0009062057,RISE,RISE,양욱재,,,,50분(표준),3,일반과목,RISE(시간표 없음),이수인정,일반(1~15주),비대상
1435,도시과학대학,도시행정학과,1,전공핵심,전공핵심,0001586001,도시행정학,Urban Administration,,제28호관 도시과학대학-406 강의실[28-406]," [28-406:월(8B-9),수(8B-9)]"," [28-406:월(16:30~17:45),수(16:30~17:45)]",75분,3,일반과목,강의(이론),상대평가,일반(1~15주),비대상
1436,도시과학대학,도시행정학과,1,전공핵심,전공핵심,0011135001,도시데이터마이닝,Urban Data Mining,양욱재,제28호관 도시과학대학-406 강의실[28-406]," [28-406:화(8B-9),목(8B-9)]"," [28-406:화(16:30~17:45),목(16:30~17:45)]",75분,3,일반과목,강의(이론),절대평가,일반(1~15주),원어강의(EN)
1437,도시과학대학,도시행정학과,2,전공핵심,전공핵심,0001587001,공공인적자원관리론,Public Human Resource Management,이창길,제28호관 도시과학대학-406 강의실[28-406]," [28-406:월(2B-3),화(2B-3)]"," [28-406:월(10:30~11:45),화(10:30~11:45)]",75분,3,일반과목,강의(이론),상대평가,일반(1~15주),비대상
1438,도시과학대학,도시행정학과,2,전공핵심,전공핵심,0001592001,도시계획론,Urban Planning,최승준,제28호관 도시과학대학-406 강의실[28-406]," [28-406:화(7-8A),목(5B-6)]"," [28-406:화(15:00~16:15),목(13:30~14:45)]",75분,3,일반과목,강의(이론),절대평가,일반(1~15주),원어강의(EN)
1439,도시과학대학,도시행정학과,2,전공핵심,전공핵심,0011990001,도시사회학이론,Urban Sociology and Theory,최혜민,제28호관 도시과학대학-406 강의실[28-406]," [28-406:수(2B-3),목(2B-3)]"," [28-406:수(10:30~11:45),목(10:30~11:45)]",75분,3,일반과목,온라인혼합형강좌,절대평가,일반(1~15주),원어강의(EN)
1440,도시과학대학,도시행정학과,2,전공심화,전공심화,0008787001,도시환경정책론,Urban Environment Policy,양동우,제28호관 도시과학대학-406 강의실[28-406], [28-406:금(4-5A)(5B-6)], [28-406:금(12:00~13:15)(13:30~14:45)],75분,3,일반과목,강의(이론),상대평가,일반(1~15주),비대상
1441,도시과학대학,도시행정학과,2,전공심화,전공심화,0011991001,도시재무행정론,Urban Finance,강철구,제28호관 도시과학대학-405 강의실[28-405], [28-405:목(7-8A)(8B-9)], [28-405:목(15:00~16:15)(16:30~17:45)],75분,3,일반과목,강의(이론),상대평가,일반(1~15주),비대상
1442,도시과학대학,도시행정학과,2,전공심화,전공심화,0011992001,도시빅데이터와머신러닝입문,Introduction to Urban Big Data and Machine Learning,신희수,제28호관 도시과학대학-405 강의실[28-405], [28-405:수(4-5A)(5B-6)], [28-405:수(12:00~13:15)(13:30~14:45)],75분,3,일반과목,강의(이론),상대평가,일반(1~15주),비대상
1443,도시과학대학,도시행정학과,3,전공핵심,전공핵심,0011129001,도시조사분석방법론,Urban Research Analysis Methods,최승준,제28호관 도시과학대학-406 강의실[28-406]," [28-406:월(1-2A),수(1-2A)]"," [28-406:월(09:00~10:15),수(09:00~10:15)]",75분,3,일반과목,강의(이론),절대평가,일반(1~15주),원어강의(EN)
1444,도시과학대학,도시행정학과,3,전공핵심,전공핵심,0011130001,정부예산과경제,Government Budgeting and the economy,윤광진,제28호관 도시과학대학-406 강의실[28-406], [28-406:수(5B-6)(7-8A)], [28-406:수(13:30~14:45)(15:00~16:15)],75분,3,일반과목,강의(이론),상대평가,일반(1~15주),비대상
1445,도시과학대학,도시행정학과,3,전공심화,전공심화,0001598001,도시정책분석론,Urban Policy Analysis,백정미,제28호관 도시과학대학-405 강의실[28-405], [28-405:목(1-2A)(2B-3)], [28-405:목(09:00~10:15)(10:30~11:45)],75분,3,일반과목,강의(이론),상대평가,일반(1~15주),비대상
1446,도시과학대학,도시행정학과,3,전공심화,전공심화,0010507001,도시교통계획론,Urban Transport Planning,양욱재,제28호관 도시과학대학-405 강의실[28-405]," [28-405:월(8B-9),수(8B-9)]"," [28-405:월(16:30~17:45),수(16:30~17:45)]",75분,3,일반과목,강의(이론),절대평가,일반(1~15주),원어강의(EN)
1447,도시과학대학,도시행정학과,3,전공심화,전공심화,0011136001,도시문화정책론,Urban Cultural Policy,이창길,제28호관 도시과학대학-405 강의실[28-405]," [28-405:월(5B-6),화(8B-9)]"," [28-405:월(13:30~14:45),화(16:30~17:45)]",75분,3,일반과목,강의(이론),상대평가,일반(1~15주),비대상
1448,도시과학대학,도시행정학과,3,전공심화,전공심화,0011993001,도시공간과사회,Urban Space and Society,,제28호관 도시과학대학-406 강의실[28-406], [28-406:화(4-5A)(5B-6)], [28-406:화(12:00~13:15)(13:30~14:45)],75분,3,일반과목,강의(이론),상대평가,일반(1~15주),비대상
1449,도시과학대학,도시행정학과,4,전공심화,전공심화,0007818001,부동산경제론,Real Estate Economics,이슬,제28호관 도시과학대학-406 강의실[28-406], [28-406:금(1-2A)(2B-3)], [28-406:금(09:00~10:15)(10:30~11:45)],75분,3,일반과목,강의(이론),상대평가,일반(1~15주),비대상
1450,도시과학대학,도시행정학과,4,전공심화,전공심화,0011133001,도시환경빅데이터분석,Urban Environment Big Data Analysis,최승준,제28호관 도시과학대학-405 강의실[28-405]," [28-405:월(7-8A),수(7-8A)]"," [28-405:월(15:00~16:15),수(15:00~16:15)]",75분,3,일반과목,강의(이론),절대평가,일반(1~15주),원어강의(EN)
1451,도시과학대학,도시행정학과,4,전공심화,전공심화,0011994001,위기관리세미나,Risk Management Seminar,,제28호관 도시과학대학-406 강의실[28-406]," [28-406:월(4-5A),수(4-5A)]"," [28-406:월(12:00~13:15),수(12:00~13:15)]",75분,3,일반과목,강의(이론),상대평가,일반(1~15주),비대상
1452,도시과학대학,도시행정학과,4,전공심화,전공심화,0012463001,정책디자인세미나,Policy Design Seminar,최혜민,제28호관 도시과학대학-405 강의실[28-405]," [28-405:화(4-5A)(5B-6),목(4-5A)(5B-6)]"," [28-405:화(12:00~13:15)(13:30~14:45),목(12:00~13:15)(13:30~14:45)]",75분,3,일반과목,강의(이론),절대평가,집중A(1~8주),원어강의(EN)
1453,도시과학대학,도시환경공학부,1,전공기초,전공기초,0007800060,자기설계세미나 I,Self - Design Seminar I,심형보,제8호관 공과대학·도시과학대학-434 강의실(중)-6[08-434], [08-434:화(9)], [08-434:화(17:00~17:50)],50분(표준),1,일반과목,자기설계세미나,이수인정,일반(1~15주),비대상
1454,도시과학대학,도시환경공학부,1,전공기초,전공기초,0007800061,자기설계세미나 I,Self - Design Seminar I,우상인,제8호관 공과대학·도시과학대학-222 세미나실(소)-1[08-222], [08-222:화(9)], [08-222:화(17:00~17:50)],50분(표준),1,일반과목,자기설계세미나,이수인정,일반(1~15주),비대상
1455,도시과학대학,도시환경공학부,1,전공기초,전공기초,0007800062,자기설계세미나 I,Self - Design Seminar I,이승정,제8호관 공과대학·도시과학대학-123 세미나실[08-123], [08-123:화(9)], [08-123:화(17:00~17:50)],50분(표준),1,일반과목,자기설계세미나,이수인정,일반(1~15주),비대상
1456,도시과학대학,도시환경공학부,1,전공기초,전공기초,0007800063,자기설계세미나 I,Self - Design Seminar I,박정희,제8호관 공과대학·도시과학대학-337 강의실(중)-2[08-337], [08-337:화(9)], [08-337:화(17:00~17:50)],50분(표준),1,일반과목,자기설계세미나,이수인정,일반(1~15주),비대상
1457,도시과학대학,도시환경공학부,1,전공기초,전공기초,0007800064,자기설계세미나 I,Self - Design Seminar I,이희관,제28호관 도시과학대학-307 강의실[28-307], [28-307:화(9)], [28-307:화(17:00~17:50)],50분(표준),1,일반과목,자기설계세미나,이수인정,일반(1~15주),비대상
1458,도시과학대학,도시환경공학부,1,전공기초,전공기초,0007800065,자기설계세미나 I,Self - Design Seminar I,이도균,제28호관 도시과학대학-302 세미나실[28-302], [28-302:화(9)], [28-302:화(17:00~17:50)],50분(표준),1,일반과목,자기설계세미나,이수인정,일반(1~15주),비대상
1459,도시과학대학,도시환경공학부,1,전공핵심,전공핵심,0006879001,엔지니어링소프트웨어,ENGINEERING SOFTWARE,강정구,제4호관 BM컨텐츠관-104 전산실습실-1[04-104], [04-104:월(7)(8)(9)], [04-104:월(15:00~15:50)(16:00~16:50)(17:00~17:50)],50분(표준),3,일반과목,강의(이론),상대평가,일반(1~15주),비대상
1460,도시과학대학,도시환경공학부,1,전공핵심,전공핵심,0006879002,엔지니어링소프트웨어,ENGINEERING SOFTWARE,이헌우,제4호관 BM컨텐츠관-104 전산실습실-1[04-104], [04-104:월(4)(5)(6)], [04-104:월(12:00~12:50)(13:00~13:50)(14:00~14:50)],50분(표준),3,일반과목,강의(이론),상대평가,일반(1~15주),비대상
1461,도시과학대학,도시환경공학부,1,전공핵심,전공핵심,0006879003,엔지니어링소프트웨어,ENGINEERING SOFTWARE,유지예,제4호관 BM컨텐츠관-105 전산실습실-2[04-105], [04-105:화(5)(6)(7)], [04-105:화(13:00~13:50)(14:00~14:50)(15:00~15:50)],50분(표준),3,일반과목,강의(이론),상대평가,일반(1~15주),비대상
1462,도시과학대학,건설환경공학전공,전학년,전공심화,전공심화,0009062058,RISE,RISE,허종완,,,,50분(표준),3,일반과목,RISE(시간표 없음),이수인정,일반(1~15주),비대상
1463,도시과학대학,건설환경공학전공,전학년,전공심화,전공심화,0009062059,RISE,RISE,심형보,,,,50분(표준),3,일반과목,RISE(시간표 없음),이수인정,일반(1~15주),비대상
1464,도시과학대학,건설환경공학전공,전학년,전공심화,전공심화,0009062060,RISE,RISE,우상인,,,,50분(표준),3,일반과목,RISE(시간표 없음),이수인정,일반(1~15주),비대상
1465,도시과학대학,건설환경공학전공,1,기초교양,기초과학ㆍ공학,0006940001,일반물리(1),General Physics(1),김영찬,제28호관 도시과학대학-102 강의실[28-102], [28-102:수(6)(7)], [28-102:수(14:00~14:50)(15:00~15:50)],50분(표준),2,일반과목,강의(이론),상대평가,일반(1~15주),비대상
1466,도시과학대학,건설환경공학전공,1,기초교양,기초과학ㆍ공학,0006940002,일반물리(1),General Physics(1),김영찬,제28호관 도시과학대학-102 강의실[28-102], [28-102:수(8)(9)], [28-102:수(16:00~16:50)(17:00~17:50)],50분(표준),2,일반과목,강의(이론),상대평가,일반(1~15주),비대상
1467,도시과학대학,건설환경공학전공,1,기초교양,기초과학ㆍ공학,0011611001,지구시스템과학,Earth System Science,강정구,제8호관 공과대학·도시과학대학-337 강의실(중)-2[08-337], [08-337:목(6)(7)], [08-337:목(14:00~14:50)(15:00~15:50)],50분(표준),2,일반과목,강의(이론),상대평가,일반(1~15주),비대상
1468,도시과학대학,건설환경공학전공,1,기초교양,기초과학ㆍ공학,0011611002,지구시스템과학,Earth System Science,강정구,제8호관 공과대학·도시과학대학-337 강의실(중)-2[08-337], [08-337:목(8)(9)], [08-337:목(16:00~16:50)(17:00~17:50)],50분(표준),2,일반과목,강의(이론),상대평가,일반(1~15주),비대상
1469,도시과학대학,건설환경공학전공,1,기초교양,기초과학ㆍ공학,XAA1114005,선형대수학,LINEAR ALGEBRA,신희수,제28호관 도시과학대학-102 강의실[28-102], [28-102:월(1)(2)(3)], [28-102:월(09:00~09:50)(10:00~10:50)(11:00~11:50)],50분(표준),3,일반과목,강의(이론),상대평가,일반(1~15주),비대상
1470,도시과학대학,건설환경공학전공,1,기초교양,기초과학ㆍ공학,XAA1114006,선형대수학,LINEAR ALGEBRA,신희수,제28호관 도시과학대학-102 강의실[28-102], [28-102:화(4)(5)(6)], [28-102:화(12:00~12:50)(13:00~13:50)(14:00~14:50)],50분(표준),3,일반과목,강의(이론),상대평가,일반(1~15주),비대상
1471,도시과학대학,건설환경공학전공,1,기초교양,학문의기초,XAA1358034,대학수학(1),CALCULUS(1),손홍민,제8호관 공과대학·도시과학대학-337 강의실(중)-2[08-337], [08-337:금(4)(5)(6)], [08-337:금(12:00~12:50)(13:00~13:50)(14:00~14:50)],50분(표준),3,일반과목,강의(이론),상대평가,일반(1~15주),비대상
1472,도시과학대학,건설환경공학전공,1,기초교양,학문의기초,XAA1358035,대학수학(1),CALCULUS(1),손홍민,제8호관 공과대학·도시과학대학-337 강의실(중)-2[08-337], [08-337:금(7)(8)(9)], [08-337:금(15:00~15:50)(16:00~16:50)(17:00~17:50)],50분(표준),3,일반과목,강의(이론),상대평가,일반(1~15주),비대상
1473,도시과학대학,건설환경공학전공,1,전공기초,전공기초,0006880001,건설환경공학개론,INTRODUCTION TO CIVIL & ENVIRONMENTAL ENGINEERING,박정희,제28호관 도시과학대학-102 강의실[28-102]," [28-102:수(4)(5),목(4)]"," [28-102:수(12:00~12:50)(13:00~13:50),목(12:00~12:50)]",50분(표준),3,일반과목,강의(이론),상대평가,일반(1~15주),비대상
1474,도시과학대학,건설환경공학전공,2,전공기초,전공기초,EPD6128001,확률및통계,PROBABILITY AND STATISTICS,양재호,제8호관 공과대학·도시과학대학-434 강의실(중)-6[08-434], [08-434:화(3)(4)(5)], [08-434:화(11:00~11:50)(12:00~12:50)(13:00~13:50)],50분(표준),3,일반과목,강의(이론),상대평가,일반(1~15주),비대상
1475,도시과학대학,건설환경공학전공,2,전공기초,전공기초,EPD6128002,확률및통계,PROBABILITY AND STATISTICS,김경희,제8호관 공과대학·도시과학대학-434 강의실(중)-6[08-434], [08-434:수(2)(3)(4)], [08-434:수(10:00~10:50)(11:00~11:50)(12:00~12:50)],50분(표준),3,일반과목,강의(이론),상대평가,일반(1~15주),비대상
1476,도시과학대학,건설환경공학전공,2,전공핵심,전공핵심,EPD6050001,측량학(1),SURVEYING(1),최병길,제8호관 공과대학·도시과학대학-337 강의실(중)-2[08-337]," [08-337:월(8)(9),수(9)]"," [08-337:월(16:00~16:50)(17:00~17:50),수(17:00~17:50)]",50분(표준),2,일반과목,이론실험실습,상대평가,일반(1~15주),비대상
1477,도시과학대학,건설환경공학전공,2,전공핵심,전공핵심,EPD6102001,정역학및연습,ENGINEERING MECHANICS,이헌우,제8호관 공과대학·도시과학대학-337 강의실(중)-2[08-337], [08-337:금(1)(2)(3)], [08-337:금(09:00~09:50)(10:00~10:50)(11:00~11:50)],50분(표준),2,일반과목,이론실험실습,상대평가,일반(1~15주),비대상
1478,도시과학대학,건설환경공학전공,2,전공심화,전공심화,0006060001,도시지공학실무(1),Urban Geospacematics Practice(1),권용희,제8호관 공과대학·도시과학대학-127 측량및GIS실습실[08-127], [08-127:목(1)(2)(3)(4)], [08-127:목(09:00~09:50)(10:00~10:50)(11:00~11:50)(12:00~12:50)],50분(표준),2,일반과목,실험실습,상대평가,일반(1~15주),비대상
1479,도시과학대학,건설환경공학전공,2,전공심화,전공심화,0006060002,도시지공학실무(1),Urban Geospacematics Practice(1),권용희,제8호관 공과대학·도시과학대학-127 측량및GIS실습실[08-127], [08-127:목(6)(7)(8)(9)], [08-127:목(14:00~14:50)(15:00~15:50)(16:00~16:50)(17:00~17:50)],50분(표준),2,일반과목,실험실습,상대평가,일반(1~15주),비대상
1480,도시과학대학,건설환경공학전공,2,전공심화,전공심화,ED06029001,수리학(1),HYDRAULICS(1),,제8호관 공과대학·도시과학대학-434 강의실(중)-6[08-434], [08-434:금(4)(5)(6)], [08-434:금(12:00~12:50)(13:00~13:50)(14:00~14:50)],50분(표준),3,일반과목,강의(이론),상대평가,일반(1~15주),비대상
1481,도시과학대학,건설환경공학전공,3,전공핵심,전공핵심,0011192001,철근콘크리트및설계1,Reinforced Concrete Engineering and Design1,이승정,제8호관 공과대학·도시과학대학-337 강의실(중)-2[08-337]," [08-337:화(4),수(3)(4)]"," [08-337:화(12:00~12:50),수(11:00~11:50)(12:00~12:50)]",50분(표준),2,일반과목,이론실험실습,상대평가,일반(1~15주),비대상
1482,도시과학대학,건설환경공학전공,3,전공핵심,전공핵심,EPD6017001,구조역학(1),STRUCTURAL MECHANICS(1),이헌우,제28호관 도시과학대학-102 강의실[28-102], [28-102:화(1)(2)(3)], [28-102:화(09:00~09:50)(10:00~10:50)(11:00~11:50)],50분(표준),2,일반과목,이론실험실습,절대평가,일반(1~15주),원어강의(EN)
1483,도시과학대학,건설환경공학전공,3,전공핵심,전공핵심,EPD6031001,수문학,HYDROLOGY,,제8호관 공과대학·도시과학대학-337 강의실(중)-2[08-337]," [08-337:수(1)(2),목(1)]"," [08-337:수(09:00~09:50)(10:00~10:50),목(09:00~09:50)]",50분(표준),2,일반과목,이론실험실습,상대평가,일반(1~15주),비대상
1484,도시과학대학,건설환경공학전공,3,전공핵심,전공핵심,EPD6071001,토질실험,SOIL TESTING,박정희,제9호관 공동실험실습관-123 토질실습실[09-123], [09-123:목(2)(3)], [09-123:목(10:00~10:50)(11:00~11:50)],50분(표준),1,일반과목,실험실습,상대평가,일반(1~15주),비대상
1485,도시과학대학,건설환경공학전공,3,전공핵심,전공핵심,EPD6071002,토질실험,SOIL TESTING,신세희,제9호관 공동실험실습관-123 토질실습실[09-123], [09-123:목(8)(9)], [09-123:목(16:00~16:50)(17:00~17:50)],50분(표준),1,일반과목,실험실습,상대평가,일반(1~15주),비대상
1486,도시과학대학,건설환경공학전공,3,전공핵심,전공핵심,EPD6071003,토질실험,SOIL TESTING,김인현,제9호관 공동실험실습관-123 토질실습실[09-123], [09-123:목(5)(6)], [09-123:목(13:00~13:50)(14:00~14:50)],50분(표준),1,일반과목,실험실습,상대평가,일반(1~15주),비대상
1487,도시과학대학,건설환경공학전공,3,전공심화,전공심화,0011193001,건설경제성공학,Construction Engineering Economics,,제8호관 공과대학·도시과학대학-434 강의실(중)-6[08-434], [08-434:월(1)(2)(3)], [08-434:월(09:00~09:50)(10:00~10:50)(11:00~11:50)],50분(표준),3,일반과목,강의(이론),상대평가,일반(1~15주),비대상
1488,도시과학대학,건설환경공학전공,3,전공심화,전공심화,0011194001,건설시스템IoT,IoT in Construction System,우상인,제9호관 공동실험실습관-123 토질실습실[09-123], [09-123:수(8)(9)], [09-123:수(16:00~16:50)(17:00~17:50)],50분(표준),1,일반과목,실험실습,절대평가,일반(1~15주),원어강의(EN)
1489,도시과학대학,건설환경공학전공,3,전공심화,전공심화,0011195001,스마트공간정보시스템,Smart Geospatial Information System,최병길,제8호관 공과대학·도시과학대학-434 강의실(중)-6[08-434]," [08-434:월(5),수(5)(6)]"," [08-434:월(13:00~13:50),수(13:00~13:50)(14:00~14:50)]",50분(표준),3,일반과목,온라인혼합형강좌,상대평가,일반(1~15주),비대상
1490,도시과학대학,건설환경공학전공,3,전공심화,전공심화,0011197001,상수도시스템,Water supply systems,장동우,"제8호관 공과대학·도시과학대학-337 강의실(중)-2[08-337], 제8호관 공과대학·도시과학대학-434 강의실(중)-6[08-434]", [08-337:화(5)] [08-434:월(6)(7)], [08-337:화(13:00~13:50)] [08-434:월(14:00~14:50)(15:00~15:50)],50분(표준),3,일반과목,강의(이론),상대평가,일반(1~15주),글로벌강의(ES)
1491,도시과학대학,건설환경공학전공,3,전공심화,전공심화,EPD6074001,토질역학(2),SOIL MECHANICS(2),우상인,"제8호관 공과대학·도시과학대학-337 강의실(중)-2[08-337], 가상건물-200 온라인강의실[ZZ-200]", [08-337:화(6)] [ZZ-200:금(8)(9)], [08-337:화(14:00~14:50)] [ZZ-200:금(16:00~16:50)(17:00~17:50)],50분(표준),3,일반과목,e-Learning,상대평가,일반(1~15주),비대상
1492,도시과학대학,건설환경공학전공,4,전공핵심,전공핵심,EPD6082001,환경실험,ENVIRONMENTAL EXPERIMENTS,이주경,제8호관 공과대학·도시과학대학-119 환경수리실험실[08-119], [08-119:목(6)(7)], [08-119:목(14:00~14:50)(15:00~15:50)],50분(표준),1,일반과목,실험실습,상대평가,일반(1~15주),비대상
1493,도시과학대학,건설환경공학전공,4,전공핵심,전공핵심,EPD6082002,환경실험,ENVIRONMENTAL EXPERIMENTS,이주경,제8호관 공과대학·도시과학대학-119 환경수리실험실[08-119], [08-119:목(8)(9)], [08-119:목(16:00~16:50)(17:00~17:50)],50분(표준),1,일반과목,실험실습,상대평가,일반(1~15주),비대상
1494,도시과학대학,건설환경공학전공,4,전공심화,전공심화,0001450001,Hydroinformatics,HYDRO INFORMATICS,장동우,"제8호관 공과대학·도시과학대학-337 강의실(중)-2[08-337], 제8호관 공과대학·도시과학대학-434 강의실(중)-6[08-434]", [08-337:월(2)] [08-434:수(8)(9)], [08-337:월(10:00~10:50)] [08-434:수(16:00~16:50)(17:00~17:50)],50분(표준),3,일반과목,온라인혼합형강좌,상대평가,일반(1~15주),글로벌강의(ES)
1495,도시과학대학,건설환경공학전공,4,전공심화,전공심화,0011198001,PSC구조설계,Prestressed Concrete Engineering and Design,이승정,제8호관 공과대학·도시과학대학-222 세미나실(소)-1[08-222]," [08-222:월(5)(6),화(5)]"," [08-222:월(13:00~13:50)(14:00~14:50),화(13:00~13:50)]",50분(표준),3,일반과목,강의(이론),상대평가,일반(1~15주),비대상
1496,도시과학대학,건설환경공학전공,4,전공심화,전공심화,0011199001,건설재료학및실험,Constructional Materials and Experiment,이승정,제9호관 공동실험실습관-123 토질실습실[09-123]," [09-123:월(8)(9),화(6)]"," [09-123:월(16:00~16:50)(17:00~17:50),화(14:00~14:50)]",50분(표준),3,일반과목,강의(이론),상대평가,일반(1~15주),비대상
1497,도시과학대학,건설환경공학전공,4,전공심화,전공심화,0011203001,건설데이터애널리틱스,Construction Data Analytics,강정구,제4호관 BM컨텐츠관-105 전산실습실-2[04-105], [04-105:목(3)(4)(5)], [04-105:목(11:00~11:50)(12:00~12:50)(13:00~13:50)],50분(표준),3,일반과목,강의(이론),상대평가,일반(1~15주),비대상
1498,도시과학대학,건설환경공학전공,4,전공심화,전공심화,0011245001,지능형도로계획및설계,Intelligent Highway Planning and Design,양재호,제8호관 공과대학·도시과학대학-434 강의실(중)-6[08-434], [08-434:화(6)(7)(8)], [08-434:화(14:00~14:50)(15:00~15:50)(16:00~16:50)],50분(표준),3,일반과목,강의(이론),상대평가,일반(1~15주),비대상
1499,도시과학대학,건설환경공학전공,4,전공심화,전공심화,EPD6020001,도로공학,HIGHWAY ENGINEERING,박정희,"제8호관 공과대학·도시과학대학-337 강의실(중)-2[08-337], 제28호관 도시과학대학-102 강의실[28-102]", [08-337:화(8)] [28-102:수(2)(3)], [08-337:화(16:00~16:50)] [28-102:수(10:00~10:50)(11:00~11:50)],50분(표준),3,일반과목,강의(이론),상대평가,일반(1~15주),비대상
1500,도시과학대학,건설환경공학전공,4,전공심화,전공심화,EPD6090001,교량공학,BRIDGE ENGINEERING,심형보,제8호관 공과대학·도시과학대학-337 강의실(중)-2[08-337]," [08-337:월(3)(4),화(3)]"," [08-337:월(11:00~11:50)(12:00~12:50),화(11:00~11:50)]",50분(표준),3,일반과목,강의(이론),절대평가,일반(1~15주),원어강의(EN)
1501,도시과학대학,환경공학전공,1,기초교양,기초과학ㆍ공학,0011613001,기초화학및실험1,Fundamentals of Chemistry and Experiments 1,임지영,"제27호관 제2공동실험실습관-406 환경공학기초실습실[27-406], 제28호관 도시과학대학-307 강의실[28-307]", [27-406:수(6)(7)] [28-307:(4)(5)], [27-406:수(14:00~14:50)(15:00~15:50)] [28-307:(12:00~12:50)(13:00~13:50)],50분(표준),3,일반과목,이론실험실습,상대평가,일반(1~15주),비대상
1502,도시과학대학,환경공학전공,1,기초교양,기초과학ㆍ공학,XAA1114007,선형대수학,LINEAR ALGEBRA,남궁정일,제28호관 도시과학대학-307 강의실[28-307], [28-307:월(2)(3)(4)], [28-307:월(10:00~10:50)(11:00~11:50)(12:00~12:50)],50분(표준),3,일반과목,강의(이론),상대평가,일반(1~15주),비대상
1503,도시과학대학,환경공학전공,1,기초교양,학문의기초,XAA1358036,대학수학(1),CALCULUS(1),손홍민,제28호관 도시과학대학-418 강의실[28-418], [28-418:목(1)(2)(3)], [28-418:목(09:00~09:50)(10:00~10:50)(11:00~11:50)],50분(표준),3,일반과목,강의(이론),상대평가,일반(1~15주),비대상
1504,도시과학대학,환경공학전공,1,전공기초,전공기초,0011516001,환경과도시,Cities and Environment,이준석,제28호관 도시과학대학-307 강의실[28-307]," [28-307:월(7-8A),수(8B-9)]"," [28-307:월(15:00~16:15),수(16:30~17:45)]",75분,3,일반과목,강의(이론),상대평가,일반(1~15주),비대상
1505,도시과학대학,환경공학전공,2,전공기초,전공기초,0006061001,환경통계및자료해석,Environmental Data and Analysis,이희관,제4호관 BM컨텐츠관-105 전산실습실-2[04-105], [04-105:화(2)(3)(4)], [04-105:화(10:00~10:50)(11:00~11:50)(12:00~12:50)],50분(표준),3,일반과목,강의(이론),상대평가,일반(1~15주),비대상
1506,도시과학대학,환경공학전공,2,전공기초,전공기초,0006076001,공학수학,Engineering Math,이준석,제28호관 도시과학대학-302 세미나실[28-302]," [28-302:월(2B-3),목(4-5A)]"," [28-302:월(10:30~11:45),목(12:00~13:15)]",75분,3,일반과목,강의(이론),상대평가,일반(1~15주),비대상
1507,도시과학대학,환경공학전공,2,전공기초,전공기초,0006086001,환경유체역학,Fluid Dynamics,박성원,제28호관 도시과학대학-307 강의실[28-307], [28-307:목(5B-6)(7-8A)], [28-307:목(13:30~14:45)(15:00~16:15)],75분,3,일반과목,강의(이론),상대평가,일반(1~15주),비대상
1508,도시과학대학,환경공학전공,2,전공기초,전공기초,EJ06096001,환경화학,ENVIRONMENTAL CHEMISTRY,김철용,제28호관 도시과학대학-307 강의실[28-307]," [28-307:월(5B-6),수(1-2A)]"," [28-307:월(13:30~14:45),수(09:00~10:15)]",75분,3,일반과목,강의(이론),상대평가,일반(1~15주),비대상
1509,도시과학대학,환경공학전공,2,전공핵심,전공핵심,0011222001,환경에너지와미래,Renewable Energy of the Future,이도균,"제28호관 도시과학대학-302 세미나실[28-302], 제28호관 도시과학대학-307 강의실[28-307]", [28-302:월(7-8A)] [28-307:수(2B-3)], [28-302:월(15:00~16:15)] [28-307:수(10:30~11:45)],75분,3,일반과목,강의(이론),상대평가,일반(1~15주),비대상
1510,도시과학대학,환경공학전공,3,전공심화,전공심화,0006080001,환경영향평가,Environmental Impact Assessment,김혜숙,제28호관 도시과학대학-307 강의실[28-307], [28-307:목(2)(3)(4)], [28-307:목(10:00~10:50)(11:00~11:50)(12:00~12:50)],50분(표준),3,일반과목,강의(이론),상대평가,일반(1~15주),비대상
1511,도시과학대학,환경공학전공,3,전공심화,전공심화,0011212001,친환경집진기술,Green Technology for Dust Control,박찬진,제28호관 도시과학대학-418 강의실[28-418], [28-418:수(2)(3)(4)], [28-418:수(10:00~10:50)(11:00~11:50)(12:00~12:50)],50분(표준),3,일반과목,강의(이론),상대평가,일반(1~15주),비대상
1512,도시과학대학,환경공학전공,3,전공심화,전공심화,0011214001,지속가능사회와환경융합,Environmental Convergence for Sustainable Society,이준석,"제28호관 도시과학대학-302 세미나실[28-302], 제28호관 도시과학대학-307 강의실[28-307]", [28-302:수(7-8A)] [28-307:화(1-2A)], [28-302:수(15:00~16:15)] [28-307:화(09:00~10:15)],75분,3,일반과목,강의(이론),상대평가,일반(1~15주),비대상
1513,도시과학대학,환경공학전공,3,전공심화,전공심화,0011215001,환경수문학,Environmental Hydrology,변규현,제28호관 도시과학대학-418 강의실[28-418]," [28-418:화(5B-6),목(5B-6)]"," [28-418:화(13:30~14:45),목(13:30~14:45)]",75분,3,일반과목,강의(이론),상대평가,일반(1~15주),비대상
1514,도시과학대학,환경공학전공,3,전공심화,전공심화,0011517001,물리화학적수처리공정,Environmental Physical Chemical Processes,이준석,"제28호관 도시과학대학-302 세미나실[28-302], 제28호관 도시과학대학-307 강의실[28-307]", [28-302:수(5B-6)] [28-307:화(2B-3)], [28-302:수(13:30~14:45)] [28-307:화(10:30~11:45)],75분,3,일반과목,강의(이론),상대평가,일반(1~15주),비대상
1515,도시과학대학,환경공학전공,4,전공핵심,전공핵심,0011216001,환경공학세미나1,Seminar on Environmental Engineering 1,이도균,제28호관 도시과학대학-302 세미나실[28-302], [28-302:목(8)], [28-302:목(16:00~16:50)],50분(표준),1,일반과목,강의(이론),이수인정,일반(1~15주),비대상
1516,도시과학대학,환경공학전공,4,전공심화,전공심화,0006057001,기후변화공학,Climate Change Engineering,이희관,제28호관 도시과학대학-302 세미나실[28-302]," [28-302:월(5B-6),수(2B-3)]"," [28-302:월(13:30~14:45),수(10:30~11:45)]",75분,3,일반과목,강의(이론),상대평가,일반(1~15주),비대상
1517,도시과학대학,환경공학전공,4,전공심화,전공심화,0006855001,온실가스관리,Greenhouse Gas Management,변규현,제28호관 도시과학대학-302 세미나실[28-302]," [28-302:화(2B-3),목(2B-3)]"," [28-302:화(10:30~11:45),목(10:30~11:45)]",75분,3,일반과목,강의(이론),상대평가,일반(1~15주),비대상
1518,도시과학대학,환경공학전공,4,전공심화,전공심화,0006857001,바이오에너지공학,Bioenergy Engineering,이도균,제28호관 도시과학대학-302 세미나실[28-302]," [28-302:화(5B-6),목(5B-6)]"," [28-302:화(13:30~14:45),목(13:30~14:45)]",75분,3,일반과목,강의(이론),상대평가,일반(1~15주),비대상
1519,도시과학대학,환경공학전공,4,전공심화,전공심화,0006874001,환경오염복원공학,Environmental Remediation Engineering,김철용,제28호관 도시과학대학-302 세미나실[28-302]," [28-302:화(1-2A),목(1-2A)]"," [28-302:화(09:00~10:15),목(09:00~10:15)]",75분,3,일반과목,강의(이론),절대평가,일반(1~15주),원어강의(EN)
1520,도시과학대학,환경공학전공,4,전공심화,전공심화,0012465001,데이터기반환경관리,Data Driven Environmental Management,이희관,제28호관 도시과학대학-418 강의실[28-418], [28-418:월(야1)], [28-418:월(18:00~18:50)],50분(표준),1,일반과목,강의(이론),이수인정,일반(1~15주),비대상
1521,도시과학대학,환경공학전공,4,전공심화,전공심화,0012466001,지속가능발전과녹색전환,Sustainable Development and Green Transition,이도균,제28호관 도시과학대학-418 강의실[28-418], [28-418:화(야1)], [28-418:화(18:00~18:50)],50분(표준),1,일반과목,강의(이론),이수인정,일반(1~15주),비대상
1522,도시과학대학,도시공학과,전학년,전공심화,전공심화,0009062061,RISE,RISE,엄현주,,,,50분(표준),3,일반과목,RISE(시간표 없음),이수인정,일반(1~15주),비대상
1523,도시과학대학,도시공학과,1,기초교양,기초과학ㆍ공학,XAA1077002,물리(1),PHYSICS(1),강유리,제28호관 도시과학대학-303 강의실 [28-303], [28-303:목(5B-6)(7-8A)], [28-303:목(13:30~14:45)(15:00~16:15)],75분,3,일반과목,강의(이론),상대평가,일반(1~15주),비대상
1524,도시과학대학,도시공학과,1,기초교양,학문의기초,XAA1358018,대학수학(1),CALCULUS(1),함남우,제5호관 자연과학대학·생명과학기술대학-103 수학과시청각실[05-103]," [05-103:월(5B-6),화(5B-6)]"," [05-103:월(13:30~14:45),화(13:30~14:45)]",75분,3,일반과목,강의(이론),상대평가,일반(1~15주),비대상
1525,도시과학대학,도시공학과,1,전공기초,전공기초,0007800041,자기설계세미나 I,Self - Design Seminar I,윤병조,제27호관 제2공동실험실습관-205-1 도시모형제작 및 설계실[27-205-1], [27-205-1:월(7)], [27-205-1:월(15:00~15:50)],50분(표준),1,일반과목,자기설계세미나,이수인정,일반(1~15주),비대상
1526,도시과학대학,도시공학과,1,전공기초,전공기초,0007800042,자기설계세미나 I,Self - Design Seminar I,윤병조,제27호관 제2공동실험실습관-205-1 도시모형제작 및 설계실[27-205-1], [27-205-1:월(8)], [27-205-1:월(16:00~16:50)],50분(표준),1,일반과목,자기설계세미나,이수인정,일반(1~15주),비대상
1527,도시과학대학,도시공학과,1,전공심화,전공심화,0011500001,비즈니스설계,Business Design,박승진,제27호관 제2공동실험실습관-204 도시공학 전산실[27-204]," [27-204:화(4-5A),목(4-5A)]"," [27-204:화(12:00~13:15),목(12:00~13:15)]",75분,3,일반과목,강의(이론),상대평가,일반(1~15주),비대상
1528,도시과학대학,도시공학과,1,전공심화,전공심화,0011999001,도시형태및역사,Urban Form and History,한소영,제27호관 제2공동실험실습관-205-1 도시모형제작 및 설계실[27-205-1]," [27-205-1:월(2B-3),수(2B-3)]"," [27-205-1:월(10:30~11:45),수(10:30~11:45)]",75분,3,일반과목,강의(이론),상대평가,일반(1~15주),비대상
1529,도시과학대학,도시공학과,1,전공심화,전공심화,0012000001,사회조사방법론,Social Science Research,권기현,제28호관 도시과학대학-303 강의실 [28-303]," [28-303:화(7-8A),수(5B-6)]"," [28-303:화(15:00~16:15),수(13:30~14:45)]",75분,3,일반과목,강의(이론),상대평가,일반(1~15주),비대상
1530,도시과학대학,도시공학과,2,전공기초,전공기초,0011501001,도시공간정보기초, Fundamentals of Urban Spatial Information,강준오,제27호관 제2공동실험실습관-204 도시공학 전산실[27-204], [27-204:월(2)(3)(4)], [27-204:월(10:00~10:50)(11:00~11:50)(12:00~12:50)],50분(표준),3,일반과목,강의(이론),상대평가,일반(1~15주),비대상
1531,도시과학대학,도시공학과,2,전공핵심,전공핵심,0001451001,기초정역학,Statics,김영찬,제27호관 제2공동실험실습관-205-1 도시모형제작 및 설계실[27-205-1], [27-205-1:목(5B-6)(7-8A)], [27-205-1:목(13:30~14:45)(15:00~16:15)],75분,3,일반과목,강의(이론),상대평가,일반(1~15주),비대상
1532,도시과학대학,도시공학과,2,전공핵심,전공핵심,0011510001,도시토지이용계획,Urban Land Use Planning,엄현주,제27호관 제2공동실험실습관-205-1 도시모형제작 및 설계실[27-205-1]," [27-205-1:화(5B-6),목(2B-3)]"," [27-205-1:화(13:30~14:45),목(10:30~11:45)]",75분,3,일반과목,강의(이론),상대평가,일반(1~15주),비대상
1533,도시과학대학,도시공학과,2,전공심화,전공심화,0002811001,교통공학개론,Fundamentals of Transportation Engineering,최현주,제27호관 제2공동실험실습관-205-1 도시모형제작 및 설계실[27-205-1], [27-205-1:화(7-8A)(8B-9)], [27-205-1:화(15:00~16:15)(16:30~17:45)],75분,3,일반과목,강의(이론),상대평가,일반(1~15주),비대상
1534,도시과학대학,도시공학과,2,전공심화,전공심화,0011502001,단지계획스튜디오,The Site Planning Studio,한소영,제27호관 제2공동실험실습관-205-1 도시모형제작 및 설계실[27-205-1], [27-205-1:수(5)(6)(7)(8)], [27-205-1:수(13:00~13:50)(14:00~14:50)(15:00~15:50)(16:00~16:50)],50분(표준),3,일반과목,이론실험실습,절대평가,일반(1~15주),비대상
1535,도시과학대학,도시공학과,2,전공심화,전공심화,0012001001,도시경제학,Urban Econometrics,권기현,제28호관 도시과학대학-303 강의실 [28-303]," [28-303:화(2B-3),수(2B-3)]"," [28-303:화(10:30~11:45),수(10:30~11:45)]",75분,3,일반과목,강의(이론),상대평가,일반(1~15주),비대상
1536,도시과학대학,도시공학과,3,전공핵심,전공핵심,0011160001,스마트도시교통론,Smart Urban Transportation,석종수,제28호관 도시과학대학-304 강의실[28-304], [28-304:월(7-8A)(8B-9)], [28-304:월(15:00~16:15)(16:30~17:45)],75분,3,일반과목,강의(이론),상대평가,일반(1~15주),비대상
1537,도시과학대학,도시공학과,3,전공핵심,전공핵심,0011161001,도시설계스튜디오1,Urban Design Studio ,김도훈,제28호관 도시과학대학-304 강의실[28-304], [28-304:수(4)(5)(6)(7)(8)(9)], [28-304:수(12:00~12:50)(13:00~13:50)(14:00~14:50)(15:00~15:50)(16:00~16:50)(17:00~17:50)],50분(표준),4,일반과목,이론실험실습,절대평가,일반(1~15주),비대상
1538,도시과학대학,도시공학과,3,전공핵심,전공핵심,0012002001,주택정책론,Housing Policy,권기현,제28호관 도시과학대학-304 강의실[28-304]," [28-304:월(2B-3),목(2B-3)]"," [28-304:월(10:30~11:45),목(10:30~11:45)]",75분,3,일반과목,강의(이론),상대평가,일반(1~15주),비대상
1539,도시과학대학,도시공학과,3,전공심화,전공심화,0011162001,도시공간환경조사2,Urban Spatial Environment Survey 2,강준오,제27호관 제2공동실험실습관-204 도시공학 전산실[27-204], [27-204:화(7-8A)(8B-9)], [27-204:화(15:00~16:15)(16:30~17:45)],75분,3,일반과목,강의(이론),상대평가,일반(1~15주),비대상
1540,도시과학대학,도시공학과,3,전공심화,전공심화,0011171001,도시구조역학2,Urban Structural mechanics 2,박승진,제28호관 도시과학대학-304 강의실[28-304]," [28-304:화(5B-6),목(5B-6)]"," [28-304:화(13:30~14:45),목(13:30~14:45)]",75분,3,일반과목,강의(이론),상대평가,일반(1~15주),비대상
1541,도시과학대학,도시공학과,3,전공심화,전공심화,0012003001,도시공간불평등,Urban Spatial Inequality,엄현주,제28호관 도시과학대학-304 강의실[28-304]," [28-304:월(5B-6),화(2B-3)]"," [28-304:월(13:30~14:45),화(10:30~11:45)]",75분,3,일반과목,강의(이론),절대평가,일반(1~15주),원어강의(EN)
1542,도시과학대학,도시공학과,4,전공심화,전공심화,0001483001,도로교통안전공학,Highway Transportation Safety Engineering,윤병조,제28호관 도시과학대학-303 강의실 [28-303]," [28-303:월(2B-3),목(2B-3)]"," [28-303:월(10:30~11:45),목(10:30~11:45)]",75분,3,일반과목,강의(이론),상대평가,일반(1~15주),비대상
1543,도시과학대학,도시공학과,4,전공심화,전공심화,0010622001,창의융합공학,Creative Convergence Engineering,박승진,가상건물-200 온라인강의실[ZZ-200]," [ZZ-200:월(1-2A),목(1-2A)]"," [ZZ-200:월(09:00~10:15),목(09:00~10:15)]",75분,3,일반과목,e-Learning,상대평가,일반(1~15주),비대상
1544,도시과학대학,도시공학과,4,전공심화,전공심화,0011165001,UAV기반도시생애주기실무,UAV based Urban Life Cycle Practice,강준오,제27호관 제2공동실험실습관-204 도시공학 전산실[27-204], [27-204:월(7-8A)(8B-9)], [27-204:월(15:00~16:15)(16:30~17:45)],75분,3,일반과목,강의(이론),상대평가,일반(1~15주),비대상
1545,도시과학대학,도시공학과,4,전공심화,전공심화,0011514001,도시연구방법론,Urban Research Methods,연다혜,제27호관 제2공동실험실습관-204 도시공학 전산실[27-204], [27-204:수(6)(7)(8)(9)], [27-204:수(14:00~14:50)(15:00~15:50)(16:00~16:50)(17:00~17:50)],50분(표준),3,일반과목,이론실험실습,상대평가,일반(1~15주),비대상
1546,도시과학대학,도시공학과,4,전공심화,전공심화,0012004001,도시빅데이터분석,Urban Big Data Analysis,권기현,제27호관 제2공동실험실습관-204 도시공학 전산실[27-204]," [27-204:월(5B-6),목(5B-6)]"," [27-204:월(13:30~14:45),목(13:30~14:45)]",75분,3,일반과목,강의(이론),상대평가,일반(1~15주),비대상
1547,도시과학대학,도시건축학부,1,기초교양,학문의기초,XAA1358028,대학수학(1),CALCULUS(1),이혜경,제27호관 제2공동실험실습관-312 강의실[27-312], [27-312:화(6)(7)(8)], [27-312:화(14:00~14:50)(15:00~15:50)(16:00~16:50)],50분(표준),3,일반과목,강의(이론),상대평가,일반(1~15주),비대상
1548,도시과학대학,도시건축학부,1,기초교양,학문의기초,XAA1358029,대학수학(1),CALCULUS(1),김흥숙,제28호관 도시과학대학-404A 강의실[28-404A], [28-404A:화(6)(7)(8)], [28-404A:화(14:00~14:50)(15:00~15:50)(16:00~16:50)],50분(표준),3,일반과목,강의(이론),상대평가,일반(1~15주),비대상
1549,도시과학대학,도시건축학부,1,전공기초,전공기초,0007800044,자기설계세미나 I,Self - Design Seminar I,김태완,제28호관 도시과학대학-609 세미나실[28-609], [28-609:월(3)], [28-609:월(11:00~11:50)],50분(표준),1,일반과목,자기설계세미나,이수인정,일반(1~15주),비대상
1550,도시과학대학,도시건축학부,1,전공기초,전공기초,0007800045,자기설계세미나 I,Self - Design Seminar I,구충완,제28호관 도시과학대학-508 강의실[28-508], [28-508:월(3)], [28-508:월(11:00~11:50)],50분(표준),1,일반과목,자기설계세미나,이수인정,일반(1~15주),비대상
1551,도시과학대학,도시건축학부,1,전공기초,전공기초,0007800046,자기설계세미나 I,Self - Design Seminar I,이슬비,제28호관 도시과학대학-404A 강의실[28-404A], [28-404A:월(3)], [28-404A:월(11:00~11:50)],50분(표준),1,일반과목,자기설계세미나,이수인정,일반(1~15주),비대상
1552,도시과학대학,도시건축학부,1,전공기초,전공기초,0007800047,자기설계세미나 I,Self - Design Seminar I,이태영,제28호관 도시과학대학-503 설계실[28-503], [28-503:월(3)], [28-503:월(11:00~11:50)],50분(표준),1,일반과목,자기설계세미나,이수인정,일반(1~15주),비대상
1553,도시과학대학,도시건축학부,1,전공기초,전공기초,0007800048,자기설계세미나 I,Self - Design Seminar I,장정국,제28호관 도시과학대학-609 세미나실[28-609], [28-609:월(7)], [28-609:월(15:00~15:50)],50분(표준),1,일반과목,자기설계세미나,이수인정,일반(1~15주),비대상
1554,도시과학대학,도시건축학부,1,전공기초,전공기초,0007800049,자기설계세미나 I,Self - Design Seminar I,유영수,제28호관 도시과학대학-501 강의실[28-501], [28-501:월(7)], [28-501:월(15:00~15:50)],50분(표준),1,일반과목,자기설계세미나,이수인정,일반(1~15주),비대상
1555,도시과학대학,도시건축학부,1,전공기초,전공기초,0007800050,자기설계세미나 I,Self - Design Seminar I,최정윤,제28호관 도시과학대학-508 강의실[28-508], [28-508:월(7)], [28-508:월(15:00~15:50)],50분(표준),1,일반과목,자기설계세미나,이수인정,일반(1~15주),비대상
1556,도시과학대학,도시건축학부,1,전공기초,전공기초,0007800051,자기설계세미나 I,Self - Design Seminar I,김한규,제28호관 도시과학대학-503 설계실[28-503], [28-503:월(7)], [28-503:월(15:00~15:50)],50분(표준),1,일반과목,자기설계세미나,이수인정,일반(1~15주),비대상
1557,도시과학대학,도시건축학부,1,전공기초,전공기초,0009517001,건축기초설계1,Architectural Design Basics 1 ,김한규,제28호관 도시과학대학-503 설계실[28-503], [28-503:수(1-2A)(2B-3)(4-5A)(5B-6)], [28-503:수(09:00~10:15)(10:30~11:45)(12:00~13:15)(13:30~14:45)],75분,3,일반과목,실험실습,절대평가,일반(1~15주),글로벌강의(ES)
1558,도시과학대학,도시건축학부,1,전공기초,전공기초,0009517002,건축기초설계1,Architectural Design Basics 1 ,남동호,제27호관 제2공동실험실습관-313 건축공학종합설계실(구조)[27-313], [27-313:수(1-2A)(2B-3)(4-5A)(5B-6)], [27-313:수(09:00~10:15)(10:30~11:45)(12:00~13:15)(13:30~14:45)],75분,3,일반과목,실험실습,절대평가,일반(1~15주),비대상
1559,도시과학대학,도시건축학부,1,전공기초,전공기초,0009517003,건축기초설계1,Architectural Design Basics 1 ,류종미,제27호관 제2공동실험실습관-314 설계실[27-314], [27-314:수(1-2A)(2B-3)(4-5A)(5B-6)], [27-314:수(09:00~10:15)(10:30~11:45)(12:00~13:15)(13:30~14:45)],75분,3,일반과목,실험실습,절대평가,일반(1~15주),비대상
1560,도시과학대학,도시건축학부,1,전공기초,전공기초,0009517004,건축기초설계1,Architectural Design Basics 1 ,김미선,제28호관 도시과학대학-503 설계실[28-503], [28-503:금(1-2A)(2B-3)(4-5A)(5B-6)], [28-503:금(09:00~10:15)(10:30~11:45)(12:00~13:15)(13:30~14:45)],75분,3,일반과목,실험실습,절대평가,일반(1~15주),비대상
1561,도시과학대학,도시건축학부,1,전공기초,전공기초,0009517005,건축기초설계1,Architectural Design Basics 1 ,백현아,제27호관 제2공동실험실습관-313 건축공학종합설계실(구조)[27-313], [27-313:금(1-2A)(2B-3)(4-5A)(5B-6)], [27-313:금(09:00~10:15)(10:30~11:45)(12:00~13:15)(13:30~14:45)],75분,3,일반과목,실험실습,절대평가,일반(1~15주),비대상
1562,도시과학대학,도시건축학부,1,전공기초,전공기초,0009517006,건축기초설계1,Architectural Design Basics 1 ,이옥화,제27호관 제2공동실험실습관-314 설계실[27-314], [27-314:금(1-2A)(2B-3)(4-5A)(5B-6)], [27-314:금(09:00~10:15)(10:30~11:45)(12:00~13:15)(13:30~14:45)],75분,3,일반과목,실험실습,절대평가,일반(1~15주),비대상
1563,도시과학대학,도시건축학부,1,전공심화,전공심화,0005840001,건축개론,Introduction to Architecture,김태완,제28호관 도시과학대학-603 강의실[28-603]," [28-603:수(7-8A),목(7-8A)]"," [28-603:수(15:00~16:15),목(15:00~16:15)]",75분,3,일반과목,강의(이론),상대평가,일반(1~15주),비대상
1564,도시과학대학,도시건축학부,1,전공심화,전공심화,0005840002,건축개론,Introduction to Architecture,김한규,제27호관 제2공동실험실습관-312 강의실[27-312]," [27-312:수(7-8A),목(7-8A)]"," [27-312:수(15:00~16:15),목(15:00~16:15)]",75분,3,일반과목,강의(이론),상대평가,일반(1~15주),비대상
1565,도시과학대학,건축공학전공,전학년,전공심화,전공심화,0009062062,RISE,RISE,장정국,,,,50분(표준),3,일반과목,RISE(시간표 없음),이수인정,일반(1~15주),비대상
1566,도시과학대학,건축공학전공,전학년,전공심화,전공심화,0009062063,RISE,RISE,구충완,,,,50분(표준),3,일반과목,RISE(시간표 없음),이수인정,일반(1~15주),비대상
1567,도시과학대학,건축공학전공,전학년,전공심화,전공심화,0009062076,RISE,RISE,김태완,,,,50분(표준),3,일반과목,RISE(시간표 없음),이수인정,일반(1~15주),비대상
1568,도시과학대학,건축공학전공,2,기초교양,기초과학ㆍ공학,EPD6103001,공학수학,ENGINEERING  MATHEMATICS,최원,제5호관 자연과학대학·생명과학기술대학-309 강의실(중)-1[05-309]," [05-309:화(5B-6),목(2B-3)]"," [05-309:화(13:30~14:45),목(10:30~11:45)]",75분,3,일반과목,강의(이론),상대평가,일반(1~15주),비대상
1569,도시과학대학,건축공학전공,2,기초교양,기초과학ㆍ공학,XAA1078001,물리(2),PHYSICS(2),김완선,제28호관 도시과학대학-607 강의실[28-607], [28-607:화(1-2A)(2B-3)], [28-607:화(09:00~10:15)(10:30~11:45)],75분,3,일반과목,강의(이론),상대평가,일반(1~15주),비대상
1570,도시과학대학,건축공학전공,2,전공핵심,전공핵심,EE06006001,건축구조역학,STRUCTURAL MECHANICS,박지훈,제28호관 도시과학대학-603 강의실[28-603]," [28-603:월(5B-6),수(2B-3)]"," [28-603:월(13:30~14:45),수(10:30~11:45)]",75분,3,일반과목,강의(이론),상대평가,일반(1~15주),비대상
1571,도시과학대학,건축공학전공,2,전공핵심,전공핵심,EE06027001,건축시공,EXECUTION OF BUILDING WORKS,박경모,제28호관 도시과학대학-603 강의실[28-603], [28-603:금(4-5A)(5B-6)], [28-603:금(12:00~13:15)(13:30~14:45)],75분,3,일반과목,강의(이론),상대평가,일반(1~15주),비대상
1572,도시과학대학,건축공학전공,2,전공핵심,전공핵심,EPE6122001,건축환경(1),ENVIRONMENTAL PLANNING IN ARCHITECTURE(1),이동석,"제27호관 제2공동실험실습관-312 강의실[27-312], 제28호관 도시과학대학-603 강의실[28-603]", [27-312:월(7-8A)] [28-603:목(5B-6)], [27-312:월(15:00~16:15)] [28-603:목(13:30~14:45)],75분,3,일반과목,강의(이론),상대평가,일반(1~15주),비대상
1573,도시과학대학,건축공학전공,2,전공심화,전공심화,EPE6037001,건축재료,BUILDING MATERIALS,김혜주,제28호관 도시과학대학-603 강의실[28-603], [28-603:화(7-8A)(8B-9)], [28-603:화(15:00~16:15)(16:30~17:45)],75분,3,일반과목,강의(이론),상대평가,일반(1~15주),비대상
1574,도시과학대학,건축공학전공,3,전공핵심,전공핵심,0008789001,철근콘크리트구조1,Reinforced Concrete Structure1,천성철,제28호관 도시과학대학-603 강의실[28-603]," [28-603:월(2)(3),수(0)]"," [28-603:월(10:00~10:50)(11:00~11:50),수(08:00~08:50)]",50분(표준),3,일반과목,온라인혼합형강좌,상대평가,일반(1~15주),비대상
1575,도시과학대학,건축공학전공,3,전공핵심,전공핵심,0011149001,건축사업비관리,Construction Cost Management,구충완,제28호관 도시과학대학-603 강의실[28-603]," [28-603:월(7-8A),화(2B-3)]"," [28-603:월(15:00~16:15),화(10:30~11:45)]",75분,3,일반과목,온라인혼합형강좌,상대평가,일반(1~15주),글로벌강의(ES)
1576,도시과학대학,건축공학전공,3,전공핵심,전공핵심,EPE6024001,건축설비(1),BUILDING EQUIPMENT(1),이세진,제28호관 도시과학대학-607 강의실[28-607], [28-607:목(7-8A)(8B-9)], [28-607:목(15:00~16:15)(16:30~17:45)],75분,3,일반과목,강의(이론),상대평가,일반(1~15주),비대상
1577,도시과학대학,건축공학전공,3,전공심화,전공심화,0007810001,BIM기반건설정보관리,BIM-based construction information management,이슬비,제28호관 도시과학대학-607 강의실[28-607]," [28-607:화(5B-6),수(2B-3)]"," [28-607:화(13:30~14:45),수(10:30~11:45)]",75분,3,일반과목,온라인혼합형강좌,상대평가,일반(1~15주),글로벌강의(ES)
1578,도시과학대학,건축공학전공,3,전공심화,전공심화,EPE6096001,건축구조실험(1),STRUCTURAL EXPERIMENT(1),장정국,"제27호관 제2공동실험실습관-101 건설재료실험실[27-101], 제28호관 도시과학대학-607 강의실[28-607]", [27-101:수(4-5A)(8B-9)] [28-607:(5B-6)(7-8A)], [27-101:수(12:00~13:15)(16:30~17:45)] [28-607:(13:30~14:45)(15:00~16:15)],75분,3,일반과목,실험실습,절대평가,일반(1~15주),비대상
1579,도시과학대학,건축공학전공,4,전공핵심,전공핵심,0002374001,건축실시설계,Construction Documents,박지훈,"제27호관 제2공동실험실습관-316 건축공학전산실습실[27-316], 제28호관 도시과학대학-608 세미나실[28-608]", [27-316:목(4-5A)(5B-6)] [28-608:(1-2A)(2B-3)], [27-316:목(12:00~13:15)(13:30~14:45)] [28-608:(09:00~10:15)(10:30~11:45)],75분,3,일반과목,실험실습,절대평가,일반(1~15주),비대상
1580,도시과학대학,건축공학전공,4,전공핵심,전공핵심,0002374002,건축실시설계,Construction Documents,김태완,제28호관 도시과학대학-607 강의실[28-607], [28-607:목(1-2A)(2B-3)(4-5A)(5B-6)], [28-607:목(09:00~10:15)(10:30~11:45)(12:00~13:15)(13:30~14:45)],75분,3,일반과목,실험실습,절대평가,일반(1~15주),비대상
1581,도시과학대학,건축공학전공,4,전공핵심,전공핵심,0002374003,건축실시설계,Construction Documents,김동우,제28호관 도시과학대학-508 강의실[28-508], [28-508:목(1-2A)(2B-3)(4-5A)(5B-6)], [28-508:목(09:00~10:15)(10:30~11:45)(12:00~13:15)(13:30~14:45)],75분,3,일반과목,실험실습,절대평가,일반(1~15주),비대상
1582,도시과학대학,건축공학전공,4,전공심화,전공심화,0011146001,건축경제,Construction Economics,구충완,"제28호관 도시과학대학-603 강의실[28-603], 제28호관 도시과학대학-607 강의실[28-607]", [28-603:수(5B-6)] [28-607:월(5B-6)], [28-603:수(13:30~14:45)] [28-607:월(13:30~14:45)],75분,3,일반과목,온라인혼합형강좌,상대평가,일반(1~15주),글로벌강의(ES)
1583,도시과학대학,건축공학전공,4,전공심화,전공심화,0011148001,건축법과클레임관리,Building Codes and Claim Management,박경모,제28호관 도시과학대학-603 강의실[28-603], [28-603:금(1-2A)(2B-3)], [28-603:금(09:00~10:15)(10:30~11:45)],75분,3,일반과목,강의(이론),상대평가,일반(1~15주),비대상
1584,도시과학대학,건축공학전공,4,전공심화,전공심화,0011996001,친환경건축설비,Building Equipment for Sustainable Architecture,장현숙,제28호관 도시과학대학-607 강의실[28-607], [28-607:월(7-8A)(8B-9)], [28-607:월(15:00~16:15)(16:30~17:45)],75분,3,일반과목,강의(이론),상대평가,일반(1~15주),비대상
1585,도시과학대학,도시건축학전공,전학년,전공심화,전공심화,0009062064,RISE,RISE,이태영,,,,50분(표준),3,일반과목,RISE(시간표 없음),이수인정,일반(1~15주),비대상
1586,도시과학대학,도시건축학전공,전학년,전공심화,전공심화,0009062065,RISE,RISE,김한규,,,,50분(표준),3,일반과목,RISE(시간표 없음),이수인정,일반(1~15주),비대상
1587,도시과학대학,도시건축학전공,2,전공핵심,전공핵심,0001946001,건축환경,ENVIRONMENTAL PLANNING IN ARCHITECTURE,이동석,"제27호관 제2공동실험실습관-312 강의실[27-312], 제28호관 도시과학대학-603 강의실[28-603]", [27-312:월(2B-3)] [28-603:화(5B-6)], [27-312:월(10:30~11:45)] [28-603:화(13:30~14:45)],75분,3,일반과목,강의(이론),상대평가,일반(1~15주),비대상
1588,도시과학대학,도시건축학전공,2,전공핵심,전공핵심,0006668001,설계스튜디오1,Design Studio1,신은기,제28호관 도시과학대학-504 설계실[28-504]," [28-504:월(6)(7)(8)(9),목(1)(2)(3)(4)]"," [28-504:월(14:00~14:50)(15:00~15:50)(16:00~16:50)(17:00~17:50),목(09:00~09:50)(10:00~10:50)(11:00~11:50)(12:00~12:50)]",50분(표준),4,일반과목,실험실습,절대평가,일반(1~15주),비대상
1589,도시과학대학,도시건축학전공,2,전공핵심,전공핵심,0006668002,설계스튜디오1,Design Studio1,최예정,제28호관 도시과학대학-505 설계실[28-505]," [28-505:월(6)(7)(8)(9),목(1)(2)(3)(4)]"," [28-505:월(14:00~14:50)(15:00~15:50)(16:00~16:50)(17:00~17:50),목(09:00~09:50)(10:00~10:50)(11:00~11:50)(12:00~12:50)]",50분(표준),4,일반과목,실험실습,절대평가,일반(1~15주),비대상
1590,도시과학대학,도시건축학전공,2,전공핵심,전공핵심,0006668003,설계스튜디오1,Design Studio1,서상하,제27호관 제2공동실험실습관-310 설계실D[27-310]," [27-310:월(6)(7)(8)(9),목(1)(2)(3)(4)]"," [27-310:월(14:00~14:50)(15:00~15:50)(16:00~16:50)(17:00~17:50),목(09:00~09:50)(10:00~10:50)(11:00~11:50)(12:00~12:50)]",50분(표준),4,일반과목,실험실습,절대평가,일반(1~15주),비대상
1591,도시과학대학,도시건축학전공,2,전공핵심,전공핵심,0006668004,설계스튜디오1,Design Studio1,,제27호관 제2공동실험실습관-311 설계실E[27-311]," [27-311:월(6)(7)(8)(9),목(1)(2)(3)(4)]"," [27-311:월(14:00~14:50)(15:00~15:50)(16:00~16:50)(17:00~17:50),목(09:00~09:50)(10:00~10:50)(11:00~11:50)(12:00~12:50)]",50분(표준),4,일반과목,실험실습,절대평가,일반(1~15주),비대상
1592,도시과학대학,도시건축학전공,2,전공핵심,전공핵심,0006668005,설계스튜디오1,Design Studio1,정상경,제28호관 도시과학대학-601 설계실[28-601]," [28-601:월(6)(7)(8)(9),목(1)(2)(3)(4)]"," [28-601:월(14:00~14:50)(15:00~15:50)(16:00~16:50)(17:00~17:50),목(09:00~09:50)(10:00~10:50)(11:00~11:50)(12:00~12:50)]",50분(표준),4,일반과목,실험실습,절대평가,일반(1~15주),비대상
1593,도시과학대학,도시건축학전공,2,전공핵심,전공핵심,EPE6061001,서양건축사,HISTORY OF WESTERN ARCHITECTURE,신은기,제28호관 도시과학대학-501 강의실[28-501]," [28-501:화(7-8A),수(2B-3)]"," [28-501:화(15:00~16:15),수(10:30~11:45)]",75분,3,일반과목,강의(이론),상대평가,일반(1~15주),비대상
1594,도시과학대학,도시건축학전공,2,전공심화,전공심화,0006658001,공간디자인의 이해,Introduction to Spatial Design,이태영,제28호관 도시과학대학-501 강의실[28-501]," [28-501:화(2B-3),목(7-8A)]"," [28-501:화(10:30~11:45),목(15:00~16:15)]",75분,3,일반과목,강의(이론),상대평가,일반(1~15주),비대상
1595,도시과학대학,도시건축학전공,3,전공핵심,전공핵심,0006630001,설계스튜디오3,Design Studio3,유영수,제28호관 도시과학대학-504 설계실[28-504]," [28-504:화(1)(2)(3)(4),금(1)(2)(3)(4)]"," [28-504:화(09:00~09:50)(10:00~10:50)(11:00~11:50)(12:00~12:50),금(09:00~09:50)(10:00~10:50)(11:00~11:50)(12:00~12:50)]",50분(표준),4,일반과목,실험실습,절대평가,일반(1~15주),비대상
1596,도시과학대학,도시건축학전공,3,전공핵심,전공핵심,0006630002,설계스튜디오3,Design Studio3,한승철,제28호관 도시과학대학-604 설계실[28-604]," [28-604:화(1)(2)(3)(4),금(1)(2)(3)(4)]"," [28-604:화(09:00~09:50)(10:00~10:50)(11:00~11:50)(12:00~12:50),금(09:00~09:50)(10:00~10:50)(11:00~11:50)(12:00~12:50)]",50분(표준),4,일반과목,실험실습,절대평가,일반(1~15주),비대상
1597,도시과학대학,도시건축학전공,3,전공핵심,전공핵심,0006630003,설계스튜디오3,Design Studio3,김유진,제28호관 도시과학대학-605 설계실[28-605]," [28-605:화(1)(2)(3)(4),금(1)(2)(3)(4)]"," [28-605:화(09:00~09:50)(10:00~10:50)(11:00~11:50)(12:00~12:50),금(09:00~09:50)(10:00~10:50)(11:00~11:50)(12:00~12:50)]",50분(표준),4,일반과목,실험실습,절대평가,일반(1~15주),비대상
1598,도시과학대학,도시건축학전공,3,전공핵심,전공핵심,0006630004,설계스튜디오3,Design Studio3,원찬식,제28호관 도시과학대학-601 설계실[28-601]," [28-601:화(1)(2)(3)(4),금(1)(2)(3)(4)]"," [28-601:화(09:00~09:50)(10:00~10:50)(11:00~11:50)(12:00~12:50),금(09:00~09:50)(10:00~10:50)(11:00~11:50)(12:00~12:50)]",50분(표준),4,일반과목,실험실습,절대평가,일반(1~15주),비대상
1599,도시과학대학,도시건축학전공,3,전공핵심,전공핵심,0006630005,설계스튜디오3,Design Studio3,,제28호관 도시과학대학-606 설계실[28-606]," [28-606:화(1)(2)(3)(4),금(1)(2)(3)(4)]"," [28-606:화(09:00~09:50)(10:00~10:50)(11:00~11:50)(12:00~12:50),금(09:00~09:50)(10:00~10:50)(11:00~11:50)(12:00~12:50)]",50분(표준),4,일반과목,실험실습,절대평가,일반(1~15주),비대상
1600,도시과학대학,도시건축학전공,3,전공핵심,전공핵심,0006673001,지속가능한 도시,Sustainable Urbanism,김한규,제28호관 도시과학대학-501 강의실[28-501]," [28-501:월(5B-6),목(2B-3)]"," [28-501:월(13:30~14:45),목(10:30~11:45)]",75분,3,일반과목,강의(이론),상대평가,일반(1~15주),글로벌강의(ES)
1601,도시과학대학,도시건축학전공,3,전공심화,전공심화,0005826001,건축구조의 적용,Structural Mechanics and Systems,김민수,제28호관 도시과학대학-501 강의실[28-501], [28-501:수(7-8A)(8B-9)], [28-501:수(15:00~16:15)(16:30~17:45)],75분,3,일반과목,강의(이론),상대평가,일반(1~15주),비대상
1602,도시과학대학,도시건축학전공,3,전공심화,전공심화,0006672001,도시설계의 이해,Introduction to Urban Design,곽동화,제28호관 도시과학대학-508 강의실[28-508]," [28-508:화(7-8A),수(2B-3)]"," [28-508:화(15:00~16:15),수(10:30~11:45)]",75분,3,일반과목,강의(이론),상대평가,일반(1~15주),비대상
1603,도시과학대학,도시건축학전공,3,전공심화,전공심화,0011152001,도시계획유산연구,Heritage Study of Urban Planning,최정윤,"제28호관 도시과학대학-501 강의실[28-501], 제28호관 도시과학대학-607 강의실[28-607]", [28-501:수(6)] [28-607:월(2)(3)], [28-501:수(14:00~14:50)] [28-607:월(10:00~10:50)(11:00~11:50)],50분(표준),3,일반과목,강의(이론),상대평가,일반(1~15주),비대상
1604,도시과학대학,도시건축학전공,3,전공심화,전공심화,EPE6074001,한국건축사,HISTORY OF KOREAN ARCHITECTURE,김대한,제28호관 도시과학대학-404A 강의실[28-404A], [28-404A:월(7-8A)(8B-9)], [28-404A:월(15:00~16:15)(16:30~17:45)],75분,3,일반과목,강의(이론),상대평가,일반(1~15주),비대상
1605,도시과학대학,도시건축학전공,4,전공심화,전공심화,0002013001,건축과사회,Architecture and Society,이금진,제28호관 도시과학대학-501 강의실[28-501]," [28-501:월(3),화(4)(5)]"," [28-501:월(11:00~11:50),화(12:00~12:50)(13:00~13:50)]",50분(표준),3,일반과목,강의(이론),상대평가,일반(1~15주),비대상
1606,도시과학대학,도시건축학전공,4,전공심화,전공심화,0006655001,설계스튜디오5,Design Studio5,이태영,제28호관 도시과학대학-606 설계실[28-606]," [28-606:월(6)(7)(8)(9),목(1)(2)(3)(4)]"," [28-606:월(14:00~14:50)(15:00~15:50)(16:00~16:50)(17:00~17:50),목(09:00~09:50)(10:00~10:50)(11:00~11:50)(12:00~12:50)]",50분(표준),4,일반과목,실험실습,절대평가,일반(1~15주),비대상
1607,도시과학대학,도시건축학전공,4,전공심화,전공심화,0006655002,설계스튜디오5,Design Studio5,박유정,제28호관 도시과학대학-506 설계실[28-506]," [28-506:월(6)(7)(8)(9),목(1)(2)(3)(4)]"," [28-506:월(14:00~14:50)(15:00~15:50)(16:00~16:50)(17:00~17:50),목(09:00~09:50)(10:00~10:50)(11:00~11:50)(12:00~12:50)]",50분(표준),4,일반과목,실험실습,절대평가,일반(1~15주),비대상
1608,도시과학대학,도시건축학전공,4,전공심화,전공심화,0006655003,설계스튜디오5,Design Studio5,차혜란,제27호관 제2공동실험실습관-307 설계실A[27-307]," [27-307:월(6)(7)(8)(9),목(1)(2)(3)(4)]"," [27-307:월(14:00~14:50)(15:00~15:50)(16:00~16:50)(17:00~17:50),목(09:00~09:50)(10:00~10:50)(11:00~11:50)(12:00~12:50)]",50분(표준),4,일반과목,실험실습,절대평가,일반(1~15주),비대상
1609,도시과학대학,도시건축학전공,4,전공심화,전공심화,0006655004,설계스튜디오5,Design Studio5,신세철,제27호관 제2공동실험실습관-308 설계실B[27-308]," [27-308:월(6)(7)(8)(9),목(1)(2)(3)(4)]"," [27-308:월(14:00~14:50)(15:00~15:50)(16:00~16:50)(17:00~17:50),목(09:00~09:50)(10:00~10:50)(11:00~11:50)(12:00~12:50)]",50분(표준),4,일반과목,실험실습,절대평가,일반(1~15주),비대상
1610,도시과학대학,도시건축학전공,4,전공심화,전공심화,0006655005,설계스튜디오5,Design Studio5,이장환,제27호관 제2공동실험실습관-309 설계실C[27-309]," [27-309:월(6)(7)(8)(9),목(1)(2)(3)(4)]"," [27-309:월(14:00~14:50)(15:00~15:50)(16:00~16:50)(17:00~17:50),목(09:00~09:50)(10:00~10:50)(11:00~11:50)(12:00~12:50)]",50분(표준),4,일반과목,실험실습,절대평가,일반(1~15주),비대상
1611,도시과학대학,도시건축학전공,4,전공심화,전공심화,0008794001,도시재생의이해,Introduction to Urban Regeneration,김효정,제28호관 도시과학대학-607 강의실[28-607], [28-607:화(7-8A)(8B-9)], [28-607:화(15:00~16:15)(16:30~17:45)],75분,3,일반과목,강의(이론),상대평가,일반(1~15주),비대상
1612,생명과학기술대학,생명과학부,1,기초교양,기초과학ㆍ공학,0006754001,물리학,Physics,유상구,제41호관 바이오 컴플렉스관-107 강의실3[41-107], [41-107:화(4-5A)(5B-6)], [41-107:화(12:00~13:15)(13:30~14:45)],75분,3,일반과목,강의(이론),상대평가,일반(1~15주),비대상
1613,생명과학기술대학,생명과학부,1,기초교양,기초과학ㆍ공학,0006754002,물리학,Physics,유상구,제41호관 바이오 컴플렉스관-108 강의실2[41-108], [41-108:화(7-8A)(8B-9)], [41-108:화(15:00~16:15)(16:30~17:45)],75분,3,일반과목,강의(이론),상대평가,일반(1~15주),비대상
1614,생명과학기술대학,생명과학부,1,기초교양,학문의기초,XAA1358030,대학수학(1),CALCULUS(1),김기태,제41호관 바이오 컴플렉스관-107 강의실3[41-107], [41-107:수(6)(7)(8)], [41-107:수(14:00~14:50)(15:00~15:50)(16:00~16:50)],50분(표준),3,일반과목,강의(이론),상대평가,일반(1~15주),비대상
1615,생명과학기술대학,생명과학부,1,기초교양,학문의기초,XAA1358031,대학수학(1),CALCULUS(1),이정찬,제41호관 바이오 컴플렉스관-108 강의실2[41-108], [41-108:수(6)(7)(8)], [41-108:수(14:00~14:50)(15:00~15:50)(16:00~16:50)],50분(표준),3,일반과목,강의(이론),상대평가,일반(1~15주),비대상
1616,생명과학기술대학,생명과학부,1,전공기초,전공기초,0006753001,생물학기초(1),Biology foundation(1),박준태,제41호관 바이오 컴플렉스관-107 강의실3[41-107]," [41-107:월(5B-6),화(1-2A)]"," [41-107:월(13:30~14:45),화(09:00~10:15)]",75분,3,일반과목,강의(이론),절대평가,일반(1~15주),원어강의(EN)
1617,생명과학기술대학,생명과학부,1,전공기초,전공기초,0006753002,생물학기초(1),Biology foundation(1),강기윤,제41호관 바이오 컴플렉스관-108 강의실2[41-108]," [41-108:목(5B-6),금(2B-3)]"," [41-108:목(13:30~14:45),금(10:30~11:45)]",75분,3,일반과목,강의(이론),상대평가,일반(1~15주),비대상
1618,생명과학기술대학,생명과학부,1,전공기초,전공기초,0006760001,생물학기초실험(1),Laboratory in biology foundation(1),박준태,제41호관 바이오 컴플렉스관-217 생물학기초실험실-2[41-217], [41-217:화(3)(4)], [41-217:화(11:00~11:50)(12:00~12:50)],50분(표준),1,일반과목,실험실습,상대평가,일반(1~15주),비대상
1619,생명과학기술대학,생명과학부,1,전공기초,전공기초,0006760002,생물학기초실험(1),Laboratory in biology foundation(1),봉지홍,제41호관 바이오 컴플렉스관-217 생물학기초실험실-2[41-217], [41-217:목(8)(9)], [41-217:목(16:00~16:50)(17:00~17:50)],50분(표준),1,일반과목,실험실습,상대평가,일반(1~15주),비대상
1620,생명과학기술대학,생명과학부,1,전공기초,전공기초,0006760003,생물학기초실험(1),Laboratory in biology foundation(1),강기윤,제41호관 바이오 컴플렉스관-220 생물학기초실험실-1[41-220], [41-220:금(8)(9)], [41-220:금(16:00~16:50)(17:00~17:50)],50분(표준),1,일반과목,실험실습,절대평가,일반(1~15주),비대상
1621,생명과학기술대학,생명과학부,1,전공기초,전공기초,0006760004,생물학기초실험(1),Laboratory in biology foundation(1),강기윤,제41호관 바이오 컴플렉스관-220 생물학기초실험실-1[41-220], [41-220:수(4)(5)], [41-220:수(12:00~12:50)(13:00~13:50)],50분(표준),1,일반과목,실험실습,절대평가,일반(1~15주),비대상
1622,생명과학기술대학,생명과학부,1,전공기초,전공기초,0007800052,자기설계세미나 I,Self - Design Seminar I,박준태,제41호관 바이오 컴플렉스관-107 강의실3[41-107], [41-107:수(9)], [41-107:수(17:00~17:50)],50분(표준),1,일반과목,자기설계세미나,이수인정,일반(1~15주),비대상
1623,생명과학기술대학,생명과학부,1,전공기초,전공기초,0007800053,자기설계세미나 I,Self - Design Seminar I,봉지홍,제41호관 바이오 컴플렉스관-108 강의실2[41-108], [41-108:수(9)], [41-108:수(17:00~17:50)],50분(표준),1,일반과목,자기설계세미나,이수인정,일반(1~15주),비대상
1624,생명과학기술대학,생명과학부,1,전공기초,전공기초,0007800054,자기설계세미나 I,Self - Design Seminar I,강기윤,제41호관 바이오 컴플렉스관-107 강의실3[41-107], [41-107:월(4)], [41-107:월(12:00~12:50)],50분(표준),1,일반과목,자기설계세미나,이수인정,일반(1~15주),비대상
1625,생명과학기술대학,생명과학부,1,전공기초,전공기초,0007800055,자기설계세미나 I,Self - Design Seminar I,최재혁,제41호관 바이오 컴플렉스관-220 생물학기초실험실-1[41-220], [41-220:월(4)], [41-220:월(12:00~12:50)],50분(표준),1,일반과목,자기설계세미나,이수인정,일반(1~15주),비대상
1626,생명과학기술대학,생명과학부,1,전공기초,전공기초,EQ01003001,화학,CHEMISTRY,권태현,제41호관 바이오 컴플렉스관-107 강의실3[41-107]," [41-107:월(2B-3),수(2B-3)]"," [41-107:월(10:30~11:45),수(10:30~11:45)]",75분,3,일반과목,강의(이론),상대평가,일반(1~15주),비대상
1627,생명과학기술대학,생명과학부,1,전공기초,전공기초,EQB6131001,화학실험,CHEMICAL LAB,강동구,제5호관 자연과학대학·생명과학기술대학-504 일반화학실험실[05-504], [05-504:목(3)(4)], [05-504:목(11:00~11:50)(12:00~12:50)],50분(표준),1,일반과목,실험실습,상대평가,일반(1~15주),비대상
1628,생명과학기술대학,생명과학부,1,전공기초,전공기초,EQB6131002,화학실험,CHEMICAL LAB,그레고리 아이작 피터슨,제5호관 자연과학대학·생명과학기술대학-504 일반화학실험실[05-504], [05-504:목(5)(6)], [05-504:목(13:00~13:50)(14:00~14:50)],50분(표준),1,일반과목,실험실습,상대평가,일반(1~15주),비대상
1629,생명과학기술대학,생명과학부,1,전공기초,전공기초,EQB6131003,화학실험,CHEMICAL LAB,그레고리 아이작 피터슨,제5호관 자연과학대학·생명과학기술대학-504 일반화학실험실[05-504], [05-504:목(7)(8)], [05-504:목(15:00~15:50)(16:00~16:50)],50분(표준),1,일반과목,실험실습,상대평가,일반(1~15주),비대상
1630,생명과학기술대학,생명과학전공,1,전공기초,전공기초,0006755002,물리학실험,Physics Laboratory,송은선,제5호관 자연과학대학·생명과학기술대학-114 공통물리실험실-2[05-114], [05-114:월(7)(8)], [05-114:월(15:00~15:50)(16:00~16:50)],50분(표준),1,일반과목,실험실습,상대평가,일반(1~15주),비대상
1631,생명과학기술대학,생명과학전공,1,전공기초,전공기초,0006755003,물리학실험,Physics Laboratory,권남오,제5호관 자연과학대학·생명과학기술대학-115 공통물리실험실-3[05-115], [05-115:월(7)(8)], [05-115:월(15:00~15:50)(16:00~16:50)],50분(표준),1,일반과목,실험실습,상대평가,일반(1~15주),비대상
1632,생명과학기술대학,생명과학전공,2,전공핵심,전공핵심,0011179001,식물생리실험,Plant Phtsiology Laboratory,김재광,제41호관 바이오 컴플렉스관-220 생물학기초실험실-1[41-220], [41-220:목(5)(6)(7)(8)], [41-220:목(13:00~13:50)(14:00~14:50)(15:00~15:50)(16:00~16:50)],50분(표준),2,일반과목,실험실습,절대평가,일반(1~15주),비대상
1633,생명과학기술대학,생명과학전공,2,전공핵심,전공핵심,BD06033001,식물생리학,PLANT PHYSIOLOGY,강기윤,제41호관 바이오 컴플렉스관-108 강의실2[41-108]," [41-108:수(2B-3),목(2B-3)]"," [41-108:수(10:30~11:45),목(10:30~11:45)]",75분,3,일반과목,강의(이론),상대평가,일반(1~15주),비대상
1634,생명과학기술대학,생명과학전공,2,전공핵심,전공핵심,BD06122001,생화학,BIOCHEMISTRY,안순길,제41호관 바이오 컴플렉스관-109 강의실1[41-109], [41-109:화(5B-6)(7-8A)], [41-109:화(13:30~14:45)(15:00~16:15)],75분,3,일반과목,강의(이론),상대평가,일반(1~15주),비대상
1635,생명과학기술대학,생명과학전공,2,전공심화,전공심화,0001785001,유기화학,Organic Chemistry,안순길,제41호관 바이오 컴플렉스관-109 강의실1[41-109], [41-109:수(5B-6)(7-8A)], [41-109:수(13:30~14:45)(15:00~16:15)],75분,3,일반과목,강의(이론),상대평가,일반(1~15주),비대상
1636,생명과학기술대학,생명과학전공,2,전공심화,전공심화,0006752001,식물분류및형태학,Plant classification and morphology,김성환,제41호관 바이오 컴플렉스관-109 강의실1[41-109], [41-109:금(5)(6)(7)], [41-109:금(13:00~13:50)(14:00~14:50)(15:00~15:50)],50분(표준),3,일반과목,강의(이론),상대평가,일반(1~15주),비대상
1637,생명과학기술대학,생명과학전공,3,전공핵심,전공핵심,0001636001,분자생물학,MOLECULAR BIOLOGY,최재혁,제41호관 바이오 컴플렉스관-107 강의실3[41-107]," [41-107:화(2B-3),목(2B-3)]"," [41-107:화(10:30~11:45),목(10:30~11:45)]",75분,3,일반과목,강의(이론),상대평가,일반(1~15주),비대상
1638,생명과학기술대학,생명과학전공,3,전공핵심,전공핵심,0006751001,동물분류및형태학,Animal Taxonomy and Morphology,배양섭,제41호관 바이오 컴플렉스관-107 강의실3[41-107], [41-107:목(5B-6)(7-8A)], [41-107:목(13:30~14:45)(15:00~16:15)],75분,3,일반과목,강의(이론),상대평가,일반(1~15주),비대상
1639,생명과학기술대학,생명과학전공,3,전공핵심,전공핵심,0006793001,동물분류생태실험,Animal Taxonomy and Ecology Practice,김길원,제41호관 바이오 컴플렉스관-220 생물학기초실험실-1[41-220], [41-220:화(5)(6)(7)(8)], [41-220:화(13:00~13:50)(14:00~14:50)(15:00~15:50)(16:00~16:50)],50분(표준),2,일반과목,실험실습,절대평가,일반(1~15주),비대상
1640,생명과학기술대학,생명과학전공,3,전공핵심,전공핵심,BD06025001,분자생물학실험,LABORATORY IN MOLECULAR BIOLOGY,최재혁,제41호관 바이오 컴플렉스관-220 생물학기초실험실-1[41-220], [41-220:수(6)(7)(8)(9)], [41-220:수(14:00~14:50)(15:00~15:50)(16:00~16:50)(17:00~17:50)],50분(표준),2,일반과목,실험실습,절대평가,일반(1~15주),비대상
1641,생명과학기술대학,생명과학전공,3,전공심화,전공심화,0001651001,진화생물학,Evolutionary Biology,배양섭,제41호관 바이오 컴플렉스관-109 강의실1[41-109], [41-109:목(1)(2)(3)], [41-109:목(09:00~09:50)(10:00~10:50)(11:00~11:50)],50분(표준),3,일반과목,강의(이론),상대평가,일반(1~15주),비대상
1642,생명과학기술대학,생명과학전공,4,전공심화,전공심화,0001659001,행동생물학,Biology of Behavior,김길원,제41호관 바이오 컴플렉스관-109 강의실1[41-109]," [41-109:화(2B-3),수(2B-3)]"," [41-109:화(10:30~11:45),수(10:30~11:45)]",75분,3,일반과목,강의(이론),상대평가,일반(1~15주),비대상
1643,생명과학기술대학,생명과학전공,4,전공심화,전공심화,0001661001,신경생물학,Neurobiology,권형욱,제41호관 바이오 컴플렉스관-109 강의실1[41-109]," [41-109:화(8B-9),수(8B-9)]"," [41-109:화(16:30~17:45),수(16:30~17:45)]",75분,3,일반과목,강의(이론),절대평가,일반(1~15주),원어강의(EN)
1644,생명과학기술대학,생명과학전공,4,전공심화,전공심화,0009524001,수리생물학입문,Introduction to Mathematical Biology,이종구,제41호관 바이오 컴플렉스관-109 강의실1[41-109]," [41-109:화(1-2A),수(1-2A)]"," [41-109:화(09:00~10:15),수(09:00~10:15)]",75분,3,일반과목,강의(이론),상대평가,일반(1~15주),비대상
1645,생명과학기술대학,생명과학전공,4,전공심화,전공심화,0012469001,생명과학캡스톤디자인,life Science Capstone Design,최재혁,제41호관 바이오 컴플렉스관-204 식물육종개발실[41-204]," [41-204:화(5B-6),목(7-8A)]"," [41-204:화(13:30~14:45),목(15:00~16:15)]",75분,3,일반과목,강의(이론),절대평가,일반(1~15주),비대상
1646,생명과학기술대학,생명과학전공,4,전공심화,전공심화,BKD6051001,동물학연구방법,RESEARCH METHODS IN ZOOLOGY,김길원,제41호관 바이오 컴플렉스관-204 식물육종개발실[41-204], [41-204:월(5)(6)(7)(8)], [41-204:월(13:00~13:50)(14:00~14:50)(15:00~15:50)(16:00~16:50)],50분(표준),2,일반과목,실험실습,절대평가,일반(1~15주),비대상
1647,생명과학기술대학,생명과학전공,4,전공심화,전공심화,BKD6052001,식물학연구방법,RESEARCH METHODS IN BOTANY,김재광,제41호관 바이오 컴플렉스관-204 식물육종개발실[41-204], [41-204:금(4)(5)(6)(7)], [41-204:금(12:00~12:50)(13:00~13:50)(14:00~14:50)(15:00~15:50)],50분(표준),2,일반과목,실험실습,절대평가,일반(1~15주),비대상
1648,생명과학기술대학,생명과학전공,4,전공심화,전공심화,BKD6053001,미생물학연구방법,RESEARCH METHODS IN MICROBIOLOGY,권형욱,제41호관 바이오 컴플렉스관-220 생물학기초실험실-1[41-220], [41-220:월(5)(6)(7)(8)], [41-220:월(13:00~13:50)(14:00~14:50)(15:00~15:50)(16:00~16:50)],50분(표준),2,일반과목,실험실습,절대평가,일반(1~15주),비대상
1649,생명과학기술대학,분자의생명전공,1,전공기초,전공기초,0012471001,분자의생명전공탐색,Introduction to Molecular Biomedical Sciences,강하라,제41호관 바이오 컴플렉스관-108 강의실2[41-108], [41-108:화(5)(6)], [41-108:화(13:00~13:50)(14:00~14:50)],50분(표준),2,일반과목,강의(이론),이수인정,일반(1~15주),비대상
1650,생명과학기술대학,분자의생명전공,1,전공기초,전공기초,0012472001,융합자유전공대학생을위한생물학기초,Fundamentals of Biology for Undeclared Majors,봉지홍,제41호관 바이오 컴플렉스관-109 강의실1[41-109]," [41-109:월(4-5A),수(4-5A)]"," [41-109:월(12:00~13:15),수(12:00~13:15)]",75분,3,일반과목,강의(이론),상대평가,일반(1~15주),비대상
1651,생명과학기술대학,분자의생명전공,1,전공심화,전공심화,0006755001,물리학실험,Physics Laboratory,박영미,제5호관 자연과학대학·생명과학기술대학-112 공통물리실험실-1[05-112], [05-112:월(7)(8)], [05-112:월(15:00~15:50)(16:00~16:50)],50분(표준),1,일반과목,실험실습,절대평가,일반(1~15주),비대상
1652,생명과학기술대학,분자의생명전공,2,전공핵심,전공핵심,0006795001,미생물및생화학실험,Microbiology and Biochemistry Laboratory,예정용,제41호관 바이오 컴플렉스관-217 생물학기초실험실-2[41-217], [41-217:금(5)(6)(7)(8)], [41-217:금(13:00~13:50)(14:00~14:50)(15:00~15:50)(16:00~16:50)],50분(표준),2,일반과목,실험실습,절대평가,일반(1~15주),비대상
1653,생명과학기술대학,분자의생명전공,2,전공핵심,전공핵심,0006795002,미생물및생화학실험,Microbiology and Biochemistry Laboratory,봉지홍,제41호관 바이오 컴플렉스관-217 생물학기초실험실-2[41-217], [41-217:목(4)(5)(6)(7)], [41-217:목(12:00~12:50)(13:00~13:50)(14:00~14:50)(15:00~15:50)],50분(표준),2,일반과목,실험실습,절대평가,일반(1~15주),비대상
1654,생명과학기술대학,분자의생명전공,2,전공핵심,전공핵심,BD06122002,생화학,BIOCHEMISTRY,이미수,,,,75분,3,일반과목,e-Learning,상대평가,일반(1~15주),비대상
1655,생명과학기술대학,분자의생명전공,2,전공핵심,전공핵심,BKD6048001,유기화학,ORGANIC CHEMISTRY,봉지홍,제41호관 바이오 컴플렉스관-107 강의실3[41-107]," [41-107:목(1-2A),금(1-2A)]"," [41-107:목(09:00~10:15),금(09:00~10:15)]",75분,3,일반과목,강의(이론),상대평가,일반(1~15주),비대상
1656,생명과학기술대학,분자의생명전공,2,전공핵심,전공핵심,Q000033001,인체생리학,Human Physiology,김재근,제41호관 바이오 컴플렉스관-107 강의실3[41-107]," [41-107:화(7-8A),수(1-2A)]"," [41-107:화(15:00~16:15),수(09:00~10:15)]",75분,3,일반과목,강의(이론),상대평가,일반(1~15주),비대상
1657,생명과학기술대학,분자의생명전공,2,전공심화,전공심화,BD06017001,미생물학,MICROBIOLOGY,예정용,제41호관 바이오 컴플렉스관-107 강의실3[41-107]," [41-107:화(8B-9),목(8B-9)]"," [41-107:화(16:30~17:45),목(16:30~17:45)]",75분,3,일반과목,강의(이론),상대평가,일반(1~15주),비대상
1658,생명과학기술대학,분자의생명전공,2,전공심화,전공심화,BKD6004002,생물통계학,BIOSTATISTICS,이호준,제41호관 바이오 컴플렉스관-107 강의실3[41-107], [41-107:월(7)(8)(9)], [41-107:월(15:00~15:50)(16:00~16:50)(17:00~17:50)],50분(표준),3,일반과목,강의(이론),상대평가,일반(1~15주),비대상
1659,생명과학기술대학,분자의생명전공,3,전공핵심,전공핵심,BD06059001,유전학,GENETICS,박준태,제41호관 바이오 컴플렉스관-107 강의실3[41-107]," [41-107:수(4-5A),금(2B-3)]"," [41-107:수(12:00~13:15),금(10:30~11:45)]",75분,3,일반과목,강의(이론),절대평가,일반(1~15주),원어강의(EN)
1660,생명과학기술대학,분자의생명전공,3,전공심화,전공심화,0001647001,고급분자생물학,Advanced Molecular Biology,강하라,제41호관 바이오 컴플렉스관-108 강의실2[41-108]," [41-108:월(7-8A),목(7-8A)]"," [41-108:월(15:00~16:15),목(15:00~16:15)]",75분,3,일반과목,강의(이론),상대평가,일반(1~15주),비대상
1661,생명과학기술대학,분자의생명전공,3,전공심화,전공심화,0006794001,동물생리및병리학실험,Animal physiology and pathology laboratory,김재근,제41호관 바이오 컴플렉스관-217 생물학기초실험실-2[41-217], [41-217:수(6)(7)(8)(9)], [41-217:수(14:00~14:50)(15:00~15:50)(16:00~16:50)(17:00~17:50)],50분(표준),2,일반과목,실험실습,절대평가,일반(1~15주),비대상
1662,생명과학기술대학,분자의생명전공,3,전공심화,전공심화,0011521001,발생생물학및줄기세포학,Developmental and Stem Cell Biology,이미수,"제41호관 바이오 컴플렉스관-108 강의실2[41-108], 제41호관 바이오 컴플렉스관-109 강의실1[41-109]", [41-108:월(5B-6)] [41-109:화(4-5A)], [41-108:월(13:30~14:45)] [41-109:화(12:00~13:15)],75분,3,일반과목,강의(이론),상대평가,일반(1~15주),비대상
1663,생명과학기술대학,분자의생명전공,3,전공심화,전공심화,0011522001,뇌과학,Neuroscience,김재근,제41호관 바이오 컴플렉스관-108 강의실2[41-108]," [41-108:월(8B-9),목(1-2A)]"," [41-108:월(16:30~17:45),목(09:00~10:15)]",75분,3,일반과목,강의(이론),상대평가,일반(1~15주),비대상
1664,생명과학기술대학,분자의생명전공,4,전공심화,전공심화,0001653001,유전공학,Genetic Engineering,강하라,,,,75분,3,일반과목,e-Learning,상대평가,일반(1~15주),비대상
1665,생명과학기술대학,분자의생명전공,4,전공심화,전공심화,0001655001,기초의학-창의실험,Basic Medical Research I,이미수,제41호관 바이오 컴플렉스관-109 강의실1[41-109], [41-109:금(8)(9)(야1)(야2)], [41-109:금(16:00~16:50)(17:00~17:50)(18:00~18:50)(18:55~19:45)],50분(표준),2,일반과목,실험실습,절대평가,일반(1~15주),비대상
1666,생명과학기술대학,분자의생명전공,4,전공심화,전공심화,0001663001,기초의학-논문실험,Basic Medical Research II,박준태,제41호관 바이오 컴플렉스관-107 강의실3[41-107], [41-107:금(7)(8)(9)(야1)], [41-107:금(15:00~15:50)(16:00~16:50)(17:00~17:50)(18:00~18:50)],50분(표준),2,일반과목,실험실습,절대평가,일반(1~15주),비대상
1667,생명과학기술대학,분자의생명전공,4,전공심화,전공심화,0004161001,신약개발론,New Drug Development,이미수,제41호관 바이오 컴플렉스관-108 강의실2[41-108]," [41-108:월(1-2A)(2B-3),화(1-2A)(2B-3)]"," [41-108:월(09:00~10:15)(10:30~11:45),화(09:00~10:15)(10:30~11:45)]",75분,3,일반과목,강의(이론),상대평가,집중A(1~8주),비대상
1668,생명과학기술대학,분자의생명전공,4,전공심화,전공심화,0008813001,바이오의약품학,Introduction to biopharmaceuticals,봉지홍,제41호관 바이오 컴플렉스관-108 강의실2[41-108]," [41-108:수(1-2A),금(5B-6)]"," [41-108:수(09:00~10:15),금(13:30~14:45)]",75분,3,일반과목,강의(이론),절대평가,일반(1~15주),원어강의(EN)
1669,생명과학기술대학,생명공학부,1,기초교양,학문의기초,XAA1358032,대학수학(1),CALCULUS(1),김기태,제29호관 생명과학기술대학-211 강의실[29-211], [29-211:수(2)(3)(4)], [29-211:수(10:00~10:50)(11:00~11:50)(12:00~12:50)],50분(표준),3,일반과목,강의(이론),상대평가,일반(1~15주),비대상
1670,생명과학기술대학,생명공학부,1,기초교양,학문의기초,XAA1358033,대학수학(1),CALCULUS(1),이정찬,제29호관 생명과학기술대학-507 강의실[29-507], [29-507:수(2)(3)(4)], [29-507:수(10:00~10:50)(11:00~11:50)(12:00~12:50)],50분(표준),3,일반과목,강의(이론),상대평가,일반(1~15주),비대상
1671,생명과학기술대학,생명공학부,1,전공기초,전공기초,0007800056,자기설계세미나 I,Self - Design Seminar I,이승호,제29호관 생명과학기술대학-210 강의실[29-210], [29-210:목(9)], [29-210:목(17:00~17:50)],50분(표준),1,일반과목,자기설계세미나,이수인정,일반(1~15주),비대상
1672,생명과학기술대학,생명공학부,1,전공기초,전공기초,0007800057,자기설계세미나 I,Self - Design Seminar I,한상길,제29호관 생명과학기술대학-211 강의실[29-211], [29-211:목(9)], [29-211:목(17:00~17:50)],50분(표준),1,일반과목,자기설계세미나,이수인정,일반(1~15주),비대상
1673,생명과학기술대학,생명공학부,1,전공기초,전공기초,0007800058,자기설계세미나 I,Self - Design Seminar I,장성호,제29호관 생명과학기술대학-505 강의실[29-505], [29-505:월(9)], [29-505:월(17:00~17:50)],50분(표준),1,일반과목,자기설계세미나,이수인정,일반(1~15주),비대상
1674,생명과학기술대학,생명공학부,1,전공기초,전공기초,0007800059,자기설계세미나 I,Self - Design Seminar I,이동택,제29호관 생명과학기술대학-507 강의실[29-507], [29-507:월(9)], [29-507:월(17:00~17:50)],50분(표준),1,일반과목,자기설계세미나,이수인정,일반(1~15주),비대상
1675,생명과학기술대학,생명공학부,1,전공기초,전공기초,BH06042002,일반물리학,GENERAL PHYSICS,,제29호관 생명과학기술대학-311 생명공학전공 강의실[29-311], [29-311:목(5)(6)], [29-311:목(13:00~13:50)(14:00~14:50)],50분(표준),2,일반과목,강의(이론),상대평가,일반(1~15주),비대상
1676,생명과학기술대학,생명공학부,1,전공기초,전공기초,BH06042003,일반물리학,GENERAL PHYSICS,,제29호관 생명과학기술대학-211 강의실[29-211], [29-211:목(7)(8)], [29-211:목(15:00~15:50)(16:00~16:50)],50분(표준),2,일반과목,강의(이론),상대평가,일반(1~15주),비대상
1677,생명과학기술대학,생명공학부,1,전공기초,전공기초,XAA1175004,일반생물학(1),GENERAL BIOLOGY(1),김준섭,제29호관 생명과학기술대학-210 강의실[29-210], [29-210:화(8)(9)], [29-210:화(16:00~16:50)(17:00~17:50)],50분(표준),2,일반과목,강의(이론),상대평가,일반(1~15주),글로벌강의(ES)
1678,생명과학기술대학,생명공학부,1,전공기초,전공기초,XAA1175005,일반생물학(1),GENERAL BIOLOGY(1),장성호,제29호관 생명과학기술대학-505 강의실[29-505], [29-505:화(3)(4)], [29-505:화(11:00~11:50)(12:00~12:50)],50분(표준),2,일반과목,강의(이론),상대평가,일반(1~15주),비대상
1679,생명과학기술대학,생명공학부,1,전공기초,전공기초,XAA1178008,일반생물학실험(1),General Biology Laboratory(1),김준섭,제29호관 생명과학기술대학-618 나노바이오 기초실험실[29-618], [29-618:금(4)(5)], [29-618:금(12:00~12:50)(13:00~13:50)],50분(표준),1,일반과목,실험실습,절대평가,일반(1~15주),비대상
1680,생명과학기술대학,생명공학부,1,전공기초,전공기초,XAA1178009,일반생물학실험(1),General Biology Laboratory(1),김준섭,제29호관 생명과학기술대학-618 나노바이오 기초실험실[29-618], [29-618:금(7)(8)], [29-618:금(15:00~15:50)(16:00~16:50)],50분(표준),1,일반과목,실험실습,절대평가,일반(1~15주),비대상
1681,생명과학기술대학,생명공학부,1,전공기초,전공기초,XAA1178010,일반생물학실험(1),General Biology Laboratory(1),장성호,제29호관 생명과학기술대학-302 생명공학전공 실험실[29-302], [29-302:월(2)(3)], [29-302:월(10:00~10:50)(11:00~11:50)],50분(표준),1,일반과목,실험실습,절대평가,일반(1~15주),비대상
1682,생명과학기술대학,생명공학부,1,전공기초,전공기초,XAA1178011,일반생물학실험(1),General Biology Laboratory(1),장성호,제29호관 생명과학기술대학-302 생명공학전공 실험실[29-302], [29-302:화(1)(2)], [29-302:화(09:00~09:50)(10:00~10:50)],50분(표준),1,일반과목,실험실습,절대평가,일반(1~15주),비대상
1683,생명과학기술대학,생명공학부,1,전공기초,전공기초,XAA1184006,일반화학(1),GENERAL CHEMISTRY(1),그레고리 아이작 피터슨,제29호관 생명과학기술대학-211 강의실[29-211], [29-211:월(5)(6)], [29-211:월(13:00~13:50)(14:00~14:50)],50분(표준),2,일반과목,강의(이론),절대평가,일반(1~15주),원어강의(EN)
1684,생명과학기술대학,생명공학부,1,전공기초,전공기초,XAA1184007,일반화학(1),GENERAL CHEMISTRY(1),그레고리 아이작 피터슨,제29호관 생명과학기술대학-311 생명공학전공 강의실[29-311], [29-311:화(5)(6)], [29-311:화(13:00~13:50)(14:00~14:50)],50분(표준),2,일반과목,강의(이론),절대평가,일반(1~15주),원어강의(EN)
1685,생명과학기술대학,생명공학부,1,전공기초,전공기초,XAA1187013,일반화학실험(1),General Chemistry Laboratory(1),그레고리 아이작 피터슨,제5호관 자연과학대학·생명과학기술대학-504 일반화학실험실[05-504], [05-504:월(7)(8)], [05-504:월(15:00~15:50)(16:00~16:50)],50분(표준),1,일반과목,실험실습,상대평가,일반(1~15주),비대상
1686,생명과학기술대학,생명공학부,1,전공기초,전공기초,XAA1187014,일반화학실험(1),General Chemistry Laboratory(1),방지원,제5호관 자연과학대학·생명과학기술대학-504 일반화학실험실[05-504], [05-504:수(7)(8)], [05-504:수(15:00~15:50)(16:00~16:50)],50분(표준),1,일반과목,실험실습,상대평가,일반(1~15주),비대상
1687,생명과학기술대학,생명공학부,1,전공기초,전공기초,XAA1187015,일반화학실험(1),General Chemistry Laboratory(1),이창민,제5호관 자연과학대학·생명과학기술대학-504 일반화학실험실[05-504], [05-504:금(1)(2)], [05-504:금(09:00~09:50)(10:00~10:50)],50분(표준),1,일반과목,실험실습,상대평가,일반(1~15주),비대상
1688,생명과학기술대학,생명공학전공,2,전공핵심,전공핵심,0001621001,유기화학(1),Organic Chemistry(1),박경민,제29호관 생명과학기술대학-505 강의실[29-505]," [29-505:월(5B-6),수(5B-6)]"," [29-505:월(13:30~14:45),수(13:30~14:45)]",75분,3,일반과목,강의(이론),상대평가,일반(1~15주),비대상
1689,생명과학기술대학,생명공학전공,2,전공핵심,전공핵심,0001626001,물리화학,Physical Chemistry,양기석,제29호관 생명과학기술대학-311 생명공학전공 강의실[29-311]," [29-311:월(7-8A),화(7-8A)]"," [29-311:월(15:00~16:15),화(15:00~16:15)]",75분,3,일반과목,강의(이론),상대평가,일반(1~15주),비대상
1690,생명과학기술대학,생명공학전공,2,전공심화,전공심화,0004156001,식품공학개론,Introduction to Food Science and Technology,서명지,,,,75분,3,일반과목,e-Learning,상대평가,일반(1~15주),비대상
1691,생명과학기술대학,생명공학전공,2,전공심화,전공심화,0012009001,미생물공학,Microbial Engineering,이동택,제29호관 생명과학기술대학-505 강의실[29-505]," [29-505:월(2B-3),목(5B-6)]"," [29-505:월(10:30~11:45),목(13:30~14:45)]",75분,3,일반과목,강의(이론),상대평가,일반(1~15주),비대상
1692,생명과학기술대학,생명공학전공,3,전공핵심,전공핵심,0001636002,분자생물학,MOLECULAR BIOLOGY,장성호,제29호관 생명과학기술대학-505 강의실[29-505]," [29-505:화(8B-9),수(1-2A)]"," [29-505:화(16:30~17:45),수(09:00~10:15)]",75분,3,일반과목,온라인혼합형강좌,상대평가,일반(1~15주),비대상
1693,생명과학기술대학,생명공학전공,3,전공핵심,전공핵심,0005907001,생명공학세미나 1,Bioengineering Seminar 1,이동택,제29호관 생명과학기술대학-311 생명공학전공 강의실[29-311], [29-311:수(9)], [29-311:수(17:00~17:50)],50분(표준),1,일반과목,강의(이론),이수인정,일반(1~15주),비대상
1694,생명과학기술대학,생명공학전공,3,전공핵심,전공핵심,0006804001,생명공학실험 2,Bioengineering Laboratory 2,,제29호관 생명과학기술대학-302 생명공학전공 실험실[29-302], [29-302:월(5)(6)(7)(8)(9)], [29-302:월(13:00~13:50)(14:00~14:50)(15:00~15:50)(16:00~16:50)(17:00~17:50)],50분(표준),3,일반과목,이론실험실습,절대평가,일반(1~15주),비대상
1695,생명과학기술대학,생명공학전공,3,전공심화,전공심화,0001641001,발효공학,Fermentation Technology,서명지,제29호관 생명과학기술대학-507 강의실[29-507]," [29-507:화(5B-6),수(7-8A)]"," [29-507:화(13:30~14:45),수(15:00~16:15)]",75분,3,일반과목,강의(이론),상대평가,일반(1~15주),비대상
1696,생명과학기술대학,생명공학전공,3,전공심화,전공심화,0001653002,유전공학,Genetic Engineering,황병희,제29호관 생명과학기술대학-507 강의실[29-507]," [29-507:화(7-8A),수(5B-6)]"," [29-507:화(15:00~16:15),수(13:30~14:45)]",75분,3,일반과목,온라인혼합형강좌,절대평가,일반(1~15주),글로벌강의(ES)
1697,생명과학기술대학,생명공학전공,3,전공심화,전공심화,0005884001,의학공학,Biomedical Engineering/Medical Science,박경민,제29호관 생명과학기술대학-507 강의실[29-507]," [29-507:월(2B-3),화(2B-3)]"," [29-507:월(10:30~11:45),화(10:30~11:45)]",75분,3,일반과목,온라인혼합형강좌,상대평가,일반(1~15주),비대상
1698,생명과학기술대학,생명공학전공,4,전공심화,전공심화,0005908001,생체재료 및 조직공학,Biomaterials and Tissue Engineering,양기석,제29호관 생명과학기술대학-311 생명공학전공 강의실[29-311]," [29-311:화(2B-3),수(1-2A)]"," [29-311:화(10:30~11:45),수(09:00~10:15)]",75분,3,일반과목,강의(이론),절대평가,일반(1~15주),원어강의(EN)
1699,생명과학기술대학,생명공학전공,4,전공심화,전공심화,0012010001,생명공학캡스톤디자인,Bioengineering Capstone Design,장성호,제29호관 생명과학기술대학-311 생명공학전공 강의실[29-311]," [29-311:월(야1)(야2),화(야1)(야2)]"," [29-311:월(18:00~18:50)(18:55~19:45),화(18:00~18:50)(18:55~19:45)]",50분(표준),3,일반과목,이론실험실습,절대평가,일반(1~15주),원어강의(EN)
1700,생명과학기술대학,생명공학전공,4,전공심화,전공심화,0012010002,생명공학캡스톤디자인,Bioengineering Capstone Design,이동택,제29호관 생명과학기술대학-505 강의실[29-505]," [29-505:월(야1)(야2),화(야1)(야2)]"," [29-505:월(18:00~18:50)(18:55~19:45),화(18:00~18:50)(18:55~19:45)]",50분(표준),3,일반과목,이론실험실습,절대평가,일반(1~15주),원어강의(EN)
1701,생명과학기술대학,나노바이오공학전공,전학년,전공심화,전공심화,0009062066,RISE,RISE,이승호,,,,50분(표준),3,일반과목,RISE(시간표 없음),이수인정,일반(1~15주),비대상
1702,생명과학기술대학,나노바이오공학전공,전학년,전공심화,전공심화,0009062067,RISE,RISE,심민석,,,,50분(표준),3,일반과목,RISE(시간표 없음),이수인정,일반(1~15주),비대상
1703,생명과학기술대학,나노바이오공학전공,전학년,전공심화,전공심화,0009062068,RISE,RISE,양성구,,,,50분(표준),3,일반과목,RISE(시간표 없음),이수인정,일반(1~15주),비대상
1704,생명과학기술대학,나노바이오공학전공,전학년,전공심화,전공심화,0009062069,RISE,RISE,송영준,,,,50분(표준),3,일반과목,RISE(시간표 없음),이수인정,일반(1~15주),비대상
1705,생명과학기술대학,나노바이오공학전공,전학년,전공심화,전공심화,0009062070,RISE,RISE,김준섭,,,,50분(표준),3,일반과목,RISE(시간표 없음),이수인정,일반(1~15주),비대상
1706,생명과학기술대학,나노바이오공학전공,전학년,전공심화,전공심화,0009062071,RISE,RISE,한상길,,,,50분(표준),3,일반과목,RISE(시간표 없음),이수인정,일반(1~15주),비대상
1707,생명과학기술대학,나노바이오공학전공,1,전공기초,전공기초,BA06002001,일반물리학실험,GENERAL PHYSICS LABORATORY,함효식,제5호관 자연과학대학·생명과학기술대학-112 공통물리실험실-1[05-112], [05-112:화(2)(3)], [05-112:화(10:00~10:50)(11:00~11:50)],50분(표준),1,일반과목,실험실습,절대평가,일반(1~15주),비대상
1708,생명과학기술대학,나노바이오공학전공,1,전공기초,전공기초,BA06002002,일반물리학실험,GENERAL PHYSICS LABORATORY,권남오,제5호관 자연과학대학·생명과학기술대학-115 공통물리실험실-3[05-115], [05-115:화(2)(3)], [05-115:화(10:00~10:50)(11:00~11:50)],50분(표준),1,일반과목,실험실습,절대평가,일반(1~15주),비대상
1709,생명과학기술대학,나노바이오공학전공,1,전공기초,전공기초,BA06002003,일반물리학실험,GENERAL PHYSICS LABORATORY,송은선,제5호관 자연과학대학·생명과학기술대학-114 공통물리실험실-2[05-114], [05-114:화(2)(3)], [05-114:화(10:00~10:50)(11:00~11:50)],50분(표준),1,일반과목,실험실습,절대평가,일반(1~15주),비대상
1710,생명과학기술대학,나노바이오공학전공,2,전공핵심,전공핵심,0001621002,유기화학(1),Organic Chemistry(1),심민석,제29호관 생명과학기술대학-210 강의실[29-210]," [29-210:수(2B-3),목(4-5A)]"," [29-210:수(10:30~11:45),목(12:00~13:15)]",75분,3,일반과목,강의(이론),상대평가,일반(1~15주),비대상
1711,생명과학기술대학,나노바이오공학전공,2,전공핵심,전공핵심,0001798001,생화학,Biochemistry,권오윤,제29호관 생명과학기술대학-210 강의실[29-210], [29-210:월(7-8A)(8B-9)], [29-210:월(15:00~16:15)(16:30~17:45)],75분,3,일반과목,강의(이론),상대평가,일반(1~15주),비대상
1712,생명과학기술대학,나노바이오공학전공,2,전공핵심,전공핵심,0003794001,나노기초실험1,Nano-Engineering Basic Laboratory(1),송영준,제29호관 생명과학기술대학-604 나노소재기초실험실[29-604], [29-604:월(2)(3)], [29-604:월(10:00~10:50)(11:00~11:50)],50분(표준),1,일반과목,실험실습,절대평가,일반(1~15주),비대상
1713,생명과학기술대학,나노바이오공학전공,2,전공핵심,전공핵심,0003794002,나노기초실험1,Nano-Engineering Basic Laboratory(1),송영준,제29호관 생명과학기술대학-604 나노소재기초실험실[29-604], [29-604:월(5)(6)], [29-604:월(13:00~13:50)(14:00~14:50)],50분(표준),1,일반과목,실험실습,절대평가,일반(1~15주),비대상
1714,생명과학기술대학,나노바이오공학전공,2,전공심화,전공심화,0001786001,무기화학,Inorganic Chemistry,한상길,"제29호관 생명과학기술대학-210 강의실[29-210], 제29호관 생명과학기술대학-211 강의실[29-211]", [29-210:목(7-8A)] [29-211:화(8B-9)], [29-210:목(15:00~16:15)] [29-211:화(16:30~17:45)],75분,3,일반과목,강의(이론),상대평가,일반(1~15주),비대상
1715,생명과학기술대학,나노바이오공학전공,2,전공심화,전공심화,0009633001,일반미생물학,General Microbiology,김준섭,제29호관 생명과학기술대학-210 강의실[29-210]," [29-210:화(5B-6),목(2B-3)]"," [29-210:화(13:30~14:45),목(10:30~11:45)]",75분,3,일반과목,강의(이론),상대평가,일반(1~15주),글로벌강의(ES)
1716,생명과학기술대학,나노바이오공학전공,3,전공핵심,전공핵심,0003795001,나노바이오실험1,Nano-Bio Engineering Laboratory(1),이승호,제29호관 생명과학기술대학-618 나노바이오 기초실험실[29-618], [29-618:수(2)(3)], [29-618:수(10:00~10:50)(11:00~11:50)],50분(표준),1,일반과목,실험실습,상대평가,일반(1~15주),비대상
1717,생명과학기술대학,나노바이오공학전공,3,전공핵심,전공핵심,0003795002,나노바이오실험1,Nano-Bio Engineering Laboratory(1),이승호,제29호관 생명과학기술대학-618 나노바이오 기초실험실[29-618], [29-618:수(7)(8)], [29-618:수(15:00~15:50)(16:00~16:50)],50분(표준),1,일반과목,실험실습,상대평가,일반(1~15주),비대상
1718,생명과학기술대학,나노바이오공학전공,3,전공핵심,전공핵심,0004292001,세포생물학,Cell biology,이승호,제29호관 생명과학기술대학-210 강의실[29-210]," [29-210:월(5B-6),수(5B-6)]"," [29-210:월(13:30~14:45),수(13:30~14:45)]",75분,3,일반과목,강의(이론),상대평가,일반(1~15주),비대상
1719,생명과학기술대학,나노바이오공학전공,3,전공심화,전공심화,0005845001,뇌공학,Brain Engineering,양성구,제29호관 생명과학기술대학-210 강의실[29-210]," [29-210:월(2B-3),목(5B-6)]"," [29-210:월(10:30~11:45),목(13:30~14:45)]",75분,3,일반과목,강의(이론),절대평가,일반(1~15주),원어강의(EN)
1720,생명과학기술대학,나노바이오공학전공,3,전공심화,전공심화,0007832001,바이오 센서 공학,Biosensor Engineering,한상길,"제29호관 생명과학기술대학-210 강의실[29-210], 제29호관 생명과학기술대학-211 강의실[29-211]", [29-210:화(2B-3)] [29-211:목(2B-3)], [29-210:화(10:30~11:45)] [29-211:목(10:30~11:45)],75분,3,일반과목,강의(이론),상대평가,일반(1~15주),비대상
1721,생명과학기술대학,나노바이오공학전공,3,전공심화,전공심화,0009525001,바이오전자공학,bioelectronics engineering,,제29호관 생명과학기술대학-211 강의실[29-211], [29-211:화(5)(6)(7)], [29-211:화(13:00~13:50)(14:00~14:50)(15:00~15:50)],50분(표준),3,일반과목,강의(이론),상대평가,일반(1~15주),비대상
1722,생명과학기술대학,나노바이오공학전공,4,전공핵심,전공핵심,0011523001,종합설계및세미나1,Capstone Design for NanoBio Engineering 1,송영준,제29호관 생명과학기술대학-309 세미나실[29-309], [29-309:목(7)(8)], [29-309:목(15:00~15:50)(16:00~16:50)],50분(표준),1,일반과목,실험실습,절대평가,일반(1~15주),비대상
1723,생명과학기술대학,나노바이오공학전공,4,전공심화,전공심화,0001653003,유전공학,Genetic Engineering,김준섭,제29호관 생명과학기술대학-211 강의실[29-211]," [29-211:월(7-8A),목(5B-6)]"," [29-211:월(15:00~16:15),목(13:30~14:45)]",75분,3,일반과목,강의(이론),상대평가,일반(1~15주),글로벌강의(ES)
1724,생명과학기술대학,나노바이오공학전공,4,전공심화,전공심화,HE06046001,인체생리학,EXERCISE PHYSIOLOGY,양성구,"제29호관 생명과학기술대학-210 강의실[29-210], 제29호관 생명과학기술대학-211 강의실[29-211]", [29-210:목(1-2A)] [29-211:월(8B-9)], [29-210:목(09:00~10:15)] [29-211:월(16:30~17:45)],75분,3,일반과목,강의(이론),상대평가,일반(1~15주),비대상
1725,단과대구분없음,동북아국제통상전공,전학년,전공심화,전공심화,0009062072,RISE,RISE,김부용,,,,50분(표준),3,일반과목,RISE(시간표 없음),이수인정,일반(1~15주),비대상
1726,단과대구분없음,동북아국제통상전공,1,전공기초,전공기초,0010121001,경제학적사고와통계,Economic thinking and statistics,한도숙,제14호관 동북아경제·경영-224 강의실[14-224]," [14-224:화(8B-9),목(5B-6)]"," [14-224:화(16:30~17:45),목(13:30~14:45)]",75분,3,일반과목,강의(이론),상대평가,일반(1~15주),비대상
1727,단과대구분없음,동북아국제통상전공,1,전공기초,전공기초,KA06140001,경제학원론,PRINCIPLES OF ECONOMICS,김종인,제14호관 동북아경제·경영-224 강의실[14-224]," [14-224:월(8B-9),화(7-8A)]"," [14-224:월(16:30~17:45),화(15:00~16:15)]",75분,3,일반과목,강의(이론),상대평가,일반(1~15주),비대상
1728,단과대구분없음,동북아국제통상전공,1,전공심화,전공심화,KA06104001,중국어입문,INTRODUCTION TO CHINESE,전걸,제14호관 동북아경제·경영-116 강의실[14-116]," [14-116:월(6)(7),수(7)(8)]"," [14-116:월(14:00~14:50)(15:00~15:50),수(15:00~15:50)(16:00~16:50)]",50분(표준),3,일반과목,이론실험실습,절대평가,일반(1~15주),원어강의(EN)
1729,단과대구분없음,동북아국제통상전공,1,전공심화,전공심화,KA06105001,일본어입문,INTRODUCTION TO JAPANESE,기타우치 다이토,"제14호관 동북아경제·경영-218 강의실[14-218], 제14호관 동북아경제·경영-219 강의실[14-219]"," [14-218:화(5)(6),목(2)(3)] [14-219:금(3)(4)]"," [14-218:화(13:00~13:50)(14:00~14:50),목(10:00~10:50)(11:00~11:50)] [14-219:금(11:00~11:50)(12:00~12:50)]",50분(표준),3,일반과목,실험실습,절대평가,일반(1~15주),원어강의(EN)
1730,단과대구분없음,동북아국제통상전공,1,전공심화,전공심화,KA06106001,러시아어입문,INTRODUCTION TO RUSSIAN,정영순,"제14호관 동북아경제·경영-219 강의실[14-219], 제14호관 동북아경제·경영-224 강의실[14-224]", [14-219:목(2)(3)] [14-224:월(5)(6)], [14-219:목(10:00~10:50)(11:00~11:50)] [14-224:월(13:00~13:50)(14:00~14:50)],50분(표준),3,일반과목,이론실험실습,절대평가,일반(1~15주),원어강의(EN)
1731,단과대구분없음,동북아국제통상전공,2,전공핵심,전공핵심,KA06148001,거시경제론,MACROECONOMICS,김부용,제14호관 동북아경제·경영-224 강의실[14-224]," [14-224:월(7-8A),수(7-8A)]"," [14-224:월(15:00~16:15),수(15:00~16:15)]",75분,3,일반과목,강의(이론),절대평가,일반(1~15주),원어강의(EN)
1732,단과대구분없음,동북아국제통상전공,2,전공핵심,전공핵심,KA06169001,국제무역론,THEORY OF INTERNATIONAL TRADE,한도숙,제14호관 동북아경제·경영-224 강의실[14-224]," [14-224:화(5B-6),목(8B-9)]"," [14-224:화(13:30~14:45),목(16:30~17:45)]",75분,3,일반과목,강의(이론),절대평가,일반(1~15주),원어강의(EN)
1733,단과대구분없음,동북아국제통상전공,2,전공심화,전공심화,0000518001,중급러시아경제강독,Intermediate Reading in Russian Economy,성원용,제14호관 동북아경제·경영-219 강의실[14-219]," [14-219:화(8B-9),수(5B-6)]"," [14-219:화(16:30~17:45),수(13:30~14:45)]",75분,3,일반과목,강의(이론),상대평가,일반(1~15주),비대상
1734,단과대구분없음,동북아국제통상전공,2,전공심화,전공심화,0010119001,미중화폐금융론,US China Monetary and Financial System,김민수,제14호관 동북아경제·경영-220 강의실[14-220]," [14-220:화(9),목(4)(5)]"," [14-220:화(17:00~17:50),목(12:00~12:50)(13:00~13:50)]",50분(표준),3,일반과목,강의(이론),절대평가,일반(1~15주),원어강의(EN)
1735,단과대구분없음,동북아국제통상전공,2,전공심화,전공심화,0011568001,미국경제이론과정책,The American Economy theory and policy,한도숙,제14호관 동북아경제·경영-218 강의실[14-218]," [14-218:화(7-8A),수(8B-9)]"," [14-218:화(15:00~16:15),수(16:30~17:45)]",75분,3,일반과목,강의(이론),절대평가,일반(1~15주),원어강의(EN)
1736,단과대구분없음,동북아국제통상전공,2,전공심화,전공심화,0011569001,미시데이터분석,Econometrics for micro economic data,김지영,"제14호관 동북아경제·경영-220 강의실[14-220], 제14호관 동북아경제·경영-224 강의실[14-224]", [14-220:월(4-5A)] [14-224:목(1-2A)], [14-220:월(12:00~13:15)] [14-224:목(09:00~10:15)],75분,3,일반과목,강의(이론),절대평가,일반(1~15주),원어강의(EN)
1737,단과대구분없음,동북아국제통상전공,2,전공심화,전공심화,KA06068001,중급중국어회화,INTERMEDIATE CHINESE CONVERSATION,전걸,제14호관 동북아경제·경영-116 강의실[14-116]," [14-116:화(3)(4),수(9)(야1)]"," [14-116:화(11:00~11:50)(12:00~12:50),수(17:00~17:50)(18:00~18:50)]",50분(표준),2,일반과목,실험실습,절대평가,일반(1~15주),원어강의(EN)
1738,단과대구분없음,동북아국제통상전공,2,전공심화,전공심화,KA06077001,중급일본어회화,INTERMEDIATE JAPANESE CONVERSATION,기타우치 다이토,제14호관 동북아경제·경영-218 강의실[14-218]," [14-218:화(3)(4),목(4)(5)]"," [14-218:화(11:00~11:50)(12:00~12:50),목(12:00~12:50)(13:00~13:50)]",50분(표준),2,일반과목,실험실습,절대평가,일반(1~15주),원어강의(EN)
1739,단과대구분없음,동북아국제통상전공,2,전공심화,전공심화,KA06086001,중급러시아어회화,INTERMEDIATE RUSSIAN CONVERSATION,정영순,제14호관 동북아경제·경영-219 강의실[14-219]," [14-219:화(1)(2),목(6)(7)]"," [14-219:화(09:00~09:50)(10:00~10:50),목(14:00~14:50)(15:00~15:50)]",50분(표준),2,일반과목,실험실습,절대평가,일반(1~15주),원어강의(EN)
1740,단과대구분없음,동북아국제통상전공,2,전공심화,전공심화,KA06147001,중급영어회화,INTERMEDIATE ENGLISH,Cruz Jr Fidel Richard,제14호관 동북아경제·경영-224 강의실[14-224]," [14-224:수(1)(2),금(8)(9)]"," [14-224:수(09:00~09:50)(10:00~10:50),금(16:00~16:50)(17:00~17:50)]",50분(표준),2,일반과목,실험실습,절대평가,일반(1~15주),원어강의(EN)
1741,단과대구분없음,동북아국제통상전공,2,전공심화,전공심화,KAA6027001,한중경제관계론,KOREA-CHINA ECONOMIC RELATIONS,김민수,제14호관 동북아경제·경영-220 강의실[14-220]," [14-220:화(7-8A),목(7-8A)]"," [14-220:화(15:00~16:15),목(15:00~16:15)]",75분,3,일반과목,강의(이론),상대평가,일반(1~15주),비대상
1742,단과대구분없음,동북아국제통상전공,2,전공심화,전공심화,KAA6032001,중국어독해작문(2),CHINESE READING AND WRITING(2),전걸,제14호관 동북아경제·경영-116 강의실[14-116]," [14-116:월(9)(야1),화(1)(2)]"," [14-116:월(17:00~17:50)(18:00~18:50),화(09:00~09:50)(10:00~10:50)]",50분(표준),2,일반과목,실험실습,절대평가,일반(1~15주),원어강의(EN)
1743,단과대구분없음,동북아국제통상전공,2,전공심화,전공심화,KAA6033001,일본어독해작문(2),JAPANESE READING AND WRITING(2),기타우치 다이토,"제14호관 동북아경제·경영-218 강의실[14-218], 제14호관 동북아경제·경영-219 강의실[14-219]", [14-218:목(6)(7)] [14-219:금(1)(2)], [14-218:목(14:00~14:50)(15:00~15:50)] [14-219:금(09:00~09:50)(10:00~10:50)],50분(표준),2,일반과목,실험실습,절대평가,일반(1~15주),원어강의(EN)
1744,단과대구분없음,동북아국제통상전공,2,전공심화,전공심화,KAB6024001,일본경제론,JAPANESE ECONOMICS,김종인,"제14호관 동북아경제·경영-218 강의실[14-218], 제14호관 동북아경제·경영-219 강의실[14-219]", [14-218:화(8B-9)] [14-219:수(8B-9)], [14-218:화(16:30~17:45)] [14-219:수(16:30~17:45)],75분,3,일반과목,강의(이론),상대평가,일반(1~15주),비대상
1745,단과대구분없음,동북아국제통상전공,2,전공심화,전공심화,KAC6024001,러시아경제론,RUSSIAN ECONOMICS,성원용,제14호관 동북아경제·경영-219 강의실[14-219]," [14-219:화(7-8A),수(2B-3)]"," [14-219:화(15:00~16:15),수(10:30~11:45)]",75분,3,일반과목,강의(이론),상대평가,일반(1~15주),비대상
1746,단과대구분없음,동북아국제통상전공,2,전공심화,전공심화,KAC6031001,러시아어독해작문(2),RUSSIAN READING AND WRITING(2),정영순,제14호관 동북아경제·경영-219 강의실[14-219]," [14-219:화(3)(4),목(4)(5)]"," [14-219:화(11:00~11:50)(12:00~12:50),목(12:00~12:50)(13:00~13:50)]",50분(표준),2,일반과목,실험실습,절대평가,일반(1~15주),원어강의(EN)
1747,단과대구분없음,동북아국제통상전공,2,전공심화,전공심화,KAD6025001,영어독해작문(2),ENGLISH READING AND WRITING(2),Cruz Jr Fidel Richard,"제14호관 동북아경제·경영-218 강의실[14-218], 제14호관 동북아경제·경영-224 강의실[14-224]", [14-218:금(1)(2)] [14-224:수(3)(4)], [14-218:금(09:00~09:50)(10:00~10:50)] [14-224:수(11:00~11:50)(12:00~12:50)],50분(표준),2,일반과목,실험실습,절대평가,일반(1~15주),원어강의(EN)
1748,단과대구분없음,동북아국제통상전공,3,전공심화,전공심화,0011570001,금융데이터분석,Financial Data Analysis,국세정,제14호관 동북아경제·경영-117 컴퓨터실-1(컴퓨터실)[14-117], [14-117:목(4)(5)(6)], [14-117:목(12:00~12:50)(13:00~13:50)(14:00~14:50)],50분(표준),3,일반과목,강의(이론),상대평가,일반(1~15주),비대상
1749,단과대구분없음,동북아국제통상전공,4,전공심화,전공심화,0006703001,동북아지역통합,Northeast Asian Economic Integration,김하늬,제14호관 동북아경제·경영-218 강의실[14-218], [14-218:수(1)(2)(3)], [14-218:수(09:00~09:50)(10:00~10:50)(11:00~11:50)],50분(표준),3,일반과목,강의(이론),절대평가,일반(1~15주),원어강의(EN)
1750,단과대구분없음,동북아국제통상전공,4,전공심화,전공심화,0011571001,거시자료분석,Analysis on Macroeconomic Data and Articles,김부용,제14호관 동북아경제·경영-220 강의실[14-220]," [14-220:월(8B-9),수(8B-9)]"," [14-220:월(16:30~17:45),수(16:30~17:45)]",75분,3,일반과목,강의(이론),상대평가,일반(1~15주),비대상
1751,단과대구분없음,동북아국제통상전공,4,전공심화,전공심화,0011574001,미국경제의어제와오늘,The United States of America Economy past present and future,한도숙,"제14호관 동북아경제·경영-218 강의실[14-218], 제14호관 동북아경제·경영-224 강의실[14-224]", [14-218:수(7-8A)] [14-224:목(7-8A)], [14-218:수(15:00~16:15)] [14-224:목(15:00~16:15)],75분,3,일반과목,강의(이론),절대평가,일반(1~15주),원어강의(EN)
1752,단과대구분없음,동북아국제통상전공,4,전공심화,전공심화,0011575001,일본경제이슈와관점,Japanese economic issues and perspectives,김종인,"제14호관 동북아경제·경영-219 강의실[14-219], 제14호관 동북아경제·경영-220 강의실[14-220]", [14-219:수(7-8A)] [14-220:월(7-8A)], [14-219:수(15:00~16:15)] [14-220:월(15:00~16:15)],75분,3,일반과목,강의(이론),상대평가,일반(1~15주),비대상
1753,단과대구분없음,동북아국제통상전공,4,전공심화,전공심화,0012474001,국제관계캡스톤디자인프로젝트,International Relations Capstone Design Project,,제14호관 동북아경제·경영-224 강의실[14-224], [14-224:금(1)(2)(3)(4)], [14-224:금(09:00~09:50)(10:00~10:50)(11:00~11:50)(12:00~12:50)],50분(표준),3,일반과목,이론실험실습,이수인정,일반(1~15주),비대상
1754,단과대구분없음,동북아국제통상전공,4,전공심화,전공심화,0012475001,국제통상캡스톤디자인,International Commerce Capstone Design,김지영,제14호관 동북아경제·경영-224 강의실[14-224]," [14-224:월(1)(2)(3),목(3)]"," [14-224:월(09:00~09:50)(10:00~10:50)(11:00~11:50),목(11:00~11:50)]",50분(표준),3,일반과목,이론실험실습,이수인정,일반(1~15주),비대상
1755,단과대구분없음,스마트물류공학전공,1,전공기초,전공기초,0011097005,자기설계세미나,Self Design Seminar,김우중,제14호관 동북아경제·경영-414 세미나실[14-414], [14-414:화(9)], [14-414:화(17:00~17:50)],50분(표준),1,일반과목,자기설계세미나,이수인정,일반(1~15주),비대상
1756,단과대구분없음,스마트물류공학전공,1,전공기초,전공기초,0011528001,스마트물류개론,Introduction to Smart Logistics,송상화,제14호관 동북아경제·경영-121 강의실[14-121]," [14-121:월(2B-3),수(2B-3)]"," [14-121:월(10:30~11:45),수(10:30~11:45)]",75분,3,일반과목,강의(이론),상대평가,일반(1~15주),비대상
1757,단과대구분없음,스마트물류공학전공,2,전공핵심,전공핵심,0009933001,데이터분석,Data Analytics ,서한석,제14호관 동북아경제·경영-508 전산실[14-508], [14-508:목(5)(6)(7)], [14-508:목(13:00~13:50)(14:00~14:50)(15:00~15:50)],50분(표준),3,일반과목,강의(이론),상대평가,일반(1~15주),비대상
1758,단과대구분없음,스마트물류공학전공,2,전공핵심,전공핵심,VAC2011001,화물운송론,FREIGHT TRANSPORTATION,이향숙,제14호관 동북아경제·경영-104 강의실(물류대학원)[14-104]," [14-104:월(5B-6),화(4-5A)]"," [14-104:월(13:30~14:45),화(12:00~13:15)]",75분,3,일반과목,강의(이론),상대평가,일반(1~15주),비대상
1759,단과대구분없음,스마트물류공학전공,2,전공심화,전공심화,0009543001,물류운영관리,Operations Management for Logistics,민윤홍,제14호관 동북아경제·경영-104 강의실(물류대학원)[14-104]," [14-104:수(2B-3),목(2B-3)]"," [14-104:수(10:30~11:45),목(10:30~11:45)]",75분,3,일반과목,강의(이론),상대평가,일반(1~15주),비대상
1760,단과대구분없음,스마트물류공학전공,2,전공심화,전공심화,0011529001,물류와모빌리티,Logistics and Mobility,안승범,제14호관 동북아경제·경영-104 강의실(물류대학원)[14-104]," [14-104:월(7-8A),화(2B-3)]"," [14-104:월(15:00~16:15),화(10:30~11:45)]",75분,3,일반과목,강의(이론),상대평가,일반(1~15주),비대상
1761,단과대구분없음,스마트물류공학전공,2,전공심화,전공심화,VAC2005001,해상운송론,MARINTIME TRANSPORTATION,이해찬,제14호관 동북아경제·경영-104 강의실(물류대학원)[14-104], [14-104:수(7)(8)(9)], [14-104:수(15:00~15:50)(16:00~16:50)(17:00~17:50)],50분(표준),3,일반과목,강의(이론),상대평가,일반(1~15주),비대상
1762,단과대구분없음,스마트물류공학전공,3,전공핵심,전공핵심,JA06012006,경영과학,MANAGEMENT SCIENCE,민윤홍,제14호관 동북아경제·경영-121 강의실[14-121]," [14-121:수(5B-6),목(5B-6)]"," [14-121:수(13:30~14:45),목(13:30~14:45)]",75분,3,일반과목,강의(이론),상대평가,일반(1~15주),비대상
1763,단과대구분없음,스마트물류공학전공,3,전공핵심,전공핵심,VAC2008001,계량물류분석론,QUANTITATIVE LOGISTICS ANALYSIS,송상화,제14호관 동북아경제·경영-104 강의실(물류대학원)[14-104]," [14-104:화(8B-9),목(8B-9)]"," [14-104:화(16:30~17:45),목(16:30~17:45)]",75분,3,일반과목,강의(이론),상대평가,일반(1~15주),비대상
1764,단과대구분없음,스마트물류공학전공,3,전공심화,전공심화,0011531001,프로젝트투자및관리,Project Investment and Management,김우중,제14호관 동북아경제·경영-121 강의실[14-121]," [14-121:화(7-8A),목(7-8A)]"," [14-121:화(15:00~16:15),목(15:00~16:15)]",75분,3,일반과목,강의(이론),상대평가,일반(1~15주),비대상
1765,단과대구분없음,스마트물류공학전공,4,전공핵심,전공핵심,0011532001,물류비즈니스분석,Business Analysis in Logistics,서진성,제14호관 동북아경제·경영-104 강의실(물류대학원)[14-104], [14-104:월(야1)(야2)(야3)], [14-104:월(18:00~18:50)(18:55~19:45)(19:50~20:40)],50분(표준),3,일반과목,강의(이론),상대평가,일반(1~15주),비대상
1766,단과대구분없음,스마트물류공학전공,4,전공핵심,전공핵심,EL06022001,시뮬레이션,SIMULATION,민윤홍,제14호관 동북아경제·경영-121 강의실[14-121]," [14-121:수(8B-9),목(8B-9)]"," [14-121:수(16:30~17:45),목(16:30~17:45)]",75분,3,일반과목,강의(이론),상대평가,일반(1~15주),비대상
1767,단과대구분없음,스마트물류공학전공,4,전공심화,전공심화,0011533001,물류GIS,Logistics GIS,이향숙,제14호관 동북아경제·경영-508 전산실[14-508]," [14-508:월(7-8A),화(7-8A)]"," [14-508:월(15:00~16:15),화(15:00~16:15)]",75분,3,일반과목,강의(이론),상대평가,일반(1~15주),비대상
1768,단과대구분없음,IBE전공,전학년,전공심화,전공심화,0009062073,RISE,RISE,김윤경,,,,50분(표준),3,일반과목,RISE(시간표 없음),이수인정,일반(1~15주),원어강의(EN)
1769,단과대구분없음,IBE전공,1,전공기초,전공기초,0011097006,자기설계세미나,Self Design Seminar,권재현,제14호관 동북아경제·경영-220 강의실[14-220], [14-220:수(7)], [14-220:수(15:00~15:50)],50분(표준),1,일반과목,자기설계세미나,절대평가,일반(1~15주),원어강의(EN)
1770,단과대구분없음,IBE전공,1,전공기초,전공기초,0011541001,경제지표와시각화1,Economic Data 1,최재용,제14호관 동북아경제·경영-117 컴퓨터실-1(컴퓨터실)[14-117], [14-117:금(4)(5)(6)], [14-117:금(12:00~12:50)(13:00~13:50)(14:00~14:50)],50분(표준),3,일반과목,강의(이론),절대평가,일반(1~15주),원어강의(EN)
1771,단과대구분없음,IBE전공,1,전공심화,전공심화,0010124001,한국어입문1,Introduction to Korean 1,명희원,"제14호관 동북아경제·경영-116 강의실[14-116], 제14호관 동북아경제·경영-117 컴퓨터실-1(컴퓨터실)[14-117]", [14-116:목(6)] [14-117:화(2)(3)], [14-116:목(14:00~14:50)] [14-117:화(10:00~10:50)(11:00~11:50)],50분(표준),2,일반과목,이론실험실습,절대평가,일반(1~15주),원어강의(EN)
1772,단과대구분없음,IBE전공,1,전공심화,전공심화,0010127001,초급한국어회화1,elementary level of Korean conversation 1,명희원,제14호관 동북아경제·경영-116 강의실[14-116]," [14-116:화(7)(8),목(4)]"," [14-116:화(15:00~15:50)(16:00~16:50),목(12:00~12:50)]",50분(표준),2,일반과목,이론실험실습,절대평가,일반(1~15주),원어강의(EN)
1773,단과대구분없음,IBE전공,2,전공기초,전공기초,0010129001,중급한국어회화1,Intermediate level of Korean conversation 1,명희원,제14호관 동북아경제·경영-116 강의실[14-116]," [14-116:화(6),목(7)(8)]"," [14-116:화(14:00~14:50),목(15:00~15:50)(16:00~16:50)]",50분(표준),2,일반과목,이론실험실습,절대평가,일반(1~15주),원어강의(EN)
1774,단과대구분없음,IBE전공,2,전공핵심,전공핵심,0008815001,경제학원론1,INTRODUCTORY ECONOMICS 1,김윤경,제14호관 동북아경제·경영-220 강의실[14-220]," [14-220:화(2B-3),금(2B-3)]"," [14-220:화(10:30~11:45),금(10:30~11:45)]",75분,3,일반과목,온라인혼합형강좌,절대평가,일반(1~15주),원어강의(EN)
1775,단과대구분없음,IBE전공,2,전공핵심,전공핵심,0011542001,재무수학,Financial Mathematics,권재현,제14호관 동북아경제·경영-220 강의실[14-220]," [14-220:월(1-2A),수(1-2A)]"," [14-220:월(09:00~10:15),수(09:00~10:15)]",75분,3,일반과목,강의(이론),절대평가,일반(1~15주),원어강의(EN)
1776,단과대구분없음,IBE전공,2,전공심화,전공심화,0011544001,응용경제통계학,Statistics for Business Economics,권재현,제14호관 동북아경제·경영-220 강의실[14-220]," [14-220:수(5B-6),목(야1-2A)]"," [14-220:수(13:30~14:45),목(18:00~19:15)]",75분,3,일반과목,온라인혼합형강좌,절대평가,일반(1~15주),원어강의(EN)
1777,단과대구분없음,IBE전공,2,전공심화,전공심화,0012015001,실용대학한국어,Practical Academic Korean,명희원,"제14호관 동북아경제·경영-116 강의실[14-116], 제14호관 동북아경제·경영-117 컴퓨터실-1(컴퓨터실)[14-117]", [14-116:목(2)(3)] [14-117:화(4)], [14-116:목(10:00~10:50)(11:00~11:50)] [14-117:화(12:00~12:50)],50분(표준),2,일반과목,이론실험실습,절대평가,일반(1~15주),원어강의(EN)
1778,단과대구분없음,IBE전공,3,전공핵심,전공핵심,0011546001,기업재무,Corporate Finance,김윤경,제14호관 동북아경제·경영-220 강의실[14-220]," [14-220:화(4-5A),금(4-5A)]"," [14-220:화(12:00~13:15),금(12:00~13:15)]",75분,3,일반과목,온라인혼합형강좌,절대평가,일반(1~15주),원어강의(EN)
1779,단과대구분없음,IBE전공,3,전공심화,전공심화,0011547001,IBE커뮤니케이션,Business Communication,차형석,제14호관 동북아경제·경영-219 강의실[14-219], [14-219:월(4)(5)(6)], [14-219:월(12:00~12:50)(13:00~13:50)(14:00~14:50)],50분(표준),3,일반과목,강의(이론),절대평가,일반(1~15주),원어강의(EN)
1780,단과대구분없음,IBE전공,3,전공심화,전공심화,0011548001,금융시장학,Financial Markets,최재용,제14호관 동북아경제·경영-116 강의실[14-116], [14-116:금(7)(8)(9)], [14-116:금(15:00~15:50)(16:00~16:50)(17:00~17:50)],50분(표준),3,일반과목,강의(이론),절대평가,일반(1~15주),원어강의(EN)
1781,단과대구분없음,IBE전공,3,전공심화,전공심화,0011549001,마케팅과학,Marketing Science,차형석,제14호관 동북아경제·경영-219 강의실[14-219], [14-219:월(1)(2)(3)], [14-219:월(09:00~09:50)(10:00~10:50)(11:00~11:50)],50분(표준),3,일반과목,강의(이론),절대평가,일반(1~15주),원어강의(EN)
1782,단과대구분없음,IBE전공,4,전공심화,전공심화,0011552001,경쟁과전략,Competition and Strategy,권재현,제14호관 동북아경제·경영-220 강의실[14-220]," [14-220:화(야1-2A),수(2B-3)]"," [14-220:화(18:00~19:15),수(10:30~11:45)]",75분,3,일반과목,온라인혼합형강좌,절대평가,일반(1~15주),원어강의(EN)
1783,단과대구분없음,IBE전공,4,전공심화,전공심화,0011564001,동아시아특강,Topics in Asian Economies,이호철,제14호관 동북아경제·경영-219 강의실[14-219], [14-219:월(7)(8)(9)], [14-219:월(15:00~15:50)(16:00~16:50)(17:00~17:50)],50분(표준),3,일반과목,강의(이론),절대평가,일반(1~15주),원어강의(EN)
1784,융합자유전공대학,자유전공학부,1,전공심화,전공심화,0012013001,전공설계세미나,Major Design Seminar,홍다현,제19호관 융합자유전공대학·국제교류관-107 강의실[19-107], [19-107:월(4-5A)(5B-6)], [19-107:월(12:00~13:15)(13:30~14:45)],75분,3,일반과목,강의(이론),절대평가,일반(1~15주),비대상
1785,융합자유전공대학,자유전공학부,1,전공심화,전공심화,0012013002,전공설계세미나,Major Design Seminar,홍다현,제19호관 융합자유전공대학·국제교류관-107 강의실[19-107], [19-107:화(1-2A)(2B-3)], [19-107:화(09:00~10:15)(10:30~11:45)],75분,3,일반과목,강의(이론),절대평가,일반(1~15주),비대상
1786,융합자유전공대학,자유전공학부,1,전공심화,전공심화,0012013003,전공설계세미나,Major Design Seminar,홍다현,제19호관 융합자유전공대학·국제교류관-107 강의실[19-107], [19-107:화(4-5A)(5B-6)], [19-107:화(12:00~13:15)(13:30~14:45)],75분,3,일반과목,강의(이론),절대평가,일반(1~15주),비대상
1787,융합자유전공대학,자유전공학부,1,전공심화,전공심화,0012013004,전공설계세미나,Major Design Seminar,주현식,제19호관 융합자유전공대학·국제교류관-107 강의실[19-107], [19-107:목(1-2A)(2B-3)], [19-107:목(09:00~10:15)(10:30~11:45)],75분,3,일반과목,강의(이론),절대평가,일반(1~15주),비대상
1788,융합자유전공대학,자유전공학부,1,전공심화,전공심화,0012013005,전공설계세미나,Major Design Seminar,주현식,제19호관 융합자유전공대학·국제교류관-107 강의실[19-107], [19-107:목(4-5A)(5B-6)], [19-107:목(12:00~13:15)(13:30~14:45)],75분,3,일반과목,강의(이론),절대평가,일반(1~15주),비대상
1789,융합자유전공대학,자유전공학부,1,전공심화,전공심화,0012013006,전공설계세미나,Major Design Seminar,주현식,제19호관 융합자유전공대학·국제교류관-107 강의실[19-107], [19-107:목(7-8A)(8B-9)], [19-107:목(15:00~16:15)(16:30~17:45)],75분,3,일반과목,강의(이론),절대평가,일반(1~15주),비대상
1790,융합자유전공대학,자유전공학부,1,전공심화,전공심화,0012013007,전공설계세미나,Major Design Seminar,양선진,제19호관 융합자유전공대학·국제교류관-108 강의실[19-108], [19-108:목(1-2A)(2B-3)], [19-108:목(09:00~10:15)(10:30~11:45)],75분,3,일반과목,강의(이론),절대평가,일반(1~15주),비대상
1791,융합자유전공대학,자유전공학부,1,전공심화,전공심화,0012013008,전공설계세미나,Major Design Seminar,양선진,제19호관 융합자유전공대학·국제교류관-108 강의실[19-108], [19-108:목(4-5A)(5B-6)], [19-108:목(12:00~13:15)(13:30~14:45)],75분,3,일반과목,강의(이론),절대평가,일반(1~15주),비대상
1792,융합자유전공대학,자유전공학부,1,전공심화,전공심화,0012013009,전공설계세미나,Major Design Seminar,양선진,제19호관 융합자유전공대학·국제교류관-108 강의실[19-108], [19-108:목(7-8A)(8B-9)], [19-108:목(15:00~16:15)(16:30~17:45)],75분,3,일반과목,강의(이론),절대평가,일반(1~15주),비대상
1793,단과대구분없음(법학),법학부,1,전공기초,전공기초,DA06023001,민법총칙,GENERAL PRINCIPLES OF CIVIL LAW,맹광호,제13호관 사회과학·글로벌정경대학-218 모의법정[13-218], [13-218:목(2B-3)(4-5A)], [13-218:목(10:30~11:45)(12:00~13:15)],75분,3,일반과목,강의(이론),상대평가,일반(1~15주),비대상
1794,단과대구분없음(법학),법학부,1,전공기초,전공기초,DA06023002,민법총칙,GENERAL PRINCIPLES OF CIVIL LAW,맹광호,제13호관 사회과학·글로벌정경대학-218 모의법정[13-218], [13-218:목(7-8A)(8B-9)], [13-218:목(15:00~16:15)(16:30~17:45)],75분,3,일반과목,강의(이론),상대평가,일반(1~15주),비대상
1795,단과대구분없음(법학),법학부,1,전공기초,전공기초,DA06033001,법학개론,INTRODUCTION TO LAW,노영돈,제13호관 사회과학·글로벌정경대학-218 모의법정[13-218]," [13-218:화(5B-6),수(2B-3)]"," [13-218:화(13:30~14:45),수(10:30~11:45)]",75분,3,일반과목,강의(이론),상대평가,일반(1~15주),비대상
1796,단과대구분없음(법학),법학부,1,전공기초,전공기초,DA06033002,법학개론,INTRODUCTION TO LAW,노영돈,제13호관 사회과학·글로벌정경대학-218 모의법정[13-218]," [13-218:화(7-8A),수(4-5A)]"," [13-218:화(15:00~16:15),수(12:00~13:15)]",75분,3,일반과목,강의(이론),상대평가,일반(1~15주),비대상
1797,단과대구분없음(법학),법학부,2,전공핵심,전공핵심,DA06044001,상법총론,GENERAL PRINCIPLES OF COMMERCIAL LAW,,제13호관 사회과학·글로벌정경대학-218 모의법정[13-218]," [13-218:화(2B-3),수(1-2A)]"," [13-218:화(10:30~11:45),수(09:00~10:15)]",75분,3,일반과목,강의(이론),상대평가,일반(1~15주),비대상
1798,단과대구분없음(법학),법학부,2,전공핵심,전공핵심,DA06044002,상법총론,GENERAL PRINCIPLES OF COMMERCIAL LAW,,제13호관 사회과학·글로벌정경대학-217 강의실(소)[13-217]," [13-217:화(1-2A),수(2B-3)]"," [13-217:화(09:00~10:15),수(10:30~11:45)]",75분,3,일반과목,강의(이론),상대평가,일반(1~15주),비대상
1799,단과대구분없음(법학),법학부,2,전공심화,전공심화,0009980001,물권법2,Property Law2,진도왕,제13호관 사회과학·글로벌정경대학-527 세미나실-9[13-527]," [13-527:월(5B-6),화(5B-6)]"," [13-527:월(13:30~14:45),화(13:30~14:45)]",75분,3,일반과목,강의(이론),상대평가,일반(1~15주),비대상
1800,단과대구분없음(법학),법학부,2,전공심화,전공심화,0009980002,물권법2,Property Law2,진도왕,제13호관 사회과학·글로벌정경대학-527 세미나실-9[13-527]," [13-527:월(7-8A),화(7-8A)]"," [13-527:월(15:00~16:15),화(15:00~16:15)]",75분,3,일반과목,강의(이론),상대평가,일반(1~15주),비대상
1801,단과대구분없음(법학),법학부,2,전공심화,전공심화,DA06063001,헌법(2),CONSTITUTIONAL LAW(2),김영진,제13호관 사회과학·글로벌정경대학-322 강의실(소)[13-322]," [13-322:수(7-8A),목(4-5A)]"," [13-322:수(15:00~16:15),목(12:00~13:15)]",75분,3,일반과목,강의(이론),상대평가,일반(1~15주),비대상
1802,단과대구분없음(법학),법학부,2,전공심화,전공심화,DA06063002,헌법(2),CONSTITUTIONAL LAW(2),김영진,제13호관 사회과학·글로벌정경대학-322 강의실(소)[13-322]," [13-322:수(8B-9),목(5B-6)]"," [13-322:수(16:30~17:45),목(13:30~14:45)]",75분,3,일반과목,강의(이론),상대평가,일반(1~15주),비대상
1803,단과대구분없음(법학),법학부,2,전공심화,전공심화,DA06067001,형법각론,PARTICULARS OF CRIMINAL LAW,정배근,제13호관 사회과학·글로벌정경대학-527 세미나실-9[13-527]," [13-527:월(2B-3),수(2B-3)]"," [13-527:월(10:30~11:45),수(10:30~11:45)]",75분,3,일반과목,강의(이론),상대평가,일반(1~15주),비대상
1804,단과대구분없음(법학),법학부,2,전공심화,전공심화,DA06067002,형법각론,PARTICULARS OF CRIMINAL LAW,정배근,제13호관 사회과학·글로벌정경대학-217 강의실(소)[13-217]," [13-217:월(5B-6),수(5B-6)]"," [13-217:월(13:30~14:45),수(13:30~14:45)]",75분,3,일반과목,강의(이론),상대평가,일반(1~15주),비대상
1805,단과대구분없음(법학),법학부,3,전공핵심,전공핵심,DA06026001,민사소송법(1),CIVIL PROCEDURE(1),김호,제13호관 사회과학·글로벌정경대학-322 강의실(소)[13-322]," [13-322:월(4-5A),화(7-8A)]"," [13-322:월(12:00~13:15),화(15:00~16:15)]",75분,3,일반과목,강의(이론),상대평가,일반(1~15주),비대상
1806,단과대구분없음(법학),법학부,3,전공핵심,전공핵심,DA06026002,민사소송법(1),CIVIL PROCEDURE(1),김호,제13호관 사회과학·글로벌정경대학-322 강의실(소)[13-322]," [13-322:월(5B-6),화(8B-9)]"," [13-322:월(13:30~14:45),화(16:30~17:45)]",75분,3,일반과목,강의(이론),상대평가,일반(1~15주),비대상
1807,단과대구분없음(법학),법학부,3,전공핵심,전공핵심,DA06071001,형사소송법,CRIMINAL PROCEDURE,정배근,제13호관 사회과학·글로벌정경대학-527 세미나실-9[13-527]," [13-527:화(8B-9),목(4-5A)]"," [13-527:화(16:30~17:45),목(12:00~13:15)]",75분,3,일반과목,강의(이론),상대평가,일반(1~15주),비대상
1808,단과대구분없음(법학),법학부,3,전공심화,전공심화,0010073001,노동법2,Labor Law 2,이태현,제13호관 사회과학·글로벌정경대학-527 세미나실-9[13-527]," [13-527:화(4-5A),목(2B-3)]"," [13-527:화(12:00~13:15),목(10:30~11:45)]",75분,3,일반과목,강의(이론),상대평가,일반(1~15주),비대상
1809,단과대구분없음(법학),법학부,3,전공심화,전공심화,DA06003001,국제거래법,INTERNATIONAL TRANSACTION LAW,장석영,제13호관 사회과학·글로벌정경대학-217 강의실(소)[13-217]," [13-217:화(5B-6),목(5B-6)]"," [13-217:화(13:30~14:45),목(13:30~14:45)]",75분,3,일반과목,강의(이론),상대평가,일반(1~15주),비대상
1810,단과대구분없음(법학),법학부,3,전공심화,전공심화,DA06006001,국제법(2),INTERNATIONAL LAW(2),,제13호관 사회과학·글로벌정경대학-322 강의실(소)[13-322], [13-322:금(2B-3)(4-5A)], [13-322:금(10:30~11:45)(12:00~13:15)],75분,3,일반과목,강의(이론),상대평가,일반(1~15주),비대상
1811,단과대구분없음(법학),법학부,3,전공심화,전공심화,DA06059001,채권각론,PATRICULARS OF CONTRACTS AND TORTS LAW,맹광호,제13호관 사회과학·글로벌정경대학-321 세미나실[13-321], [13-321:화(2B-3)(4-5A)], [13-321:화(10:30~11:45)(12:00~13:15)],75분,3,일반과목,강의(이론),상대평가,일반(1~15주),비대상
1812,단과대구분없음(법학),법학부,3,전공심화,전공심화,DA06073001,환경법,LAW OF ENVIRONMENTAL,남상택,제13호관 사회과학·글로벌정경대학-322 강의실(소)[13-322], [13-322:금(5B-6)(7-8A)], [13-322:금(13:30~14:45)(15:00~16:15)],75분,3,일반과목,강의(이론),상대평가,일반(1~15주),비대상
1813,단과대구분없음(법학),법학부,3,전공심화,전공심화,DA06080001,행정법각론,PARTICULARS OF ADMINISTRATIVE LAW,김수진,제13호관 사회과학·글로벌정경대학-321 세미나실[13-321]," [13-321:수(2B-3),목(2B-3)]"," [13-321:수(10:30~11:45),목(10:30~11:45)]",75분,3,일반과목,강의(이론),상대평가,일반(1~15주),비대상
1814,단과대구분없음(법학),법학부,3,전공심화,전공심화,DA06146001,국제투자법,INTERNATIONAL INVESTMENT LAW,장석영,제13호관 사회과학·글로벌정경대학-218 모의법정[13-218]," [13-218:월(7-8A),수(7-8A)]"," [13-218:월(15:00~16:15),수(15:00~16:15)]",75분,3,일반과목,강의(이론),상대평가,일반(1~15주),비대상
1815,단과대구분없음(법학),법학부,4,전공심화,전공심화,0004947001,법여성학,Feminist jurisprudence,김수진,제13호관 사회과학·글로벌정경대학-321 세미나실[13-321]," [13-321:화(7-8A),수(7-8A)]"," [13-321:화(15:00~16:15),수(15:00~16:15)]",75분,3,일반과목,강의(이론),상대평가,일반(1~15주),비대상
1816,단과대구분없음(법학),법학부,4,전공심화,전공심화,0012481001,산업재해보상보험법,Industrial Accident Compensation Insurance Act,이태현,제13호관 사회과학·글로벌정경대학-218 모의법정[13-218]," [13-218:월(4-5A),수(5B-6)]"," [13-218:월(12:00~13:15),수(13:30~14:45)]",75분,3,일반과목,강의(이론),상대평가,일반(1~15주),비대상
1817,단과대구분없음(법학),법학부,4,전공심화,전공심화,0012482001,형법종합연습,Comprehensive Exercises in Criminal Law,정배근,제13호관 사회과학·글로벌정경대학-527 세미나실-9[13-527]," [13-527:목(7-8A)(8B-9),금(야1-2A)(야2B-3)]"," [13-527:목(15:00~16:15)(16:30~17:45),금(18:00~19:15)(19:25~20:40)]",75분,3,일반과목,강의(이론),절대평가,집중C(1~12주),비대상
1818,단과대구분없음(법학),법학부,4,전공심화,전공심화,DA06047001,상속법,LAW OF SUCCESSION,진도왕,제13호관 사회과학·글로벌정경대학-527 세미나실-9[13-527]," [13-527:수(5B-6),목(5B-6)]"," [13-527:수(13:30~14:45),목(13:30~14:45)]",75분,3,일반과목,강의(이론),상대평가,일반(1~15주),비대상
1819,단과대구분없음(법학),법학부,4,전공심화,전공심화,DA06106001,행정구제법,ADMINISTRATIVE REMEDY LAW,김수진,제13호관 사회과학·글로벌정경대학-321 세미나실[13-321]," [13-321:화(5B-6),수(5B-6)]"," [13-321:화(13:30~14:45),수(13:30~14:45)]",75분,3,일반과목,강의(이론),상대평가,일반(1~15주),비대상
1820,단과대구분없음(법학),법학부,4,전공심화,전공심화,DA06125001,국제기구법,INTERNATIONAL ORGANIZATIO NLAW,장석영,제13호관 사회과학·글로벌정경대학-321 세미나실[13-321]," [13-321:월(4-5A),수(4-5A)]"," [13-321:월(12:00~13:15),수(12:00~13:15)]",75분,3,일반과목,강의(이론),상대평가,일반(1~15주),비대상
1821,단과대구분없음(법학),법학부,4,전공심화,전공심화,DA06133001,중국투자법,CHINESE INVESTMENT LAW,김호,제13호관 사회과학·글로벌정경대학-322 강의실(소)[13-322]," [13-322:화(2B-3),수(2B-3)]"," [13-322:화(10:30~11:45),수(10:30~11:45)]",75분,3,일반과목,강의(이론),상대평가,일반(1~15주),비대상
1822,단과대구분없음(법학),법학부,4,전공심화,전공심화,DA06140001,헌법연습 I,SEMINAR IN CONSTITUTIONAL  LAW I,김영진,제13호관 사회과학·글로벌정경대학-217 강의실(소)[13-217]," [13-217:화(2B-3),목(7-8A)]"," [13-217:화(10:30~11:45),목(15:00~16:15)]",75분,3,일반과목,강의(이론),상대평가,일반(1~15주),비대상
1823,교양,교양,전학년,핵심교양,(핵심)인문,0002644001,미학의이해,INTRODUCTION TO AESTHETICS,윤영규,제12호관 컨벤션센터-203 계단강의실(소)[12-203], [12-203:수(2)(3)(4)], [12-203:수(10:00~10:50)(11:00~11:50)(12:00~12:50)],50분(표준),3,일반과목,강의(이론),상대평가,일반(1~15주),비대상
1824,교양,교양,전학년,핵심교양,(핵심)인문,0002644002,미학의이해,INTRODUCTION TO AESTHETICS,윤영규,제12호관 컨벤션센터-203 계단강의실(소)[12-203], [12-203:수(6)(7)(8)], [12-203:수(14:00~14:50)(15:00~15:50)(16:00~16:50)],50분(표준),3,일반과목,강의(이론),상대평가,일반(1~15주),비대상
1825,교양,교양,전학년,핵심교양,(핵심)사회,0002650001,현대정치의이해,INTRODUCTION TO CONTEMPORARY POLITICS,송윤진,제12호관 컨벤션센터-108 계단강의실(소)-1[12-108], [12-108:수(야1-2A)(야2B-3)], [12-108:수(18:00~19:15)(19:25~20:40)],75분,3,일반과목,강의(이론),상대평가,일반(1~15주),비대상
1826,교양,교양,전학년,핵심교양,(핵심)외국어,0002666001,일본어1,BASIC JAPANESE,전혜수,제12호관 컨벤션센터-506 강의실(소)-3[12-506], [12-506:수(1)(2)(3)], [12-506:수(09:00~09:50)(10:00~10:50)(11:00~11:50)],50분(표준),3,일반과목,강의(이론),상대평가,일반(1~15주),비대상
1827,교양,교양,전학년,핵심교양,(핵심)외국어,0002666002,일본어1,BASIC JAPANESE,전혜수,제12호관 컨벤션센터-506 강의실(소)-3[12-506], [12-506:수(5)(6)(7)], [12-506:수(13:00~13:50)(14:00~14:50)(15:00~15:50)],50분(표준),3,일반과목,강의(이론),상대평가,일반(1~15주),비대상
1828,교양,교양,전학년,핵심교양,(핵심)외국어,0002666003,일본어1,BASIC JAPANESE,문인숙,제15호관 인문대학-212 토론식강의실2[15-212], [15-212:목(4)(5)(6)], [15-212:목(12:00~12:50)(13:00~13:50)(14:00~14:50)],50분(표준),3,일반과목,강의(이론),상대평가,일반(1~15주),비대상
1829,교양,교양,전학년,핵심교양,(핵심)외국어,0002666004,일본어1,BASIC JAPANESE,문인숙,제12호관 컨벤션센터-401 영어랩실[12-401], [12-401:목(야1)(야2)(야3)], [12-401:목(18:00~18:50)(18:55~19:45)(19:50~20:40)],50분(표준),3,일반과목,강의(이론),상대평가,일반(1~15주),비대상
1830,교양,교양,전학년,핵심교양,(핵심)외국어,0002667001,중국어1,BASIC CHINESE,안성재,제12호관 컨벤션센터-503 계단강의실(소)[12-503], [12-503:금(4)(5)(6)], [12-503:금(12:00~12:50)(13:00~13:50)(14:00~14:50)],50분(표준),3,일반과목,강의(이론),상대평가,일반(1~15주),비대상
1831,교양,교양,전학년,핵심교양,(핵심)외국어,0002667002,중국어1,BASIC CHINESE,고은미,제12호관 컨벤션센터-502 강의실(소)-5[12-502], [12-502:금(1)(2)(3)], [12-502:금(09:00~09:50)(10:00~10:50)(11:00~11:50)],50분(표준),3,일반과목,강의(이론),상대평가,일반(1~15주),비대상
1832,교양,교양,전학년,핵심교양,(핵심)외국어,0002667003,중국어1,BASIC CHINESE,고은미,제12호관 컨벤션센터-502 강의실(소)-5[12-502], [12-502:금(5)(6)(7)], [12-502:금(13:00~13:50)(14:00~14:50)(15:00~15:50)],50분(표준),3,일반과목,강의(이론),상대평가,일반(1~15주),비대상
1833,교양,교양,전학년,핵심교양,(핵심)예술체육,0003601001,FITNESS TRAINING,FITNESS TRAINING,전경규,제20호관 스포츠센터-106 에어로빅실[20-106], [20-106:목(8)(9)], [20-106:목(16:00~16:50)(17:00~17:50)],50분(표준),1,일반과목,예술체육실기,절대평가,일반(1~15주),비대상
1834,교양,교양,전학년,핵심교양,(핵심)INU세미나,0004322001,과학기술명저읽기,Reading Masterpieces of Science and Technology,정경숙,제12호관 컨벤션센터-403 계단강의실(소)[12-403], [12-403:월(7-8A)(8B-9)], [12-403:월(15:00~16:15)(16:30~17:45)],75분,3,일반과목,강의(이론),상대평가,일반(1~15주),비대상
1835,교양,교양,전학년,핵심교양,(핵심)INU세미나,0004322002,과학기술명저읽기,Reading Masterpieces of Science and Technology,정경숙,제12호관 컨벤션센터-403 계단강의실(소)[12-403], [12-403:수(7-8A)(8B-9)], [12-403:수(15:00~16:15)(16:30~17:45)],75분,3,일반과목,강의(이론),상대평가,일반(1~15주),비대상
1836,교양,교양,전학년,핵심교양,(핵심)인문,0004323001,과학기술과인간의대화,Conversation between Scientific Technology and Human,정경숙,제12호관 컨벤션센터-403 계단강의실(소)[12-403], [12-403:수(4-5A)(5B-6)], [12-403:수(12:00~13:15)(13:30~14:45)],75분,3,일반과목,강의(이론),상대평가,일반(1~15주),비대상
1837,교양,교양,전학년,핵심교양,(핵심)INU세미나,0004339001,사회과학고전읽기,Reading Social Sience Classics,조형진,제12호관 컨벤션센터-507 강의실(소)-4[12-507], [12-507:화(5B-6)(7-8A)], [12-507:화(13:30~14:45)(15:00~16:15)],75분,3,일반과목,강의(이론),상대평가,일반(1~15주),비대상
1838,교양,교양,전학년,핵심교양,(핵심)인문,0004345001,근현대문학거장과의만남,Meeting with Great Artists of Modern and Contemporary Literature,김계영,제12호관 컨벤션센터-503 계단강의실(소)[12-503], [12-503:목(7-8A)(8B-9)], [12-503:목(15:00~16:15)(16:30~17:45)],75분,3,일반과목,강의(이론),상대평가,일반(1~15주),비대상
1839,교양,교양,전학년,핵심교양,(핵심)인문,0004345002,근현대문학거장과의만남,Meeting with Great Artists of Modern and Contemporary Literature,김계영,제12호관 컨벤션센터-108 계단강의실(소)-1[12-108], [12-108:목(3)(4)(5)], [12-108:목(11:00~11:50)(12:00~12:50)(13:00~13:50)],50분(표준),3,일반과목,강의(이론),상대평가,일반(1~15주),비대상
1840,교양,교양,전학년,핵심교양,(핵심)인문,0004345003,근현대문학거장과의만남,Meeting with Great Artists of Modern and Contemporary Literature,권혁준,제12호관 컨벤션센터-502 강의실(소)-5[12-502], [12-502:수(7-8A)(8B-9)], [12-502:수(15:00~16:15)(16:30~17:45)],75분,3,일반과목,강의(이론),상대평가,일반(1~15주),비대상
1841,교양,교양,전학년,핵심교양,(핵심)사회,0005063001,열린사회와다문화,Open Society and Multi-Culture,정선주,제12호관 컨벤션센터-501 강의실(소)-6[12-501], [12-501:수(1)(2)(3)], [12-501:수(09:00~09:50)(10:00~10:50)(11:00~11:50)],50분(표준),3,일반과목,강의(이론),상대평가,일반(1~15주),비대상
1842,교양,교양,전학년,핵심교양,(핵심)사회,0005063002,열린사회와다문화,Open Society and Multi-Culture,정선주,제12호관 컨벤션센터-501 강의실(소)-6[12-501], [12-501:수(4)(5)(6)], [12-501:수(12:00~12:50)(13:00~13:50)(14:00~14:50)],50분(표준),3,일반과목,강의(이론),상대평가,일반(1~15주),비대상
1843,교양,교양,전학년,핵심교양,(핵심)인문,0005068001,비판적사고력연습,A Practical Introduction to Critical Thinking,이재유,제12호관 컨벤션센터-108 계단강의실(소)-1[12-108], [12-108:목(7)(8)(9)], [12-108:목(15:00~15:50)(16:00~16:50)(17:00~17:50)],50분(표준),3,일반과목,강의(이론),상대평가,일반(1~15주),비대상
1844,교양,교양,전학년,핵심교양,(핵심)인문,0005068002,비판적사고력연습,A Practical Introduction to Critical Thinking,이재유,제12호관 컨벤션센터-108 계단강의실(소)-1[12-108], [12-108:목(야1)(야2)(야3)], [12-108:목(18:00~18:50)(18:55~19:45)(19:50~20:40)],50분(표준),3,일반과목,강의(이론),상대평가,일반(1~15주),비대상
1845,교양,교양,전학년,핵심교양,(핵심)과학기술,0005069001,영화속바이러스의이해,Understanding Virology in Films,예정용,제12호관 컨벤션센터-105 하곡강의실(계단식(대))[12-105], [12-105:화(1-2A)(2B-3)], [12-105:화(09:00~10:15)(10:30~11:45)],75분,3,일반과목,강의(이론),상대평가,일반(1~15주),비대상
1846,교양,교양,전학년,핵심교양,(핵심)사회,0005077001,국제정세의이해,Understanding International Affairs,송윤진,제12호관 컨벤션센터-502 강의실(소)-5[12-502], [12-502:월(5B-6)(7-8A)], [12-502:월(13:30~14:45)(15:00~16:15)],75분,3,일반과목,강의(이론),상대평가,일반(1~15주),비대상
1847,교양,교양,전학년,핵심교양,(핵심)사회,0005077002,국제정세의이해,Understanding International Affairs,송윤진,제12호관 컨벤션센터-501 강의실(소)-6[12-501], [12-501:목(7-8A)(8B-9)], [12-501:목(15:00~16:15)(16:30~17:45)],75분,3,일반과목,강의(이론),상대평가,일반(1~15주),비대상
1848,교양,교양,전학년,핵심교양,(핵심)외국어,0005414001,초급영어글쓰기,Basic English Writing,김혜경,제12호관 컨벤션센터-304 토론식강의실2[12-304], [12-304:목(3)(4)], [12-304:목(11:00~11:50)(12:00~12:50)],50분(표준),2,일반과목,강의(이론),상대평가,일반(1~15주),비대상
1849,교양,교양,전학년,핵심교양,(핵심)외국어,0005414002,초급영어글쓰기,Basic English Writing,김혜경,제12호관 컨벤션센터-301 토론식강의실1[12-301], [12-301:목(5)(6)], [12-301:목(13:00~13:50)(14:00~14:50)],50분(표준),2,일반과목,강의(이론),상대평가,일반(1~15주),비대상
1850,교양,교양,전학년,핵심교양,(핵심)사회,0006403001,창의적사고와문제해결,Creative Thinking and Problem Solving,양태연,제12호관 컨벤션센터-302 스마트강의실1[12-302], [12-302:목(7)(8)(9)], [12-302:목(15:00~15:50)(16:00~16:50)(17:00~17:50)],50분(표준),3,일반과목,강의(이론),상대평가,일반(1~15주),비대상
1851,교양,교양,전학년,핵심교양,(핵심)사회,0006433001,현대사회와빅데이터,The Modern Society and Big Data Analysis,양태연,제12호관 컨벤션센터-302 스마트강의실1[12-302], [12-302:수(7)(8)(9)], [12-302:수(15:00~15:50)(16:00~16:50)(17:00~17:50)],50분(표준),3,일반과목,강의(이론),상대평가,일반(1~15주),비대상
1852,교양,교양,전학년,핵심교양,(핵심)사회,0006433002,현대사회와빅데이터,The Modern Society and Big Data Analysis,양태연,제12호관 컨벤션센터-302 스마트강의실1[12-302], [12-302:수(3)(4)(5)], [12-302:수(11:00~11:50)(12:00~12:50)(13:00~13:50)],50분(표준),3,일반과목,강의(이론),상대평가,일반(1~15주),비대상
1853,교양,교양,전학년,핵심교양,(핵심)사회,0006433003,현대사회와빅데이터,The Modern Society and Big Data Analysis,양태연,제12호관 컨벤션센터-302 스마트강의실1[12-302], [12-302:화(7)(8)(9)], [12-302:화(15:00~15:50)(16:00~16:50)(17:00~17:50)],50분(표준),3,일반과목,강의(이론),상대평가,일반(1~15주),비대상
1854,교양,교양,전학년,핵심교양,(핵심)인문,0007030001,인천의역사지형탐색,Research on the Historical topography of Incheon,이상의,제12호관 컨벤션센터-503 계단강의실(소)[12-503], [12-503:수(2)(3)(4)], [12-503:수(10:00~10:50)(11:00~11:50)(12:00~12:50)],50분(표준),3,일반과목,강의(이론),상대평가,일반(1~15주),비대상
1855,교양,교양,전학년,핵심교양,(핵심)과학기술,0007357001,인문으로수학읽기,Understanding Mathematics with Humanities,이승재,제5호관 자연과학대학·생명과학기술대학-309 강의실(중)-1[05-309], [05-309:수(5B-6)(7-8A)], [05-309:수(13:30~14:45)(15:00~16:15)],75분,3,일반과목,강의(이론),상대평가,일반(1~15주),비대상
1856,교양,교양,전학년,핵심교양,(핵심)과학기술,0007369001,알기쉬운통계원리,An Easy Statistics Theory,최원,,,,75분,3,일반과목,e-Learning,상대평가,일반(1~15주),비대상
1857,교양,교양,전학년,핵심교양,(핵심)과학기술,0007370001,(이공계를위한)수학,Mathematics(for the Students of Natural Science and Engineering Colleges),김인현,제5호관 자연과학대학·생명과학기술대학-104A 응용수학실습실[05-104A]," [05-104A:화(2B-3),목(5B-6)]"," [05-104A:화(10:30~11:45),목(13:30~14:45)]",75분,3,일반과목,강의(이론),상대평가,일반(1~15주),비대상
1858,교양,교양,전학년,핵심교양,(핵심)인문,0007399001,근현대세계와한국사,Modern and Contemporary the World and Korea History,이상의,제12호관 컨벤션센터-503 계단강의실(소)[12-503], [12-503:수(7-8A)(8B-9)], [12-503:수(15:00~16:15)(16:30~17:45)],75분,3,일반과목,강의(이론),상대평가,일반(1~15주),비대상
1859,교양,교양,전학년,핵심교양,(핵심)인문,0007399002,근현대세계와한국사,Modern and Contemporary the World and Korea History,이상의,제12호관 컨벤션센터-503 계단강의실(소)[12-503], [12-503:화(7-8A)(8B-9)], [12-503:화(15:00~16:15)(16:30~17:45)],75분,3,일반과목,강의(이론),상대평가,일반(1~15주),비대상
1860,교양,교양,전학년,핵심교양,(핵심)인문,0007399003,근현대세계와한국사,Modern and Contemporary the World and Korea History,황묘희,제12호관 컨벤션센터-203 계단강의실(소)[12-203], [12-203:금(4)(5)(6)], [12-203:금(12:00~12:50)(13:00~13:50)(14:00~14:50)],50분(표준),3,일반과목,강의(이론),상대평가,일반(1~15주),비대상
1861,교양,교양,전학년,핵심교양,(핵심)인문,0007399004,근현대세계와한국사,Modern and Contemporary the World and Korea History,황묘희,제12호관 컨벤션센터-203 계단강의실(소)[12-203], [12-203:금(7)(8)(9)], [12-203:금(15:00~15:50)(16:00~16:50)(17:00~17:50)],50분(표준),3,일반과목,강의(이론),상대평가,일반(1~15주),비대상
1862,교양,교양,전학년,핵심교양,(핵심)과학기술,0009338001,문제해결을위한파이썬,Python for Problem Solving,이선아,제12호관 컨벤션센터-302 스마트강의실1[12-302], [12-302:월(6)(7)(8)], [12-302:월(14:00~14:50)(15:00~15:50)(16:00~16:50)],50분(표준),3,일반과목,강의(이론),상대평가,일반(1~15주),비대상
1863,교양,교양,전학년,핵심교양,(핵심)과학기술,0009338002,문제해결을위한파이썬,Python for Problem Solving,김백현,제12호관 컨벤션센터-305 스마트강의실2[12-305], [12-305:수(7-8A)(8B-9)], [12-305:수(15:00~16:15)(16:30~17:45)],75분,3,일반과목,강의(이론),상대평가,일반(1~15주),비대상
1864,교양,교양,전학년,핵심교양,(핵심)과학기술,0009338003,문제해결을위한파이썬,Python for Problem Solving,김백현,제12호관 컨벤션센터-305 스마트강의실2[12-305], [12-305:화(6)(7)(8)], [12-305:화(14:00~14:50)(15:00~15:50)(16:00~16:50)],50분(표준),3,일반과목,강의(이론),상대평가,일반(1~15주),비대상
1865,교양,교양,전학년,핵심교양,(핵심)INU세미나,0010154001,근대적지식인은어떻게탄생하였나세미나,Seminar in the Birth of Modern Intellectuals,이상원,제12호관 컨벤션센터-301 토론식강의실1[12-301], [12-301:수(7-8A)(8B-9)], [12-301:수(15:00~16:15)(16:30~17:45)],75분,3,일반과목,강의(이론),이수인정,일반(1~15주),비대상
1866,교양,교양,전학년,핵심교양,(핵심)INU세미나,0010154002,근대적지식인은어떻게탄생하였나세미나,Seminar in the Birth of Modern Intellectuals,이용화,제15호관 인문대학-211 토론식강의실1[15-211], [15-211:수(7)(8)(9)], [15-211:수(15:00~15:50)(16:00~16:50)(17:00~17:50)],50분(표준),3,일반과목,강의(이론),이수인정,일반(1~15주),원어강의(EN)
1867,교양,교양,전학년,핵심교양,(핵심)예술체육,0010541001,영화속으로들어간클래식음악,Classic Music in Movies,김상림,,,,50분(표준),3,일반과목,e-Learning,상대평가,일반(1~15주),비대상
1868,교양,교양,전학년,핵심교양,(핵심)사회,0010641001,지역사회와사회공헌,Community and social contribution,이지혜,제12호관 컨벤션센터-101 용정강의실(계단식(대))[12-101], [12-101:금(야1)(야2)], [12-101:금(18:00~18:50)(18:55~19:45)],50분(표준),1,일반과목,"담장너머~,사회봉사(1)",이수인정,일반(1~15주),비대상
1869,교양,교양,전학년,핵심교양,(핵심)사회,0010641002,지역사회와사회공헌,Community and social contribution,이지혜,제12호관 컨벤션센터-101 용정강의실(계단식(대))[12-101], [12-101:목(야1)(야2)], [12-101:목(18:00~18:50)(18:55~19:45)],50분(표준),1,일반과목,"담장너머~,사회봉사(1)",이수인정,일반(1~15주),비대상
1870,교양,교양,전학년,핵심교양,(핵심)사회,0010641003,지역사회와사회공헌,Community and social contribution,이지혜,제12호관 컨벤션센터-101 용정강의실(계단식(대))[12-101], [12-101:수(야1)(야2)], [12-101:수(18:00~18:50)(18:55~19:45)],50분(표준),1,일반과목,"담장너머~,사회봉사(1)",이수인정,일반(1~15주),비대상
1871,교양,교양,전학년,핵심교양,(핵심)사회,0010641004,지역사회와사회공헌,Community and social contribution,이지혜,제12호관 컨벤션센터-101 용정강의실(계단식(대))[12-101], [12-101:화(야1)(야2)], [12-101:화(18:00~18:50)(18:55~19:45)],50분(표준),1,일반과목,"담장너머~,사회봉사(1)",이수인정,일반(1~15주),비대상
1872,교양,교양,전학년,핵심교양,(핵심)사회,0010641005,지역사회와사회공헌,Community and social contribution,이지혜,제15호관 인문대학-201 SOUP강의실(계단식(대))[15-201], [15-201:화(7)(8)], [15-201:화(15:00~15:50)(16:00~16:50)],50분(표준),1,일반과목,"담장너머~,사회봉사(1)",이수인정,일반(1~15주),비대상
1873,교양,교양,전학년,핵심교양,(핵심)사회,0010641006,지역사회와사회공헌,Community and social contribution,이지혜,제12호관 컨벤션센터-101 용정강의실(계단식(대))[12-101], [12-101:월(야1)(야2)], [12-101:월(18:00~18:50)(18:55~19:45)],50분(표준),1,일반과목,"담장너머~,사회봉사(1)",이수인정,일반(1~15주),비대상
1874,교양,교양,전학년,핵심교양,(핵심)INU세미나,0011229001,MBTI로찾아가는나의책,My Book that Goes Back to MBTI,박상원,제12호관 컨벤션센터-304 토론식강의실2[12-304], [12-304:수(1-2A)(2B-3)], [12-304:수(09:00~10:15)(10:30~11:45)],75분,3,일반과목,강의(이론),이수인정,일반(1~15주),비대상
1875,교양,교양,전학년,핵심교양,(핵심)INU세미나,0011230001,세상의심장으로자신을브랜드하라,Brand Yourself with the Heart of the World,양근용,제12호관 컨벤션센터-301 토론식강의실1[12-301], [12-301:화(6)(7)(8)], [12-301:화(14:00~14:50)(15:00~15:50)(16:00~16:50)],50분(표준),3,일반과목,강의(이론),이수인정,일반(1~15주),비대상
1876,교양,교양,전학년,핵심교양,(핵심)INU세미나,0011231001,일리아스와오딧세이아에서아모르파티,Amor Fati in the Iliad and the Odyssey,송대현,제12호관 컨벤션센터-304 토론식강의실2[12-304], [12-304:수(5B-6)(7-8A)], [12-304:수(13:30~14:45)(15:00~16:15)],75분,3,일반과목,강의(이론),이수인정,일반(1~15주),비대상
1877,교양,교양,전학년,핵심교양,(핵심)INU세미나,0011232001,차라투스트라춤추는별이되어라,Zarathustra Be A Dancing Star,송대현,제12호관 컨벤션센터-501 강의실(소)-6[12-501], [12-501:월(7-8A)(8B-9)], [12-501:월(15:00~16:15)(16:30~17:45)],75분,3,일반과목,강의(이론),이수인정,일반(1~15주),비대상
1878,교양,교양,전학년,핵심교양,(핵심)사회,0011241001,취창업진로세미나,Job and Start up Career Seminar,취업경력개발원,제12호관 컨벤션센터-105 하곡강의실(계단식(대))[12-105], [12-105:수(9)], [12-105:수(17:00~17:50)],50분(표준),1,일반과목,강의(이론),이수인정,일반(1~15주),비대상
1879,교양,교양,전학년,핵심교양,(핵심)사회,0011241002,취창업진로세미나,Job and Start up Career Seminar,취업경력개발원,제12호관 컨벤션센터-105 하곡강의실(계단식(대))[12-105], [12-105:수(8)], [12-105:수(16:00~16:50)],50분(표준),1,일반과목,강의(이론),이수인정,일반(1~15주),비대상
1880,교양,교양,전학년,핵심교양,(핵심)INU세미나,0011244001,현대과학의풍경읽기,Understanding of Modern Science and Technology,정경숙,제12호관 컨벤션센터-304 토론식강의실2[12-304], [12-304:화(7)(8)(9)], [12-304:화(15:00~15:50)(16:00~16:50)(17:00~17:50)],50분(표준),3,일반과목,강의(이론),이수인정,일반(1~15주),비대상
1881,교양,교양,전학년,핵심교양,(핵심)INU세미나,0011631001,문학욕망의윤리를말하다,Literature talks about the ethics of desire,최혜림,제12호관 컨벤션센터-301 토론식강의실1[12-301], [12-301:수(4)(5)(6)], [12-301:수(12:00~12:50)(13:00~13:50)(14:00~14:50)],50분(표준),3,일반과목,강의(이론),이수인정,일반(1~15주),비대상
1882,교양,교양,전학년,핵심교양,(핵심)외국어,0011640001,기초프랑스어,Basic French,김용민,제12호관 컨벤션센터-304 토론식강의실2[12-304], [12-304:목(5B-6)(7-8A)], [12-304:목(13:30~14:45)(15:00~16:15)],75분,3,일반과목,강의(이론),상대평가,일반(1~15주),비대상
1883,교양,교양,전학년,핵심교양,(핵심)외국어,0011640002,기초프랑스어,Basic French,이명은,제12호관 컨벤션센터-407 강의실(소)-4[12-407], [12-407:수(6)(7)(8)], [12-407:수(14:00~14:50)(15:00~15:50)(16:00~16:50)],50분(표준),3,일반과목,강의(이론),상대평가,일반(1~15주),비대상
1884,교양,교양,전학년,핵심교양,(핵심)외국어,0011640003,기초프랑스어,Basic French,이명은,제12호관 컨벤션센터-407 강의실(소)-4[12-407], [12-407:수(야1)(야2)(야3)], [12-407:수(18:00~18:50)(18:55~19:45)(19:50~20:40)],50분(표준),3,일반과목,강의(이론),상대평가,일반(1~15주),비대상
1885,교양,교양,전학년,핵심교양,(핵심)외국어,0011640004,기초프랑스어,Basic French,김영은,제12호관 컨벤션센터-403 계단강의실(소)[12-403], [12-403:금(1)(2)(3)], [12-403:금(09:00~09:50)(10:00~10:50)(11:00~11:50)],50분(표준),3,일반과목,강의(이론),상대평가,일반(1~15주),비대상
1886,교양,교양,전학년,핵심교양,(핵심)외국어,0011644001,기초스페인어,Basic Spanish,문성주,제12호관 컨벤션센터-504 강의실(소)-1[12-504], [12-504:월(2)(3)(4)], [12-504:월(10:00~10:50)(11:00~11:50)(12:00~12:50)],50분(표준),3,일반과목,강의(이론),상대평가,일반(1~15주),비대상
1887,교양,교양,전학년,핵심교양,(핵심)외국어,0011644002,기초스페인어,Basic Spanish,문성주,제12호관 컨벤션센터-504 강의실(소)-1[12-504], [12-504:월(6)(7)(8)], [12-504:월(14:00~14:50)(15:00~15:50)(16:00~16:50)],50분(표준),3,일반과목,강의(이론),상대평가,일반(1~15주),비대상
1888,교양,교양,전학년,핵심교양,(핵심)외국어,0011645001,기초독일어,Basic German,최은녕,제12호관 컨벤션센터-406 강의실(소)-3[12-406], [12-406:목(1)(2)(3)], [12-406:목(09:00~09:50)(10:00~10:50)(11:00~11:50)],50분(표준),3,일반과목,강의(이론),상대평가,일반(1~15주),비대상
1889,교양,교양,전학년,핵심교양,(핵심)외국어,0011645002,기초독일어,Basic German,최은녕,제12호관 컨벤션센터-406 강의실(소)-3[12-406], [12-406:목(6)(7)(8)], [12-406:목(14:00~14:50)(15:00~15:50)(16:00~16:50)],50분(표준),3,일반과목,강의(이론),상대평가,일반(1~15주),비대상
1890,교양,교양,전학년,핵심교양,(핵심)외국어,0011645003,기초독일어,Basic German,최은녕,제12호관 컨벤션센터-406 강의실(소)-3[12-406], [12-406:목(야1)(야2)(야3)], [12-406:목(18:00~18:50)(18:55~19:45)(19:50~20:40)],50분(표준),3,일반과목,강의(이론),상대평가,일반(1~15주),비대상
1891,교양,교양,전학년,핵심교양,(핵심)외국어,0011645004,기초독일어,Basic German,이원경,제12호관 컨벤션센터-506 강의실(소)-3[12-506], [12-506:금(2B-3)(4-5A)], [12-506:금(10:30~11:45)(12:00~13:15)],75분,3,일반과목,강의(이론),상대평가,일반(1~15주),비대상
1892,교양,교양,전학년,핵심교양,(핵심)INU세미나,0011845001,위대한개츠비와그의친구들,The Great Gatsby and His Friends,남정현,제12호관 컨벤션센터-301 토론식강의실1[12-301], [12-301:화(3)(4)(5)], [12-301:화(11:00~11:50)(12:00~12:50)(13:00~13:50)],50분(표준),3,일반과목,강의(이론),상대평가,일반(1~15주),비대상
1893,교양,교양,전학년,핵심교양,(핵심)사회,0011851001,INU전공탐구,INU Major Exploration,융합자유전공대학,제15호관 인문대학-201 SOUP강의실(계단식(대))[15-201], [15-201:수(5B-6)(7-8A)], [15-201:수(13:30~14:45)(15:00~16:15)],75분,3,일반과목,강의(이론),이수인정,일반(1~15주),비대상
1894,교양,교양,전학년,핵심교양,(핵심)예술체육,0011861001,초급평영,Breaststroke Swimming for Beginners,김민철,제20호관 스포츠센터-110 수영장[20-110], [20-110:수(6)(7)], [20-110:수(14:00~14:50)(15:00~15:50)],50분(표준),1,일반과목,예술체육실기,절대평가,일반(1~15주),비대상
1895,교양,교양,전학년,핵심교양,(핵심)예술체육,0011863001,세계공연예술산책,World Performing Arts Walk,정지호,제12호관 컨벤션센터-108 계단강의실(소)-1[12-108], [12-108:화(2B-3)(4-5A)], [12-108:화(10:30~11:45)(12:00~13:15)],75분,3,일반과목,강의(이론),상대평가,일반(1~15주),비대상
1896,교양,교양,전학년,핵심교양,(핵심)인문,0012550001,스피치와토론,Speeches and  Debates,안호림,제12호관 컨벤션센터-304 토론식강의실2[12-304], [12-304:월(야1-2A)(야2B-3)], [12-304:월(18:00~19:15)(19:25~20:40)],75분,3,일반과목,강의(이론),상대평가,일반(1~15주),비대상
1897,교양,교양,전학년,핵심교양,(핵심)사회,0012551001,미래를바꾸는말한마디,A word that changes  the future,안호림,제12호관 컨벤션센터-203 계단강의실(소)[12-203], [12-203:월(7-8A)(8B-9)], [12-203:월(15:00~16:15)(16:30~17:45)],75분,3,일반과목,강의(이론),상대평가,일반(1~15주),비대상
1898,교양,교양,전학년,핵심교양,(핵심)사회,0012551002,미래를바꾸는말한마디,A word that changes  the future,안호림,제12호관 컨벤션센터-203 계단강의실(소)[12-203], [12-203:화(7-8A)(8B-9)], [12-203:화(15:00~16:15)(16:30~17:45)],75분,3,일반과목,강의(이론),상대평가,일반(1~15주),비대상
1899,교양,교양,전학년,핵심교양,(핵심)인문,0012554001,문학과함께행복의길찾기,Learning the Joys with Literature,전미정,제12호관 컨벤션센터-403 계단강의실(소)[12-403], [12-403:화(5)(6)(7)], [12-403:화(13:00~13:50)(14:00~14:50)(15:00~15:50)],50분(표준),3,일반과목,강의(이론),상대평가,일반(1~15주),비대상
1900,교양,교양,전학년,핵심교양,(핵심)인문,0012554002,문학과함께행복의길찾기,Learning the Joys with Literature,전미정,제12호관 컨벤션센터-503 계단강의실(소)[12-503], [12-503:월(5)(6)(7)], [12-503:월(13:00~13:50)(14:00~14:50)(15:00~15:50)],50분(표준),3,일반과목,강의(이론),상대평가,일반(1~15주),비대상
1901,교양,교양,전학년,핵심교양,(핵심)인문,XAA1352001,심리학의이해,INTRODUCTION TO PSYCOLOGY,서신화,제12호관 컨벤션센터-303 계단강의실(소)[12-303], [12-303:화(야1-2A)(야2B-3)], [12-303:화(18:00~19:15)(19:25~20:40)],75분,3,일반과목,강의(이론),상대평가,일반(1~15주),비대상
1902,교양,교양,전학년,핵심교양,(핵심)인문,XAA1352002,심리학의이해,INTRODUCTION TO PSYCOLOGY,서신화,제12호관 컨벤션센터-203 계단강의실(소)[12-203], [12-203:월(4-5A)(5B-6)], [12-203:월(12:00~13:15)(13:30~14:45)],75분,3,일반과목,강의(이론),상대평가,일반(1~15주),비대상
1903,교양,교양,전학년,핵심교양,(핵심)인문,XAA1352003,심리학의이해,INTRODUCTION TO PSYCOLOGY,서신화,제12호관 컨벤션센터-303 계단강의실(소)[12-303], [12-303:화(7-8A)(8B-9)], [12-303:화(15:00~16:15)(16:30~17:45)],75분,3,일반과목,강의(이론),상대평가,일반(1~15주),비대상
1904,교양,교양,전학년,핵심교양,(핵심)인문,XAA1352004,심리학의이해,INTRODUCTION TO PSYCOLOGY,박준성,제12호관 컨벤션센터-105 하곡강의실(계단식(대))[12-105], [12-105:목(야1)(야2)(야3)], [12-105:목(18:00~18:50)(18:55~19:45)(19:50~20:40)],50분(표준),3,일반과목,강의(이론),상대평가,일반(1~15주),비대상
1905,교양,교양,전학년,핵심교양,(핵심)인문,XAA1352005,심리학의이해,INTRODUCTION TO PSYCOLOGY,박준성,제12호관 컨벤션센터-101 용정강의실(계단식(대))[12-101], [12-101:금(6)(7)(8)], [12-101:금(14:00~14:50)(15:00~15:50)(16:00~16:50)],50분(표준),3,일반과목,강의(이론),상대평가,일반(1~15주),비대상
1906,교양,교양,전학년,핵심교양,(핵심)과학기술,XAA1360001,현대물리학의이해,UNDERSTANDING MODERN PHYSICS,김용철,제12호관 컨벤션센터-108 계단강의실(소)-1[12-108], [12-108:월(4)(5)(6)], [12-108:월(12:00~12:50)(13:00~13:50)(14:00~14:50)],50분(표준),3,일반과목,강의(이론),상대평가,일반(1~15주),비대상
1907,교양,교양,전학년,핵심교양,(핵심)과학기술,XAA1360002,현대물리학의이해,UNDERSTANDING MODERN PHYSICS,김용철,제12호관 컨벤션센터-103 계단강의실(대)-2[12-103], [12-103:월(7)(8)(9)], [12-103:월(15:00~15:50)(16:00~16:50)(17:00~17:50)],50분(표준),3,일반과목,강의(이론),상대평가,일반(1~15주),비대상
1908,교양,교양,전학년,핵심교양,(핵심)예술체육,XAA1386001,한국미술과문화,KOREAN ART AND CULTURE,구진경,제12호관 컨벤션센터-506 강의실(소)-3[12-506], [12-506:월(4)(5)(6)], [12-506:월(12:00~12:50)(13:00~13:50)(14:00~14:50)],50분(표준),3,일반과목,강의(이론),상대평가,일반(1~15주),비대상
1909,교양,교양,전학년,핵심교양,(핵심)예술체육,XAA1386002,한국미술과문화,KOREAN ART AND CULTURE,구진경,제12호관 컨벤션센터-506 강의실(소)-3[12-506], [12-506:월(7)(8)(9)], [12-506:월(15:00~15:50)(16:00~16:50)(17:00~17:50)],50분(표준),3,일반과목,강의(이론),상대평가,일반(1~15주),비대상
1910,교양,교양,전학년,핵심교양,(핵심)인문,XAA1490001,한국사의이해,UNDERSTANDING OF KOREAN HISTORY,이형우,제12호관 컨벤션센터-101 용정강의실(계단식(대))[12-101], [12-101:목(7-8A)(8B-9)], [12-101:목(15:00~16:15)(16:30~17:45)],75분,3,일반과목,강의(이론),상대평가,일반(1~15주),비대상
1911,교양,교양,전학년,핵심교양,(핵심)인문,XAA1490002,한국사의이해,UNDERSTANDING OF KOREAN HISTORY,박미선,제12호관 컨벤션센터-505 강의실(소)-2[12-505], [12-505:화(1)(2)(3)], [12-505:화(09:00~09:50)(10:00~10:50)(11:00~11:50)],50분(표준),3,일반과목,강의(이론),상대평가,일반(1~15주),비대상
1912,교양,교양,전학년,핵심교양,(핵심)인문,XAA1490003,한국사의이해,UNDERSTANDING OF KOREAN HISTORY,박미선,제12호관 컨벤션센터-505 강의실(소)-2[12-505], [12-505:화(4)(5)(6)], [12-505:화(12:00~12:50)(13:00~13:50)(14:00~14:50)],50분(표준),3,일반과목,강의(이론),상대평가,일반(1~15주),비대상
1913,교양,교양,전학년,핵심교양,(핵심)인문,XAA2032001,서양의역사와문화,WESTERN HISTORY AND CULTURE,안창모,제12호관 컨벤션센터-203 계단강의실(소)[12-203], [12-203:목(4)(5)(6)], [12-203:목(12:00~12:50)(13:00~13:50)(14:00~14:50)],50분(표준),3,일반과목,강의(이론),상대평가,일반(1~15주),비대상
1914,교양,교양,전학년,핵심교양,(핵심)인문,XAA2032002,서양의역사와문화,WESTERN HISTORY AND CULTURE,안창모,제12호관 컨벤션센터-203 계단강의실(소)[12-203], [12-203:목(7)(8)(9)], [12-203:목(15:00~15:50)(16:00~16:50)(17:00~17:50)],50분(표준),3,일반과목,강의(이론),상대평가,일반(1~15주),비대상
1915,교양,교양,전학년,핵심교양,(핵심)사회,XAA8063001,인간관계와리더십,HUMAN RELATIONS AND LEADERSHIP,홍혜연,제12호관 컨벤션센터-501 강의실(소)-6[12-501], [12-501:월(4)(5)(6)], [12-501:월(12:00~12:50)(13:00~13:50)(14:00~14:50)],50분(표준),3,일반과목,강의(이론),상대평가,일반(1~15주),비대상
1916,교양,교양,전학년,심화교양,과학기술,0002646001,인간과우주,MAN AND THE UNIVERSE,정연철,제12호관 컨벤션센터-505 강의실(소)-2[12-505], [12-505:월(7)(8)(9)], [12-505:월(15:00~15:50)(16:00~16:50)(17:00~17:50)],50분(표준),3,일반과목,강의(이론),상대평가,일반(1~15주),비대상
1917,교양,교양,전학년,심화교양,과학기술,0002646002,인간과우주,MAN AND THE UNIVERSE,정연철,제12호관 컨벤션센터-108 계단강의실(소)-1[12-108], [12-108:월(야1)(야2)(야3)], [12-108:월(18:00~18:50)(18:55~19:45)(19:50~20:40)],50분(표준),3,일반과목,강의(이론),상대평가,일반(1~15주),비대상
1918,교양,교양,전학년,심화교양,과학기술,0002647001,녹색성장과환경,GREEN GROWTH AND ENVIRONMENT,박찬진,제12호관 컨벤션센터-107 강의실[12-107], [12-107:월(5B-6)(7-8A)], [12-107:월(13:30~14:45)(15:00~16:15)],75분,3,일반과목,강의(이론),상대평가,일반(1~15주),비대상
1919,교양,교양,전학년,심화교양,사회,0002649001,현대사회와사회복지,CONTEMPORARY SOCIETY AND SOCIAL WELFARE,남은지,제12호관 컨벤션센터-107 강의실[12-107], [12-107:화(7-8A)(8B-9)], [12-107:화(15:00~16:15)(16:30~17:45)],75분,3,일반과목,강의(이론),상대평가,일반(1~15주),비대상
1920,교양,교양,전학년,심화교양,예술체육,0003597001,SPORTS CLIMBING,SPORTS CLIMBING,김인경,제15호관 인문대학-218 회화실-5[15-218], [15-218:화(2)(3)], [15-218:화(10:00~10:50)(11:00~11:50)],50분(표준),1,일반과목,예술체육실기,절대평가,일반(1~15주),비대상
1921,교양,교양,전학년,심화교양,예술체육,0003597002,SPORTS CLIMBING,SPORTS CLIMBING,김인경,제15호관 인문대학-218 회화실-5[15-218], [15-218:화(5)(6)], [15-218:화(13:00~13:50)(14:00~14:50)],50분(표준),1,일반과목,예술체육실기,절대평가,일반(1~15주),비대상
1922,교양,교양,전학년,심화교양,예술체육,0003597003,SPORTS CLIMBING,SPORTS CLIMBING,김인경,제15호관 인문대학-218 회화실-5[15-218], [15-218:화(7)(8)], [15-218:화(15:00~15:50)(16:00~16:50)],50분(표준),1,일반과목,예술체육실기,절대평가,일반(1~15주),비대상
1923,교양,교양,전학년,심화교양,예술체육,0003598001,GOLF,GOLF,양종현,제20호관 스포츠센터-211 골프타석[20-211], [20-211:수(3)(4)], [20-211:수(11:00~11:50)(12:00~12:50)],50분(표준),1,일반과목,예술체육실기,절대평가,일반(1~15주),비대상
1924,교양,교양,전학년,심화교양,예술체육,0003598002,GOLF,GOLF,이세원,제20호관 스포츠센터-211 골프타석[20-211], [20-211:수(7)(8)], [20-211:수(15:00~15:50)(16:00~16:50)],50분(표준),1,일반과목,예술체육실기,절대평가,일반(1~15주),비대상
1925,교양,교양,전학년,심화교양,예술체육,0003598003,GOLF,GOLF,이세원,제20호관 스포츠센터-211 골프타석[20-211], [20-211:화(7)(8)], [20-211:화(15:00~15:50)(16:00~16:50)],50분(표준),1,일반과목,예술체육실기,절대평가,일반(1~15주),비대상
1926,교양,교양,전학년,심화교양,사회,0003604001,사회적기업론,STUDY ON SOCIAL ENTERPRISE,양준호,제12호관 컨벤션센터-105 하곡강의실(계단식(대))[12-105], [12-105:화(7-8A)(8B-9)], [12-105:화(15:00~16:15)(16:30~17:45)],75분,3,일반과목,강의(이론),상대평가,일반(1~15주),비대상
1927,교양,교양,전학년,심화교양,과학기술,0004327001,물의위기와환경,Water Crisis and Environment,이민수,제12호관 컨벤션센터-108 계단강의실(소)-1[12-108], [12-108:금(3)(4)(5)], [12-108:금(11:00~11:50)(12:00~12:50)(13:00~13:50)],50분(표준),3,일반과목,강의(이론),상대평가,일반(1~15주),비대상
1928,교양,교양,전학년,심화교양,과학기술,0004327002,물의위기와환경,Water Crisis and Environment,이민수,제12호관 컨벤션센터-108 계단강의실(소)-1[12-108], [12-108:금(7)(8)(9)], [12-108:금(15:00~15:50)(16:00~16:50)(17:00~17:50)],50분(표준),3,일반과목,강의(이론),상대평가,일반(1~15주),비대상
1929,교양,교양,전학년,심화교양,사회,0004330001,공공이슈와논쟁,Public Issues and Controversies,채드 앤더슨,제12호관 컨벤션센터-107 강의실[12-107], [12-107:목(5B-6)(7-8A)], [12-107:목(13:30~14:45)(15:00~16:15)],75분,3,일반과목,강의(이론),절대평가,일반(1~15주),원어강의(EN)
1930,교양,교양,전학년,심화교양,인문,0004338001,영상으로읽는서양문학,Readings in Western Literature via Visual Media,김계영,제12호관 컨벤션센터-107 강의실[12-107], [12-107:수(3)(4)(5)], [12-107:수(11:00~11:50)(12:00~12:50)(13:00~13:50)],50분(표준),3,일반과목,강의(이론),상대평가,일반(1~15주),비대상
1931,교양,교양,전학년,심화교양,인문,0004338002,영상으로읽는서양문학,Readings in Western Literature via Visual Media,김계영,제12호관 컨벤션센터-107 강의실[12-107], [12-107:화(3)(4)(5)], [12-107:화(11:00~11:50)(12:00~12:50)(13:00~13:50)],50분(표준),3,일반과목,강의(이론),상대평가,일반(1~15주),비대상
1932,교양,교양,전학년,심화교양,사회,0004342001,이슬람세계의이해,Understanding of Islam World,김효정,제12호관 컨벤션센터-404 영어랩실[12-404], [12-404:월(7)(8)(9)], [12-404:월(15:00~15:50)(16:00~16:50)(17:00~17:50)],50분(표준),3,일반과목,강의(이론),상대평가,일반(1~15주),비대상
1933,교양,교양,전학년,심화교양,사회,0004342002,이슬람세계의이해,Understanding of Islam World,김효정,제12호관 컨벤션센터-404 영어랩실[12-404], [12-404:월(야1)(야2)(야3)], [12-404:월(18:00~18:50)(18:55~19:45)(19:50~20:40)],50분(표준),3,일반과목,강의(이론),상대평가,일반(1~15주),비대상
1934,교양,교양,전학년,심화교양,사회,0004344001,한국사회의사회과학적이해,Social Scientific Understanding of Korean Society,김민정,제12호관 컨벤션센터-402 영어랩실[12-402], [12-402:수(7)(8)(9)], [12-402:수(15:00~15:50)(16:00~16:50)(17:00~17:50)],50분(표준),3,일반과목,강의(이론),상대평가,일반(1~15주),비대상
1935,교양,교양,전학년,심화교양,인문,0005067001,노자리더십의현대적해석,A Current Interpretation of Leadership in Taoism,안성재,제12호관 컨벤션센터-101 용정강의실(계단식(대))[12-101], [12-101:월(4)(5)(6)], [12-101:월(12:00~12:50)(13:00~13:50)(14:00~14:50)],50분(표준),3,일반과목,강의(이론),상대평가,일반(1~15주),비대상
1936,교양,교양,전학년,심화교양,사회,0005070001,OTL론,On OTL,서진완,제12호관 컨벤션센터-108 계단강의실(소)-1[12-108], [12-108:화(5B-6)(7-8A)], [12-108:화(13:30~14:45)(15:00~16:15)],75분,3,일반과목,강의(이론),상대평가,일반(1~15주),비대상
1937,교양,교양,전학년,심화교양,사회,0005073001,회계원리와세무의이해,Accounting Principles and Taxation,홍기용,제14호관 동북아경제·경영-103 강의실(소)-2[14-103], [14-103:수(7-8A)(8B-9)], [14-103:수(15:00~16:15)(16:30~17:45)],75분,3,일반과목,강의(이론),상대평가,일반(1~15주),비대상
1938,교양,교양,전학년,심화교양,사회,0005093001,결혼과가족,Marriage and the Family,류민영,제12호관 컨벤션센터-303 계단강의실(소)[12-303], [12-303:화(1)(2)(3)], [12-303:화(09:00~09:50)(10:00~10:50)(11:00~11:50)],50분(표준),3,일반과목,강의(이론),상대평가,일반(1~15주),비대상
1939,교양,교양,전학년,심화교양,사회,0005093002,결혼과가족,Marriage and the Family,류민영,제12호관 컨벤션센터-303 계단강의실(소)[12-303], [12-303:화(4)(5)(6)], [12-303:화(12:00~12:50)(13:00~13:50)(14:00~14:50)],50분(표준),3,일반과목,강의(이론),상대평가,일반(1~15주),비대상
1940,교양,교양,전학년,심화교양,사회,0005103001,기업가정신,Entrepreneurship,창업지원단,,,,50분(표준),1,일반과목,e-Learning,이수인정,일반(1~15주),비대상
1941,교양,교양,전학년,심화교양,인문,0005413001,현대사회와인성,Modern Society and Human Nature,신승원,제12호관 컨벤션센터-502 강의실(소)-5[12-502], [12-502:화(7)(8)(9)], [12-502:화(15:00~15:50)(16:00~16:50)(17:00~17:50)],50분(표준),3,일반과목,강의(이론),상대평가,일반(1~15주),비대상
1942,교양,교양,전학년,심화교양,인문,0005413002,현대사회와인성,Modern Society and Human Nature,신승원,제12호관 컨벤션센터-503 계단강의실(소)[12-503], [12-503:화(야1)(야2)(야3)], [12-503:화(18:00~18:50)(18:55~19:45)(19:50~20:40)],50분(표준),3,일반과목,강의(이론),상대평가,일반(1~15주),비대상
1943,교양,교양,전학년,심화교양,예술체육,0005417001,예술과친구하기,Being A Friend With Art,이계원,,,,50분(표준),2,일반과목,e-Learning,이수인정,일반(1~15주),비대상
1944,교양,교양,전학년,심화교양,과학기술,0006109001,대중매체속바이오테크놀로지,Biotechnology in mass media,예정용,,,,75분,3,일반과목,e-Learning,이수인정,일반(1~15주),비대상
1945,교양,교양,전학년,심화교양,인문,0006111001,인성건강과인문치료,Healthy Personality and Humanities Therapy,윤영돈,제12호관 컨벤션센터-103 계단강의실(대)-2[12-103], [12-103:화(7-8A)(8B-9)], [12-103:화(15:00~16:15)(16:30~17:45)],75분,3,일반과목,강의(이론),상대평가,일반(1~15주),비대상
1946,교양,교양,전학년,심화교양,인문,0006404001,한국문화의뉴웨이브,New Waves of Korean Culture,장영은,제15호관 인문대학-211 토론식강의실1[15-211], [15-211:금(4-5A)(5B-6)], [15-211:금(12:00~13:15)(13:30~14:45)],75분,3,"외국인,교환학생,복수학위제대상",강의(이론),절대평가,일반(1~15주),원어강의(EN)
1947,교양,교양,전학년,심화교양,과학기술,0006987001,신비로운해양생물이야기,Introduction to Marine Animals and Ecosystem,이재성,제5호관 자연과학대학·생명과학기술대학-335 강의실-대(계단식)[05-335], [05-335:화(2)(3)(4)], [05-335:화(10:00~10:50)(11:00~11:50)(12:00~12:50)],50분(표준),3,일반과목,강의(이론),상대평가,일반(1~15주),비대상
1948,교양,교양,전학년,심화교양,사회,0006989001,혁신과창업,Innovation & Start-ups,창업지원단,제9호관 공동실험실습관-509 강의실[09-509], [09-509:화(1)(2)(3)], [09-509:화(09:00~09:50)(10:00~10:50)(11:00~11:50)],50분(표준),3,일반과목,강의(이론),상대평가,일반(1~15주),비대상
1949,교양,교양,전학년,심화교양,인문,0006992001,동양의지혜와윤리,The Wisdom and Ethics of the Orient,송승석,제12호관 컨벤션센터-205 강의실(소)-2[12-205], [12-205:수(2B-3)(4-5A)], [12-205:수(10:30~11:45)(12:00~13:15)],75분,3,일반과목,강의(이론),상대평가,일반(1~15주),비대상
1950,교양,교양,전학년,심화교양,인문,0006992002,동양의지혜와윤리,The Wisdom and Ethics of the Orient,송승석,제12호관 컨벤션센터-205 강의실(소)-2[12-205], [12-205:화(2B-3)(4-5A)], [12-205:화(10:30~11:45)(12:00~13:15)],75분,3,일반과목,강의(이론),상대평가,일반(1~15주),비대상
1951,교양,교양,전학년,심화교양,인문,0006998001,(이공계를위한)중국과학기술의10가지기적,The Ten Miracles of China’s science and technology (for the Students of Natural Science and Engineering Colleges),이정희,제12호관 컨벤션센터-503 계단강의실(소)[12-503], [12-503:화(1-2A)(2B-3)], [12-503:화(09:00~10:15)(10:30~11:45)],75분,3,일반과목,강의(이론),상대평가,일반(1~15주),비대상
1952,교양,교양,전학년,심화교양,사회,0007001001,미래사회이해와미래예측,Understanding Futures and Futures Forecasting,오형석,제12호관 컨벤션센터-404 영어랩실[12-404], [12-404:수(6)(7)(8)], [12-404:수(14:00~14:50)(15:00~15:50)(16:00~16:50)],50분(표준),3,일반과목,강의(이론),상대평가,일반(1~15주),비대상
1953,교양,교양,전학년,심화교양,사회,0007001002,미래사회이해와미래예측,Understanding Futures and Futures Forecasting,오형석,제12호관 컨벤션센터-404 영어랩실[12-404], [12-404:수(야1)(야2)(야3)], [12-404:수(18:00~18:50)(18:55~19:45)(19:50~20:40)],50분(표준),3,일반과목,강의(이론),상대평가,일반(1~15주),비대상
1954,교양,교양,전학년,심화교양,사회,0007002001,헌법과시민의식,Constitutional Law and Citizenship,김영진,제12호관 컨벤션센터-105 하곡강의실(계단식(대))[12-105], [12-105:화(4-5A)(5B-6)], [12-105:화(12:00~13:15)(13:30~14:45)],75분,3,일반과목,강의(이론),상대평가,일반(1~15주),비대상
1955,교양,교양,전학년,심화교양,인문,0007008001,세계인식과인간의이해,Recognition of the world and Understanding Humans,이강원,제12호관 컨벤션센터-504 강의실(소)-1[12-504], [12-504:수(4-5A)(5B-6)], [12-504:수(12:00~13:15)(13:30~14:45)],75분,3,일반과목,강의(이론),상대평가,일반(1~15주),비대상
1956,교양,교양,전학년,심화교양,과학기술,0007360001,문화예술로배우는생명의기원,Understanding the Origin of life with Culture and Art,예정용,제12호관 컨벤션센터-105 하곡강의실(계단식(대))[12-105], [12-105:목(1-2A)(2B-3)], [12-105:목(09:00~10:15)(10:30~11:45)],75분,3,일반과목,강의(이론),상대평가,일반(1~15주),비대상
1957,교양,교양,전학년,심화교양,외국어,0007363001,한자와중국어,Chinese character and the Chinese language,안성재,제12호관 컨벤션센터-103 계단강의실(대)-2[12-103], [12-103:화(4)(5)(6)], [12-103:화(12:00~12:50)(13:00~13:50)(14:00~14:50)],50분(표준),3,일반과목,강의(이론),상대평가,일반(1~15주),비대상
1958,교양,교양,전학년,심화교양,사회,0007366001,배움특강,Special Lecture Series,학생취업처,제11호관 복지회관-208 소극장 [11-208], [11-208:수(8)(9)], [11-208:수(16:00~16:50)(17:00~17:50)],50분(표준),2,일반과목,강의(이론),이수인정,일반(1~15주),비대상
1959,교양,교양,전학년,심화교양,인문,0007400001,역사의창으로현대사회읽기,Understanding Contemporary Society through History,이상의,제12호관 컨벤션센터-503 계단강의실(소)[12-503], [12-503:목(2)(3)(4)], [12-503:목(10:00~10:50)(11:00~11:50)(12:00~12:50)],50분(표준),3,일반과목,강의(이론),상대평가,일반(1~15주),비대상
1960,교양,교양,전학년,심화교양,인문,0007910001,공자의인성론과리더십,Ethology and Leadership in Confucius,안성재,제12호관 컨벤션센터-103 계단강의실(대)-2[12-103], [12-103:수(4)(5)(6)], [12-103:수(12:00~12:50)(13:00~13:50)(14:00~14:50)],50분(표준),3,일반과목,강의(이론),상대평가,일반(1~15주),비대상
1961,교양,교양,전학년,심화교양,인문,0008297001,삶과천문학,Life and Astronomy,김민수,제12호관 컨벤션센터-406 강의실(소)-3[12-406], [12-406:수(4)(5)(6)], [12-406:수(12:00~12:50)(13:00~13:50)(14:00~14:50)],50분(표준),3,일반과목,강의(이론),상대평가,일반(1~15주),비대상
1962,교양,교양,전학년,심화교양,사회,0008300001,사례로보는광고의원리,Principles of Advertising A case Intensive Approach,박진성,,,,75분,3,일반과목,e-Learning,상대평가,일반(1~15주),비대상
1963,교양,교양,전학년,심화교양,사회,0008590001,스타트업소셜벤처,Startup Social venture,창업지원단,제9호관 공동실험실습관-509 강의실[09-509], [09-509:금(4)(5)(6)], [09-509:금(12:00~12:50)(13:00~13:50)(14:00~14:50)],50분(표준),3,일반과목,강의(이론),상대평가,일반(1~15주),비대상
1964,교양,교양,전학년,심화교양,예술체육,0008606001,연극예술과문화생활,Theater art and culture life,박근수,,,,50분(표준),2,일반과목,e-Learning,상대평가,일반(1~15주),비대상
1965,교양,교양,전학년,심화교양,예술체육,0008607001,무대미술의이해,Understanding of Scenography,임일진,제12호관 컨벤션센터-101 용정강의실(계단식(대))[12-101], [12-101:목(2B-3)(4-5A)], [12-101:목(10:30~11:45)(12:00~13:15)],75분,3,일반과목,강의(이론),상대평가,일반(1~15주),비대상
1966,교양,교양,전학년,심화교양,외국어,0008620001,한국어발표와토론1,Korean Presentation and Discussion 1,김정현,제15호관 인문대학-211 토론식강의실1[15-211], [15-211:목(1)(2)(3)], [15-211:목(09:00~09:50)(10:00~10:50)(11:00~11:50)],50분(표준),2,"외국인,교환학생,복수학위제대상",이론실험실습,상대평가,일반(1~15주),비대상
1967,교양,교양,전학년,심화교양,외국어,0008621001,한국어발표와토론2,Korean Presentation and Discussion 2,안희제,제15호관 인문대학-212 토론식강의실2[15-212], [15-212:목(1)(2)(3)], [15-212:목(09:00~09:50)(10:00~10:50)(11:00~11:50)],50분(표준),2,"외국인,교환학생,복수학위제대상",이론실험실습,상대평가,일반(1~15주),비대상
1968,교양,교양,전학년,심화교양,외국어,0008622001,한국어글쓰기1,Academic Korean Writing 1,김정현,제15호관 인문대학-211 토론식강의실1[15-211], [15-211:화(1)(2)(3)], [15-211:화(09:00~09:50)(10:00~10:50)(11:00~11:50)],50분(표준),2,"외국인,교환학생,복수학위제대상",이론실험실습,상대평가,일반(1~15주),비대상
1969,교양,교양,전학년,심화교양,외국어,0008623001,한국어글쓰기2,Academic Korean Writing 2,안희제,제15호관 인문대학-212 토론식강의실2[15-212], [15-212:화(1)(2)(3)], [15-212:화(09:00~09:50)(10:00~10:50)(11:00~11:50)],50분(표준),2,"외국인,교환학생,복수학위제대상",이론실험실습,상대평가,일반(1~15주),비대상
1970,교양,교양,전학년,심화교양,외국어,0008624001,한국어문화읽기1,Reading Korean Culture 1,김정현,제15호관 인문대학-211 토론식강의실1[15-211], [15-211:목(7)(8)(9)], [15-211:목(15:00~15:50)(16:00~16:50)(17:00~17:50)],50분(표준),2,"외국인,교환학생,복수학위제대상",이론실험실습,상대평가,일반(1~15주),비대상
1971,교양,교양,전학년,심화교양,외국어,0008625001,한국어문화읽기2,Reading Korean Culture 2,안희제,제15호관 인문대학-212 토론식강의실2[15-212], [15-212:목(7)(8)(9)], [15-212:목(15:00~15:50)(16:00~16:50)(17:00~17:50)],50분(표준),2,"외국인,교환학생,복수학위제대상",이론실험실습,상대평가,일반(1~15주),비대상
1972,교양,교양,전학년,심화교양,사회,0008628001,한국사회의발전과변동이해,Development and Social Change in Korea,김민정,제12호관 컨벤션센터-402 영어랩실[12-402], [12-402:수(야1)(야2)(야3)], [12-402:수(18:00~18:50)(18:55~19:45)(19:50~20:40)],50분(표준),3,일반과목,강의(이론),상대평가,일반(1~15주),비대상
1973,교양,교양,전학년,심화교양,사회,0009076001,Understanding Business,Understanding Business,김경미,,,,75분,3,일반과목,e-Learning,절대평가,일반(1~15주),원어강의(EN)
1974,교양,교양,전학년,심화교양,외국어,0009081001,Introductory College Writing,Introductory College Writing,피터 래버,제12호관 컨벤션센터-404 영어랩실[12-404], [12-404:목(2)(3)(4)], [12-404:목(10:00~10:50)(11:00~11:50)(12:00~12:50)],50분(표준),3,일반과목,강의(이론),절대평가,일반(1~15주),원어강의(EN)
1975,교양,교양,전학년,심화교양,인문,0009083001,Language and Culture,Language and Culture,조지민,제12호관 컨벤션센터-404 영어랩실[12-404], [12-404:수(1)(2)(3)], [12-404:수(09:00~09:50)(10:00~10:50)(11:00~11:50)],50분(표준),3,일반과목,강의(이론),절대평가,일반(1~15주),원어강의(EN)
1976,교양,교양,전학년,심화교양,예술체육,0009089001,Introduction to Film and Media Studies,Introduction to Film and Media Studies,조지민,제12호관 컨벤션센터-405 영어랩실[12-405], [12-405:수(6)(7)(8)], [12-405:수(14:00~14:50)(15:00~15:50)(16:00~16:50)],50분(표준),3,일반과목,강의(이론),절대평가,일반(1~15주),원어강의(EN)
1977,교양,교양,전학년,심화교양,인문,0009090001,필독교양도서읽기1,Required Reading Books 1,김규환,,,,50분(표준),1,일반과목,강의(이론),이수인정,일반(1~15주),비대상
1978,교양,교양,전학년,심화교양,인문,0009091001,필독교양도서읽기2,Required Reading Books 2,김규환,,,,50분(표준),1,일반과목,강의(이론),이수인정,일반(1~15주),비대상
1979,교양,교양,전학년,심화교양,인문,0009092001,필독교양도서읽기3,Required Reading Books 3,김규환,,,,50분(표준),1,일반과목,강의(이론),이수인정,일반(1~15주),비대상
1980,교양,교양,전학년,심화교양,사회,0009329001,인권법과젠더감수성,Human Rights Law and Gender Sensitization,김영진,제12호관 컨벤션센터-105 하곡강의실(계단식(대))[12-105], [12-105:수(4-5A)(5B-6)], [12-105:수(12:00~13:15)(13:30~14:45)],75분,3,일반과목,강의(이론),상대평가,일반(1~15주),비대상
1981,교양,교양,전학년,심화교양,사회,0009334001,국제질서의변화와한국의대응,Korean Responses to Changing International Orders,송윤진,제12호관 컨벤션센터-501 강의실(소)-6[12-501], [12-501:목(야1-2A)(야2B-3)], [12-501:목(18:00~19:15)(19:25~20:40)],75분,3,일반과목,강의(이론),상대평가,일반(1~15주),비대상
1982,교양,교양,전학년,심화교양,인문,0009336001,영상으로만나는중국,The China seen through Video and Multimedia Image,이정희,제12호관 컨벤션센터-403 계단강의실(소)[12-403], [12-403:목(1-2A)(2B-3)], [12-403:목(09:00~10:15)(10:30~11:45)],75분,3,일반과목,강의(이론),상대평가,일반(1~15주),비대상
1983,교양,교양,전학년,심화교양,인문,0009336002,영상으로만나는중국,The China seen through Video and Multimedia Image,이정희,제12호관 컨벤션센터-403 계단강의실(소)[12-403], [12-403:수(1-2A)(2B-3)], [12-403:수(09:00~10:15)(10:30~11:45)],75분,3,일반과목,강의(이론),상대평가,일반(1~15주),비대상
1984,교양,교양,전학년,심화교양,인문,0009337001,역사로만나는중국의문화코드,Chinese Cultural Code from historical perspective,김지환,제12호관 컨벤션센터-503 계단강의실(소)[12-503], [12-503:화(4-5A)(5B-6)], [12-503:화(12:00~13:15)(13:30~14:45)],75분,3,일반과목,강의(이론),상대평가,일반(1~15주),비대상
1985,교양,교양,전학년,심화교양,외국어,0009340001,실전토익700,Advanced TOEIC 700,차현지,제12호관 컨벤션센터-505 강의실(소)-2[12-505], [12-505:수(5)(6)], [12-505:수(13:00~13:50)(14:00~14:50)],50분(표준),2,일반과목,강의(이론),상대평가,일반(1~15주),비대상
1986,교양,교양,전학년,심화교양,외국어,0009341001,글로벌실무영어,Global Practical English,김연정,제12호관 컨벤션센터-507 강의실(소)-4[12-507], [12-507:화(3)(4)], [12-507:화(11:00~11:50)(12:00~12:50)],50분(표준),2,일반과목,강의(이론),상대평가,일반(1~15주),비대상
1987,교양,교양,전학년,심화교양,예술체육,0009775001,StepbyStep피아노,Step by Step Piano,허자현,제12호관 컨벤션센터-306 음악실(피아노)1[12-306], [12-306:화(2)(3)], [12-306:화(10:00~10:50)(11:00~11:50)],50분(표준),1,일반과목,예술체육실기,절대평가,일반(1~15주),비대상
1988,교양,교양,전학년,심화교양,예술체육,0009775002,StepbyStep피아노,Step by Step Piano,허자현,제12호관 컨벤션센터-306 음악실(피아노)1[12-306], [12-306:화(4)(5)], [12-306:화(12:00~12:50)(13:00~13:50)],50분(표준),1,일반과목,예술체육실기,절대평가,일반(1~15주),비대상
1989,교양,교양,전학년,심화교양,예술체육,0009775003,StepbyStep피아노,Step by Step Piano,김준희,제12호관 컨벤션센터-306 음악실(피아노)1[12-306], [12-306:수(4)(5)], [12-306:수(12:00~12:50)(13:00~13:50)],50분(표준),1,일반과목,예술체육실기,절대평가,일반(1~15주),비대상
1990,교양,교양,전학년,심화교양,예술체육,0009775004,StepbyStep피아노,Step by Step Piano,김준희,제12호관 컨벤션센터-306 음악실(피아노)1[12-306], [12-306:수(8)(9)], [12-306:수(16:00~16:50)(17:00~17:50)],50분(표준),1,일반과목,예술체육실기,절대평가,일반(1~15주),비대상
1991,교양,교양,전학년,심화교양,예술체육,0009775005,StepbyStep피아노,Step by Step Piano,최정윤,제12호관 컨벤션센터-306 음악실(피아노)1[12-306], [12-306:목(4)(5)], [12-306:목(12:00~12:50)(13:00~13:50)],50분(표준),1,일반과목,예술체육실기,절대평가,일반(1~15주),비대상
1992,교양,교양,전학년,심화교양,예술체육,0009775006,StepbyStep피아노,Step by Step Piano,최정윤,제12호관 컨벤션센터-306 음악실(피아노)1[12-306], [12-306:목(6)(7)], [12-306:목(14:00~14:50)(15:00~15:50)],50분(표준),1,일반과목,예술체육실기,절대평가,일반(1~15주),비대상
1993,교양,교양,전학년,심화교양,예술체육,0009776001,피아노능숙하게다루기,Intermediate Piano,김준희,제12호관 컨벤션센터-306 음악실(피아노)1[12-306], [12-306:수(6)(7)], [12-306:수(14:00~14:50)(15:00~15:50)],50분(표준),1,일반과목,예술체육실기,절대평가,일반(1~15주),비대상
1994,교양,교양,전학년,심화교양,예술체육,0009776002,피아노능숙하게다루기,Intermediate Piano,최정윤,제12호관 컨벤션센터-306 음악실(피아노)1[12-306], [12-306:목(2)(3)], [12-306:목(10:00~10:50)(11:00~11:50)],50분(표준),1,일반과목,예술체육실기,절대평가,일반(1~15주),비대상
1995,교양,교양,전학년,심화교양,예술체육,0009777001,처음하는기타연주,Beginning Guitar,김현승,제12호관 컨벤션센터-307 음악실(기타)2[12-307], [12-307:수(4)(5)], [12-307:수(12:00~12:50)(13:00~13:50)],50분(표준),1,일반과목,예술체육실기,절대평가,일반(1~15주),비대상
1996,교양,교양,전학년,심화교양,예술체육,0009777002,처음하는기타연주,Beginning Guitar,김현승,제12호관 컨벤션센터-307 음악실(기타)2[12-307], [12-307:수(6)(7)], [12-307:수(14:00~14:50)(15:00~15:50)],50분(표준),1,일반과목,예술체육실기,절대평가,일반(1~15주),비대상
1997,교양,교양,전학년,심화교양,예술체육,0009777003,처음하는기타연주,Beginning Guitar,김현승,제12호관 컨벤션센터-307 음악실(기타)2[12-307], [12-307:수(8)(9)], [12-307:수(16:00~16:50)(17:00~17:50)],50분(표준),1,일반과목,예술체육실기,절대평가,일반(1~15주),비대상
1998,교양,교양,전학년,심화교양,예술체육,0009777004,처음하는기타연주,Beginning Guitar,권정구,제12호관 컨벤션센터-307 음악실(기타)2[12-307], [12-307:목(3)(4)], [12-307:목(11:00~11:50)(12:00~12:50)],50분(표준),1,일반과목,예술체육실기,절대평가,일반(1~15주),비대상
1999,교양,교양,전학년,심화교양,예술체육,0009777005,처음하는기타연주,Beginning Guitar,권정구,제12호관 컨벤션센터-307 음악실(기타)2[12-307], [12-307:목(5)(6)], [12-307:목(13:00~13:50)(14:00~14:50)],50분(표준),1,일반과목,예술체육실기,절대평가,일반(1~15주),비대상
2000,교양,교양,전학년,심화교양,예술체육,0009777006,처음하는기타연주,Beginning Guitar,조예리,제12호관 컨벤션센터-307 음악실(기타)2[12-307], [12-307:화(6)(7)], [12-307:화(14:00~14:50)(15:00~15:50)],50분(표준),1,일반과목,예술체육실기,절대평가,일반(1~15주),비대상
2001,교양,교양,전학년,심화교양,예술체육,0009777007,처음하는기타연주,Beginning Guitar,조예리,제12호관 컨벤션센터-307 음악실(기타)2[12-307], [12-307:화(8)(9)], [12-307:화(16:00~16:50)(17:00~17:50)],50분(표준),1,일반과목,예술체육실기,절대평가,일반(1~15주),비대상
2002,교양,교양,전학년,심화교양,예술체육,0009778001,기타연주엘리트입문,Intermediate Guitar,권정구,제12호관 컨벤션센터-307 음악실(기타)2[12-307], [12-307:목(7)(8)], [12-307:목(15:00~15:50)(16:00~16:50)],50분(표준),1,일반과목,예술체육실기,절대평가,일반(1~15주),비대상
2003,교양,교양,전학년,심화교양,예술체육,0009778002,기타연주엘리트입문,Intermediate Guitar,조예리,제12호관 컨벤션센터-307 음악실(기타)2[12-307], [12-307:화(야1)(야2)], [12-307:화(18:00~18:50)(18:55~19:45)],50분(표준),1,일반과목,예술체육실기,절대평가,일반(1~15주),비대상
2004,교양,교양,전학년,심화교양,인문,0009780001,융복합시대의스피치커뮤니케이션,Convergence Technology and Speech Communication,김평원,,,,50분(표준),2,일반과목,e-Learning,상대평가,일반(1~15주),비대상
2005,교양,교양,전학년,심화교양,예술체육,0010137001,영화예술과문화생활,Film Art and Culture Life,박근수,,,,50분(표준),2,일반과목,e-Learning,상대평가,일반(1~15주),비대상
2006,교양,교양,전학년,심화교양,외국어,0010143001,대중영어말하기,English Public Speaking,김정옥,제12호관 컨벤션센터-402 영어랩실[12-402], [12-402:수(4)(5)], [12-402:수(12:00~12:50)(13:00~13:50)],50분(표준),2,일반과목,강의(이론),상대평가,일반(1~15주),비대상
2007,교양,교양,전학년,심화교양,인문,0010146001,취업을위한글쓰기와말하기,Writing and Speaking for Employment,이승윤,제12호관 컨벤션센터-504 강의실(소)-1[12-504], [12-504:수(1)(2)(3)], [12-504:수(09:00~09:50)(10:00~10:50)(11:00~11:50)],50분(표준),3,일반과목,강의(이론),상대평가,일반(1~15주),비대상
2008,교양,교양,전학년,심화교양,과학기술,0010352001,경이로운생명이야기,Wonderful Life Story,윤영준,제12호관 컨벤션센터-403 계단강의실(소)[12-403], [12-403:목(4)(5)(6)], [12-403:목(12:00~12:50)(13:00~13:50)(14:00~14:50)],50분(표준),3,일반과목,강의(이론),상대평가,일반(1~15주),비대상
2009,교양,교양,전학년,심화교양,과학기술,0010352002,경이로운생명이야기,Wonderful Life Story,윤영준,제12호관 컨벤션센터-403 계단강의실(소)[12-403], [12-403:목(7)(8)(9)], [12-403:목(15:00~15:50)(16:00~16:50)(17:00~17:50)],50분(표준),3,일반과목,강의(이론),상대평가,일반(1~15주),비대상
2010,교양,교양,전학년,심화교양,과학기술,0010353001,우리가살고있는신비한지구,The Mysterious Earth We Live in,최윤성,제12호관 컨벤션센터-501 강의실(소)-6[12-501], [12-501:금(2)(3)(4)], [12-501:금(10:00~10:50)(11:00~11:50)(12:00~12:50)],50분(표준),3,일반과목,강의(이론),상대평가,일반(1~15주),비대상
2011,교양,교양,전학년,심화교양,과학기술,0010353002,우리가살고있는신비한지구,The Mysterious Earth We Live in,최윤성,제12호관 컨벤션센터-501 강의실(소)-6[12-501], [12-501:금(6)(7)(8)], [12-501:금(14:00~14:50)(15:00~15:50)(16:00~16:50)],50분(표준),3,일반과목,강의(이론),상대평가,일반(1~15주),비대상
2012,교양,교양,전학년,심화교양,인문,0010354001,디지털세상의사이버윤리,CYBER ETHICS IN A DIGITAL WORLD,김성우,제12호관 컨벤션센터-107 강의실[12-107], [12-107:금(1)(2)(3)], [12-107:금(09:00~09:50)(10:00~10:50)(11:00~11:50)],50분(표준),3,일반과목,강의(이론),상대평가,일반(1~15주),비대상
2013,교양,교양,전학년,심화교양,인문,0010354002,디지털세상의사이버윤리,CYBER ETHICS IN A DIGITAL WORLD,김성우,제12호관 컨벤션센터-107 강의실[12-107], [12-107:금(5)(6)(7)], [12-107:금(13:00~13:50)(14:00~14:50)(15:00~15:50)],50분(표준),3,일반과목,강의(이론),상대평가,일반(1~15주),비대상
2014,교양,교양,전학년,심화교양,사회,0010355001,생활속의경제원리,Economic Principles of Life,이기환,제12호관 컨벤션센터-105 하곡강의실(계단식(대))[12-105], [12-105:목(7-8A)(8B-9)], [12-105:목(15:00~16:15)(16:30~17:45)],75분,3,일반과목,강의(이론),상대평가,일반(1~15주),비대상
2015,교양,교양,전학년,심화교양,사회,0010355002,생활속의경제원리,Economic Principles of Life,오경희,제12호관 컨벤션센터-205 강의실(소)-2[12-205], [12-205:월(7)(8)(9)], [12-205:월(15:00~15:50)(16:00~16:50)(17:00~17:50)],50분(표준),3,일반과목,강의(이론),상대평가,일반(1~15주),비대상
2016,교양,교양,전학년,심화교양,사회,0010355003,생활속의경제원리,Economic Principles of Life,오경희,제12호관 컨벤션센터-205 강의실(소)-2[12-205], [12-205:월(야1)(야2)(야3)], [12-205:월(18:00~18:50)(18:55~19:45)(19:50~20:40)],50분(표준),3,일반과목,강의(이론),상대평가,일반(1~15주),비대상
2017,교양,교양,전학년,심화교양,인문,0010356001,종교와문화,RELIGION AND CULTURE,정용택,제12호관 컨벤션센터-502 강의실(소)-5[12-502], [12-502:월(2)(3)(4)], [12-502:월(10:00~10:50)(11:00~11:50)(12:00~12:50)],50분(표준),3,일반과목,강의(이론),상대평가,일반(1~15주),비대상
2018,교양,교양,전학년,심화교양,인문,0010356002,종교와문화,RELIGION AND CULTURE,정용택,제12호관 컨벤션센터-507 강의실(소)-4[12-507], [12-507:월(6)(7)(8)], [12-507:월(14:00~14:50)(15:00~15:50)(16:00~16:50)],50분(표준),3,일반과목,강의(이론),상대평가,일반(1~15주),비대상
2019,교양,교양,전학년,심화교양,예술체육,0010357001,스토리텔링뮤직,STORYTELLING AND MUSIC,김규,제12호관 컨벤션센터-103 계단강의실(대)-2[12-103], [12-103:목(1)(2)(3)], [12-103:목(09:00~09:50)(10:00~10:50)(11:00~11:50)],50분(표준),2,일반과목,이론실험실습,상대평가,일반(1~15주),비대상
2020,교양,교양,전학년,심화교양,예술체육,0010357002,스토리텔링뮤직,STORYTELLING AND MUSIC,김규,제12호관 컨벤션센터-103 계단강의실(대)-2[12-103], [12-103:목(4)(5)(6)], [12-103:목(12:00~12:50)(13:00~13:50)(14:00~14:50)],50분(표준),2,일반과목,이론실험실습,상대평가,일반(1~15주),비대상
2021,교양,교양,전학년,심화교양,과학기술,0010536001,동물과인간사회,Animals and Human society,이종구,제12호관 컨벤션센터-303 계단강의실(소)[12-303], [12-303:목(5)(6)(7)], [12-303:목(13:00~13:50)(14:00~14:50)(15:00~15:50)],50분(표준),3,일반과목,강의(이론),절대평가,일반(1~15주),원어강의(EN)
2022,교양,교양,전학년,심화교양,사회,0010635001,한반도와유라시아,Korean Peninsula and Eurasia,조형진,제12호관 컨벤션센터-303 계단강의실(소)[12-303], [12-303:수(5B-6)(7-8A)], [12-303:수(13:30~14:45)(15:00~16:15)],75분,3,일반과목,강의(이론),상대평가,일반(1~15주),비대상
2023,교양,교양,전학년,심화교양,사회,0010640001,지식나눔과사회공헌,Knowledge sharing and social contribution,이영수,제12호관 컨벤션센터-107 강의실[12-107], [12-107:화(야2)(야3)], [12-107:화(18:55~19:45)(19:50~20:40)],50분(표준),1,일반과목,사회봉사(2),이수인정,일반(1~15주),비대상
2024,교양,교양,전학년,심화교양,인문,0011235001,서양의지혜와철학,The Wisdom and Philosophy of the West,송대현,제12호관 컨벤션센터-505 강의실(소)-2[12-505], [12-505:화(7-8A)(8B-9)], [12-505:화(15:00~16:15)(16:30~17:45)],75분,3,일반과목,강의(이론),상대평가,일반(1~15주),비대상
2025,교양,교양,전학년,심화교양,인문,0011235002,서양의지혜와철학,The Wisdom and Philosophy of the West,송대현,제12호관 컨벤션센터-505 강의실(소)-2[12-505], [12-505:월(야1)(야2)(야3)], [12-505:월(18:00~18:50)(18:55~19:45)(19:50~20:40)],50분(표준),3,일반과목,강의(이론),상대평가,일반(1~15주),비대상
2026,교양,교양,전학년,심화교양,인문,0011236001,문화사로읽는삼국지,Romance of the  Three Kingdoms Read as Cultural History,이은봉,제12호관 컨벤션센터-303 계단강의실(소)[12-303], [12-303:수(2)(3)(4)], [12-303:수(10:00~10:50)(11:00~11:50)(12:00~12:50)],50분(표준),3,일반과목,강의(이론),상대평가,일반(1~15주),비대상
2027,교양,교양,전학년,심화교양,인문,0011238001,소셜미디어시대의명상과수련,Cultivation and Meditation in the Socil Media era,김윤경,제12호관 컨벤션센터-107 강의실[12-107], [12-107:목(2B-3)(4-5A)], [12-107:목(10:30~11:45)(12:00~13:15)],75분,3,일반과목,강의(이론),상대평가,일반(1~15주),비대상
2028,교양,교양,전학년,심화교양,인문,0011239001,한국전근대사의이해,Understanding the Pre modern History of Korea,신유아,제12호관 컨벤션센터-303 계단강의실(소)[12-303], [12-303:월(5B-6)(7-8A)], [12-303:월(13:30~14:45)(15:00~16:15)],75분,3,일반과목,강의(이론),상대평가,일반(1~15주),비대상
2029,교양,교양,전학년,심화교양,외국어,0011242001,한국생활과학업,Korean Life and Study,정미진,제15호관 인문대학-211 토론식강의실1[15-211], [15-211:월(7)(8)], [15-211:월(15:00~15:50)(16:00~16:50)],50분(표준),1,"외국인,교환학생,복수학위제대상",실험실습,이수인정,일반(1~15주),비대상
2030,교양,교양,전학년,심화교양,예술체육,0011243001,한국미술과미,The Authentic Beauty of Korean Arts,송윤주,제12호관 컨벤션센터-203 계단강의실(소)[12-203], [12-203:화(2)(3)(4)], [12-203:화(10:00~10:50)(11:00~11:50)(12:00~12:50)],50분(표준),3,일반과목,강의(이론),상대평가,일반(1~15주),비대상
2031,교양,교양,전학년,심화교양,과학기술,0011617001,엔지니어정약용탐구,Introduction to the Engineer Jeong Yak Yong,교육혁신본부,,,,50분(표준),1,일반과목,K-MOOC,이수인정,일반(1~15주),비대상
2032,교양,교양,전학년,심화교양,사회,0011618001,사회적경제기업가의경영전략,Study on Management Strategies for the Social Economy Organization,교육혁신본부,,,,50분(표준),1,일반과목,K-MOOC,이수인정,일반(1~15주),비대상
2033,교양,교양,전학년,심화교양,인문,0011619001,역사초보자를위한한국사엿보기,A peek into Korean history for beginners,교육혁신본부,,,,50분(표준),1,일반과목,K-MOOC,이수인정,일반(1~15주),비대상
2034,교양,교양,전학년,심화교양,사회,0011620001,삶과경력개발,Life and career development,교육혁신본부,,,,50분(표준),1,일반과목,K-MOOC,이수인정,일반(1~15주),비대상
2035,교양,교양,전학년,심화교양,인문,0011621001,교과서에서만나지못한조선의역사,History of Joseon not met in textbooks,교육혁신본부,,,,50분(표준),1,일반과목,K-MOOC,이수인정,일반(1~15주),비대상
2036,교양,교양,전학년,심화교양,인문,0011622001,K컬처와한국사상,K Culture and Korean Thought,교육혁신본부,,,,50분(표준),1,일반과목,K-MOOC,이수인정,일반(1~15주),비대상
2037,교양,교양,전학년,심화교양,과학기술,0011623001,3D모션캡쳐와관련기술의적용,3D motion capture and the application of related technologies,교육혁신본부,,,,50분(표준),1,일반과목,K-MOOC,이수인정,일반(1~15주),비대상
2038,교양,교양,전학년,심화교양,과학기술,0011624001,미생물학입문,Introduction to Microbiology,교육혁신본부,,,,50분(표준),1,일반과목,K-MOOC,이수인정,일반(1~15주),비대상
2039,교양,교양,전학년,심화교양,사회,0011625001,실생활에서만나는경영의사결정,Managerial Decision Making in Real Life,교육혁신본부,,,,50분(표준),1,일반과목,K-MOOC,이수인정,일반(1~15주),비대상
2040,교양,교양,전학년,심화교양,사회,0011626001,인공지능시대의의사소통역량교육,Communication competency education in the age of artificial intelligence,교육혁신본부,,,,50분(표준),1,일반과목,K-MOOC,이수인정,일반(1~15주),비대상
2041,교양,교양,전학년,심화교양,예술체육,0011629001,음악과사회,Music and Society,김희진,제12호관 컨벤션센터-404 영어랩실[12-404], [12-404:화(5)(6)(7)], [12-404:화(13:00~13:50)(14:00~14:50)(15:00~15:50)],50분(표준),3,일반과목,강의(이론),상대평가,일반(1~15주),비대상
2042,교양,교양,전학년,심화교양,인문,0011632001,글로벌인천스토리텔링,Storytelling in Global Incheon,송승석,제12호관 컨벤션센터-205 강의실(소)-2[12-205], [12-205:화(5B-6)(7-8A)], [12-205:화(13:30~14:45)(15:00~16:15)],75분,3,일반과목,강의(이론),상대평가,일반(1~15주),비대상
2043,교양,교양,전학년,심화교양,사회,0011633001,경영데이터분석,Business Data Analytics,강희재,,,,75분,3,일반과목,e-Learning,상대평가,일반(1~15주),비대상
2044,교양,교양,전학년,심화교양,사회,0011635001,디지털미디어로보는무역과통상,International Trade in Digital Media,고보민,제12호관 컨벤션센터-108 계단강의실(소)-1[12-108], [12-108:수(5)(6)(7)], [12-108:수(13:00~13:50)(14:00~14:50)(15:00~15:50)],50분(표준),3,일반과목,강의(이론),상대평가,일반(1~15주),비대상
2045,교양,교양,전학년,심화교양,외국어,0011637001,기초러시아어,BASIC RUSSIAN,강성희,제12호관 컨벤션센터-406 강의실(소)-3[12-406], [12-406:금(2)(3)(4)], [12-406:금(10:00~10:50)(11:00~11:50)(12:00~12:50)],50분(표준),3,일반과목,강의(이론),상대평가,일반(1~15주),비대상
2046,교양,교양,전학년,심화교양,외국어,0011637002,기초러시아어,BASIC RUSSIAN,강성희,제12호관 컨벤션센터-406 강의실(소)-3[12-406], [12-406:금(6)(7)(8)], [12-406:금(14:00~14:50)(15:00~15:50)(16:00~16:50)],50분(표준),3,일반과목,강의(이론),상대평가,일반(1~15주),비대상
2047,교양,교양,전학년,심화교양,외국어,0011639001,문화로배우는생활프랑스어,French in Real Life Learned from French Culture,이영석,제15호관 인문대학-212 토론식강의실2[15-212], [15-212:화(5B-6)(7-8A)], [15-212:화(13:30~14:45)(15:00~16:15)],75분,3,일반과목,강의(이론),상대평가,일반(1~15주),비대상
2048,교양,교양,전학년,심화교양,외국어,0011639002,문화로배우는생활프랑스어,French in Real Life Learned from French Culture,이영석,제12호관 컨벤션센터-506 강의실(소)-3[12-506], [12-506:목(5B-6)(7-8A)], [12-506:목(13:30~14:45)(15:00~16:15)],75분,3,일반과목,강의(이론),상대평가,일반(1~15주),비대상
2049,교양,교양,전학년,심화교양,외국어,0011642001,기초아랍어,Basic Arabic,김효정,제15호관 인문대학-211 토론식강의실1[15-211], [15-211:화(7)(8)(9)], [15-211:화(15:00~15:50)(16:00~16:50)(17:00~17:50)],50분(표준),3,일반과목,강의(이론),상대평가,일반(1~15주),비대상
2050,교양,교양,전학년,심화교양,사회,0011643001,나로부터시작하는사회공헌,Social contribution that starts with me,이영수,제12호관 컨벤션센터-107 강의실[12-107], [12-107:목(야2)(야3)], [12-107:목(18:55~19:45)(19:50~20:40)],50분(표준),1,일반과목,사회봉사(3),이수인정,일반(1~15주),비대상
2051,교양,교양,전학년,심화교양,인문,0011649001,인문사회과학과텍스트마이닝,Humanities and Social Sciences with Text Mining,추교남,제12호관 컨벤션센터-305 스마트강의실2[12-305], [12-305:수(4)(5)(6)], [12-305:수(12:00~12:50)(13:00~13:50)(14:00~14:50)],50분(표준),3,일반과목,강의(이론),상대평가,일반(1~15주),비대상
2052,교양,교양,전학년,심화교양,사회,0011652001,사고력향상법,Thinking Approach Development,박동명,제15호관 인문대학-201 SOUP강의실(계단식(대))[15-201], [15-201:화(4-5A)(5B-6)], [15-201:화(12:00~13:15)(13:30~14:45)],75분,3,일반과목,강의(이론),이수인정,일반(1~15주),비대상
2053,교양,교양,전학년,심화교양,과학기술,0011653001,영화로배우는독성학개론,Introduction to Toxicology with Movies,예정용,,,,75분,3,일반과목,e-Learning,상대평가,일반(1~15주),비대상
2054,교양,교양,전학년,심화교양,과학기술,0011842001,디지털시대의모바일앱만들기,Creating mobile apps in the digital era,박승진,제4호관 BM컨텐츠관-105 전산실습실-2[04-105], [04-105:수(7-8A)(8B-9)], [04-105:수(15:00~16:15)(16:30~17:45)],75분,3,일반과목,강의(이론),상대평가,일반(1~15주),비대상
2055,교양,교양,전학년,심화교양,사회,0011847001,미디어똑바로보기,Social issue fake news political authority,안호림,제12호관 컨벤션센터-203 계단강의실(소)[12-203], [12-203:화(야1-2A)(야2B-3)], [12-203:화(18:00~19:15)(19:25~20:40)],75분,3,일반과목,강의(이론),상대평가,일반(1~15주),비대상
2056,교양,교양,전학년,심화교양,외국어,0011850001,토익리딩집중,Focus on TOEIC Reading,이은재,제12호관 컨벤션센터-505 강의실(소)-2[12-505], [12-505:목(4)(5)], [12-505:목(12:00~12:50)(13:00~13:50)],50분(표준),2,일반과목,강의(이론),상대평가,일반(1~15주),비대상
2057,교양,교양,전학년,심화교양,인문,0011852001,문화콘텐츠로보는우리역사,Our History as seen through cultural contents,이형우,,,,75분,3,일반과목,e-Learning,상대평가,일반(1~15주),비대상
2058,교양,교양,전학년,심화교양,예술체육,0011854001,스포츠로이해하는개념,Understanding concepts through sport,윤기준,제12호관 컨벤션센터-101 용정강의실(계단식(대))[12-101], [12-101:수(2)(3)(4)], [12-101:수(10:00~10:50)(11:00~11:50)(12:00~12:50)],50분(표준),3,일반과목,온라인혼합형강좌,상대평가,일반(1~15주),비대상
2059,교양,교양,전학년,심화교양,예술체육,0011855001,초급자유형,Freestyle Swimming for Beginners,김민철,제20호관 스포츠센터-110 수영장[20-110], [20-110:수(3)(4)], [20-110:수(11:00~11:50)(12:00~12:50)],50분(표준),1,일반과목,예술체육실기,절대평가,일반(1~15주),비대상
2060,교양,교양,전학년,심화교양,예술체육,0011856001,소도구필라테스체형교정,Prop Pilates for Body Shape Correction,양명주,제20호관 스포츠센터-205 무도장[20-205], [20-205:수(6)(7)], [20-205:수(14:00~14:50)(15:00~15:50)],50분(표준),1,일반과목,예술체육실기,절대평가,일반(1~15주),비대상
2061,교양,교양,전학년,심화교양,예술체육,0011856002,소도구필라테스체형교정,Prop Pilates for Body Shape Correction,양명주,제20호관 스포츠센터-205 무도장[20-205], [20-205:수(8)(9)], [20-205:수(16:00~16:50)(17:00~17:50)],50분(표준),1,일반과목,예술체육실기,절대평가,일반(1~15주),비대상
2062,교양,교양,전학년,심화교양,예술체육,0011857001,음악으로읽는세계문화사,Reading the Cultural History of the World through Music,김희진,제12호관 컨벤션센터-501 강의실(소)-6[12-501], [12-501:화(1)(2)(3)], [12-501:화(09:00~09:50)(10:00~10:50)(11:00~11:50)],50분(표준),3,일반과목,강의(이론),상대평가,일반(1~15주),비대상
2063,교양,교양,전학년,심화교양,사회,0011858001,인공지능시대의미디어교육,Journalism Education in the Age of Artificial Intelligence,교육혁신본부,,,,50분(표준),1,일반과목,K-MOOC,이수인정,일반(1~15주),비대상
2064,교양,교양,전학년,심화교양,예술체육,0011860001,요가와명상,Yoga and Meditation,하지혜,제20호관 스포츠센터-105 헬스장(GX룸)[20-105], [20-105:월(2)(3)], [20-105:월(10:00~10:50)(11:00~11:50)],50분(표준),1,일반과목,예술체육실기,절대평가,일반(1~15주),비대상
2065,교양,교양,전학년,심화교양,예술체육,0011860002,요가와명상,Yoga and Meditation,하지혜,제20호관 스포츠센터-105 헬스장(GX룸)[20-105], [20-105:월(4)(5)], [20-105:월(12:00~12:50)(13:00~13:50)],50분(표준),1,일반과목,예술체육실기,절대평가,일반(1~15주),비대상
2066,교양,교양,전학년,심화교양,과학기술,0011862001,첨단바이오산업과미래기술,Advanced Bioindustry and Future Technology,이동택,제12호관 컨벤션센터-504 강의실(소)-1[12-504], [12-504:화(5B-6)(7-8A)], [12-504:화(13:30~14:45)(15:00~16:15)],75분,3,일반과목,강의(이론),상대평가,일반(1~15주),비대상
2067,교양,교양,전학년,심화교양,인문,0011864001,만화와웹툰의재구성,Reconstructing Comics and Webtoons,한상정,,,,50분(표준),3,일반과목,e-Learning,상대평가,일반(1~15주),비대상
2068,교양,교양,전학년,심화교양,사회,0011865001,인공지능시대의스피치교육,Speech Education in the Age of Artificial Intelligence,교육혁신본부,,,,50분(표준),1,일반과목,K-MOOC,이수인정,일반(1~15주),비대상
2069,교양,교양,전학년,심화교양,사회,0011866001,디지털기반커뮤니케이션역량강화,Enhancing Communication competencies through Digital EdTech,김평원,미추홀타워  별관A동-205 강의실[NC-205], [NC-205:수(야1)(야2)], [NC-205:수(18:00~18:50)(18:55~19:45)],50분(표준),2,일반과목,강의(이론),이수인정,일반(1~15주),비대상
2070,교양,교양,전학년,심화교양,인문,0012516001,영미문학문화콘텐츠와디지털콘텐츠제작,Anglo American Literature and Digital  Content Production,황승현,제12호관 컨벤션센터-406 강의실(소)-3[12-406], [12-406:수(7)(8)(9)], [12-406:수(15:00~15:50)(16:00~16:50)(17:00~17:50)],50분(표준),3,일반과목,강의(이론),상대평가,일반(1~15주),비대상
2071,교양,교양,전학년,심화교양,사회,0012519001,경제적자유를위한투자기술,Investment Skills for Financial Freedom,유영태,제12호관 컨벤션센터-101 용정강의실(계단식(대))[12-101], [12-101:월(7-8A)(8B-9)], [12-101:월(15:00~16:15)(16:30~17:45)],75분,3,일반과목,강의(이론),상대평가,일반(1~15주),비대상
2072,교양,교양,전학년,심화교양,사회,0012521001,나만의AI에이전트제작,Creating My Own AI Agent,김성연,제4호관 BM컨텐츠관-105 전산실습실-2[04-105], [04-105:수(4-5A)(5B-6)], [04-105:수(12:00~13:15)(13:30~14:45)],75분,3,일반과목,강의(이론),상대평가,일반(1~15주),비대상
2073,교양,교양,전학년,심화교양,과학기술,0012522001,세포속양자물리학,Quantum Physics Inside Cells,박승룡,제12호관 컨벤션센터-406 강의실(소)-3[12-406], [12-406:수(2)(3)], [12-406:수(10:00~10:50)(11:00~11:50)],50분(표준),2,일반과목,강의(이론),상대평가,일반(1~15주),비대상
2074,교양,교양,전학년,심화교양,과학기술,0012523001,수학과AI로보는세상,The World Through Math and AI,이승재,제5호관 자연과학대학·생명과학기술대학-102A 통계처리실[05-102A]," [05-102A:월(2B-3),목(2B-3)]"," [05-102A:월(10:30~11:45),목(10:30~11:45)]",75분,3,일반과목,강의(이론),상대평가,일반(1~15주),비대상
2075,교양,교양,전학년,심화교양,예술체육,0012525001,피클볼,Pickleball,변경호,제21호관 체육관-101A 메인플로어[21-101A], [21-101A:수(6)(7)], [21-101A:수(14:00~14:50)(15:00~15:50)],50분(표준),1,일반과목,예술체육실기,절대평가,일반(1~15주),비대상
2076,교양,교양,전학년,심화교양,과학기술,0012528001,AI코딩을활용한창의적앱개발,Creative App Development Using AI Coding,추교남,제12호관 컨벤션센터-305 스마트강의실2[12-305], [12-305:목(5)(6)(7)], [12-305:목(13:00~13:50)(14:00~14:50)(15:00~15:50)],50분(표준),3,일반과목,강의(이론),상대평가,일반(1~15주),비대상
2077,교양,교양,전학년,심화교양,외국어,0012529001,스크린속비즈니스영어,Business English on Screen,안수진,제12호관 컨벤션센터-502 강의실(소)-5[12-502], [12-502:화(야1)(야2)], [12-502:화(18:00~18:50)(18:55~19:45)],50분(표준),2,일반과목,강의(이론),상대평가,일반(1~15주),비대상
2078,교양,교양,전학년,심화교양,인문,0012531001,한국의역사와문화,Korean culture and history,,제12호관 컨벤션센터-205 강의실(소)-2[12-205], [12-205:금(1)(2)(3)], [12-205:금(09:00~09:50)(10:00~10:50)(11:00~11:50)],50분(표준),3,일반과목,강의(이론),절대평가,일반(1~15주),원어강의(EN)
2079,교양,교양,전학년,심화교양,인문,0012531002,한국의역사와문화,Korean culture and history,,제12호관 컨벤션센터-205 강의실(소)-2[12-205], [12-205:금(5)(6)(7)], [12-205:금(13:00~13:50)(14:00~14:50)(15:00~15:50)],50분(표준),3,일반과목,강의(이론),절대평가,일반(1~15주),원어강의(EN)
2080,교양,교양,전학년,심화교양,과학기술,0012532001,과학기술사,History of Science and Technology,정연철,제12호관 컨벤션센터-406 강의실(소)-3[12-406], [12-406:월(4)(5)(6)], [12-406:월(12:00~12:50)(13:00~13:50)(14:00~14:50)],50분(표준),3,일반과목,강의(이론),절대평가,일반(1~15주),원어강의(EN)
2081,교양,교양,전학년,심화교양,예술체육,0012533001,실용음악이론과실습,Popular Music Theory and Practice,최정윤,제12호관 컨벤션센터-306 음악실(피아노)1[12-306], [12-306:금(2)(3)(4)], [12-306:금(10:00~10:50)(11:00~11:50)(12:00~12:50)],50분(표준),2,일반과목,이론실험실습,절대평가,일반(1~15주),원어강의(EN)
2082,교양,교양,전학년,심화교양,예술체육,0012534001,클래식음악입문,Introduction to Classical Music,김준희,제12호관 컨벤션센터-505 강의실(소)-2[12-505], [12-505:수(1)(2)(3)], [12-505:수(09:00~09:50)(10:00~10:50)(11:00~11:50)],50분(표준),3,일반과목,강의(이론),절대평가,일반(1~15주),원어강의(EN)
2083,교양,교양,전학년,심화교양,예술체육,0012535001,음악과스토리텔링으로읽는글로벌KCulture,Global K Culture through Music and Storytelling,김규,제12호관 컨벤션센터-502 강의실(소)-5[12-502], [12-502:목(7)(8)(9)], [12-502:목(15:00~15:50)(16:00~16:50)(17:00~17:50)],50분(표준),3,일반과목,강의(이론),절대평가,일반(1~15주),원어강의(EN)
2084,교양,교양,전학년,심화교양,예술체육,0012536001,케이뮤직의이해와기타연주,Understanding of K Music with Guitar,권정구,제12호관 컨벤션센터-307 음악실(기타)2[12-307], [12-307:목(야1)(야2)(야3)], [12-307:목(18:00~18:50)(18:55~19:45)(19:50~20:40)],50분(표준),2,일반과목,이론실험실습,절대평가,일반(1~15주),원어강의(EN)
2085,교양,교양,전학년,심화교양,외국어,0012537001,스크린속의한국,Korea on Screen,장영은,제15호관 인문대학-211 토론식강의실1[15-211], [15-211:금(1-2A)(2B-3)], [15-211:금(09:00~10:15)(10:30~11:45)],75분,3,"외국인,교환학생,복수학위제대상",강의(이론),절대평가,일반(1~15주),원어강의(EN)
2086,교양,교양,전학년,심화교양,외국어,0012538001,한류의이해,Unlock the Korean Wave,조지민,제12호관 컨벤션센터-404 영어랩실[12-404], [12-404:목(6)(7)(8)], [12-404:목(14:00~14:50)(15:00~15:50)(16:00~16:50)],50분(표준),3,"외국인,교환학생,복수학위제대상",강의(이론),절대평가,일반(1~15주),원어강의(EN)
2087,교양,교양,전학년,심화교양,인문,0012539001,K컨텐츠제작의실제,K Content Production Practice,,제12호관 컨벤션센터-504 강의실(소)-1[12-504], [12-504:금(1)(2)(3)], [12-504:금(09:00~09:50)(10:00~10:50)(11:00~11:50)],50분(표준),3,일반과목,강의(이론),상대평가,일반(1~15주),비대상
2088,교양,교양,전학년,심화교양,인문,0012539002,K컨텐츠제작의실제,K Content Production Practice,,제12호관 컨벤션센터-504 강의실(소)-1[12-504], [12-504:금(5)(6)(7)], [12-504:금(13:00~13:50)(14:00~14:50)(15:00~15:50)],50분(표준),3,일반과목,강의(이론),상대평가,일반(1~15주),비대상
2089,교양,교양,전학년,심화교양,사회,0012540001,북한의정치와문화,Politics and Culture of North Korea,,제12호관 컨벤션센터-407 강의실(소)-4[12-407], [12-407:금(1)(2)(3)], [12-407:금(09:00~09:50)(10:00~10:50)(11:00~11:50)],50분(표준),3,일반과목,강의(이론),상대평가,일반(1~15주),비대상
2090,교양,교양,전학년,심화교양,사회,0012540002,북한의정치와문화,Politics and Culture of North Korea,,제12호관 컨벤션센터-407 강의실(소)-4[12-407], [12-407:금(5)(6)(7)], [12-407:금(13:00~13:50)(14:00~14:50)(15:00~15:50)],50분(표준),3,일반과목,강의(이론),상대평가,일반(1~15주),비대상
2091,교양,교양,전학년,심화교양,예술체육,0012542001,미술관여행,Art Museum Tour,김상림,제12호관 컨벤션센터-101 용정강의실(계단식(대))[12-101], [12-101:화(5)(6)(7)], [12-101:화(13:00~13:50)(14:00~14:50)(15:00~15:50)],50분(표준),3,일반과목,강의(이론),상대평가,일반(1~15주),비대상
2092,교양,교양,전학년,심화교양,인문,0012546001,영미문학의변신디지털시대의콘텐츠로,The Transformation of English and American Literature Content in the Digital Age,교육혁신본부,,,,50분(표준),1,일반과목,K-MOOC,이수인정,일반(1~15주),비대상
2093,교양,교양,전학년,심화교양,사회,0012547001,사회문제해결을위한공공데이터활용역량강화,Strength Public Data Utilization Capabilities for Solving Social Problems,교육혁신본부,,,,50분(표준),1,일반과목,K-MOOC,이수인정,일반(1~15주),비대상
2094,교양,교양,전학년,심화교양,과학기술,0012549001,노코드AI데이터분석실무,No Code AI Data  Analysis and Practice,이선아,제12호관 컨벤션센터-302 스마트강의실1[12-302], [12-302:목(2)(3)(4)], [12-302:목(10:00~10:50)(11:00~11:50)(12:00~12:50)],50분(표준),3,일반과목,강의(이론),상대평가,일반(1~15주),비대상
2095,교양,교양,전학년,심화교양,인문,0012553001,문학의숲에서치유를만나다,Healing in the Forest of Literature,전미정,제12호관 컨벤션센터-504 강의실(소)-1[12-504], [12-504:목(5B-6)(7-8A)], [12-504:목(13:30~14:45)(15:00~16:15)],75분,3,일반과목,강의(이론),상대평가,일반(1~15주),비대상
2096,교양,교양,전학년,심화교양,인문,0012553002,문학의숲에서치유를만나다,Healing in the Forest of Literature,전미정,제12호관 컨벤션센터-504 강의실(소)-1[12-504], [12-504:목(2)(3)(4)], [12-504:목(10:00~10:50)(11:00~11:50)(12:00~12:50)],50분(표준),3,일반과목,강의(이론),상대평가,일반(1~15주),비대상
2097,교양,교양,전학년,심화교양,인문,0012555001,뉴스영어통역워크숍,News English  Interpreting Workshop,박효진,제12호관 컨벤션센터-402 영어랩실[12-402], [12-402:목(야1)(야2)], [12-402:목(18:00~18:50)(18:55~19:45)],50분(표준),2,일반과목,강의(이론),상대평가,일반(1~15주),비대상
2098,교양,교양,전학년,심화교양,사회,0012556001,성격과인간심리의이해,Personality Psychology for Understanding  Human Behavior,서신화,제12호관 컨벤션센터-108 계단강의실(소)-1[12-108], [12-108:월(7-8A)(8B-9)], [12-108:월(15:00~16:15)(16:30~17:45)],75분,3,일반과목,강의(이론),상대평가,일반(1~15주),비대상
2099,교양,교양,전학년,심화교양,과학기술,0012557001,AI시대의데이터분석입문,Introduction to Data  Analysis in the AI Era,황태준,제12호관 컨벤션센터-305 스마트강의실2[12-305], [12-305:목(2)(3)(4)], [12-305:목(10:00~10:50)(11:00~11:50)(12:00~12:50)],50분(표준),3,일반과목,강의(이론),상대평가,일반(1~15주),비대상
2100,교양,교양,전학년,심화교양,과학기술,0012557002,AI시대의데이터분석입문,Introduction to Data  Analysis in the AI Era,황태준,제12호관 컨벤션센터-302 스마트강의실1[12-302], [12-302:화(2)(3)(4)], [12-302:화(10:00~10:50)(11:00~11:50)(12:00~12:50)],50분(표준),3,일반과목,강의(이론),상대평가,일반(1~15주),비대상
2101,교양,교양,전학년,심화교양,과학기술,0012559001,AI로쉽게배우는R통계,Easy R Statistics through AI,김성연,제4호관 BM컨텐츠관-105 전산실습실-2[04-105], [04-105:금(7-8A)(8B-9)], [04-105:금(15:00~16:15)(16:30~17:45)],75분,3,일반과목,강의(이론),상대평가,일반(1~15주),비대상
2102,교양,교양,전학년,심화교양,사회,0012563001,협상의심리와전략,The Psychology and Strategy of Negotiation,고보민,제12호관 컨벤션센터-507 강의실(소)-4[12-507], [12-507:목(5)(6)(7)], [12-507:목(13:00~13:50)(14:00~14:50)(15:00~15:50)],50분(표준),3,일반과목,온라인혼합형강좌,상대평가,일반(1~15주),비대상
2103,교양,교양,전학년,심화교양,예술체육,0012582001,WEIGHT TRAINING,WEIGHT TRAINING,,제20호관 스포츠센터-208 헬스장[20-208], [20-208:수(4)(5)], [20-208:수(12:00~12:50)(13:00~13:50)],50분(표준),1,일반과목,예술체육실기,절대평가,일반(1~15주),비대상
2104,교양,교양,전학년,심화교양,예술체육,0012582002,WEIGHT TRAINING,WEIGHT TRAINING,,제20호관 스포츠센터-208 헬스장[20-208], [20-208:목(4)(5)], [20-208:목(12:00~12:50)(13:00~13:50)],50분(표준),1,일반과목,예술체육실기,절대평가,일반(1~15주),비대상
2105,교양,교양,전학년,심화교양,인문,O810241001,임상여성학,Clinical Gynecology,OCU,,,,50분(표준),3,일반과목,열린사이버대학(OCU),상대평가,일반(1~15주),비대상
2106,교양,교양,전학년,심화교양,과학기술,O810280001,생활속의안전,Life Satety,OCU,,,,50분(표준),3,일반과목,열린사이버대학(OCU),상대평가,일반(1~15주),비대상
2107,교양,교양,전학년,심화교양,사회,O810301001,힌두교와인도문화,Hinduism & Indian Culture,OCU,,,,50분(표준),3,일반과목,열린사이버대학(OCU),상대평가,일반(1~15주),비대상
2108,교양,교양,전학년,심화교양,인문,O810410001,문학과테마기행,LITERATURE AND THEMATICS,OCU,,,,50분(표준),3,일반과목,열린사이버대학(OCU),상대평가,일반(1~15주),비대상
2109,교양,교양,전학년,심화교양,예술체육,O810474001,운동처방실제,THE PRESCRIPTION OF EXERCISE,OCU,,,,50분(표준),3,일반과목,열린사이버대학(OCU),상대평가,일반(1~15주),비대상
2110,교양,교양,전학년,심화교양,사회,O810554001,인문학과자기경영의만남,HUMANITIES AND SELF MANAGEMENT,OCU,,,,50분(표준),3,일반과목,열린사이버대학(OCU),상대평가,일반(1~15주),비대상
2111,교양,교양,전학년,심화교양,과학기술,O810558001,컴퓨터보안과활용,Computer Security and Application,OCU,,,,50분(표준),3,일반과목,열린사이버대학(OCU),상대평가,일반(1~15주),비대상
2112,교양,교양,전학년,심화교양,예술체육,O810574001,마음을읽어주는미술치료,Mind-reading Art Therapy,OCU,,,,50분(표준),3,일반과목,열린사이버대학(OCU),상대평가,일반(1~15주),비대상
2113,교양,교양,전학년,심화교양,과학기술,O810709001,모두의인공지능,Artificial Intelligence for All,OCU,,,,50분(표준),3,일반과목,열린사이버대학(OCU),상대평가,일반(1~15주),비대상
2114,교양,교양,전학년,심화교양,과학기술,O810710001,4차산업혁명기술과자동차이야기,Technology of the 4th Industrial revolution and car story,OCU,,,,50분(표준),3,일반과목,열린사이버대학(OCU),상대평가,일반(1~15주),비대상
2115,교양,교양,전학년,심화교양,과학기술,O820057001,예제로배우는C언어,C LANGUAGE BY EXAMPLES,OCU,,,,50분(표준),3,일반과목,열린사이버대학(OCU),상대평가,일반(1~15주),비대상
2116,교양,교양,전학년,심화교양,사회,XAA1133001,생활법률,Law for Life,이윤희,제15호관 인문대학-201 SOUP강의실(계단식(대))[15-201], [15-201:목(4)(5)(6)], [15-201:목(12:00~12:50)(13:00~13:50)(14:00~14:50)],50분(표준),3,일반과목,강의(이론),상대평가,일반(1~15주),비대상
2117,교양,교양,전학년,심화교양,사회,XAA1133002,생활법률,Law for Life,이윤희,제15호관 인문대학-201 SOUP강의실(계단식(대))[15-201], [15-201:목(7)(8)(9)], [15-201:목(15:00~15:50)(16:00~16:50)(17:00~17:50)],50분(표준),3,일반과목,강의(이론),상대평가,일반(1~15주),비대상
2118,교양,교양,전학년,심화교양,예술체육,XAA1391001,현대사회와스포츠,MODERN SOCIETY AND SPORTS,김민철,제12호관 컨벤션센터-403 계단강의실(소)[12-403], [12-403:화(8)(9)], [12-403:화(16:00~16:50)(17:00~17:50)],50분(표준),2,일반과목,강의(이론),상대평가,일반(1~15주),비대상
2119,교양,교양,전학년,심화교양,인문,XAA1430001,프랑스문화와예술,FRENCH ART AND CULTURE,김영은,제12호관 컨벤션센터-403 계단강의실(소)[12-403], [12-403:금(5)(6)(7)], [12-403:금(13:00~13:50)(14:00~14:50)(15:00~15:50)],50분(표준),3,일반과목,강의(이론),상대평가,일반(1~15주),비대상
2120,교양,교양,전학년,심화교양,예술체육,XAA1470001,검도,KUMDO,박영민,제21호관 체육관-101A 메인플로어[21-101A], [21-101A:금(8)(9)], [21-101A:금(16:00~16:50)(17:00~17:50)],50분(표준),1,일반과목,예술체육실기,절대평가,일반(1~15주),비대상
2121,교양,교양,전학년,심화교양,예술체육,XAA1470002,검도,KUMDO,박영민,제21호관 체육관-101A 메인플로어[21-101A], [21-101A:금(6)(7)], [21-101A:금(14:00~14:50)(15:00~15:50)],50분(표준),1,일반과목,예술체육실기,절대평가,일반(1~15주),비대상
2122,교양,교양,전학년,심화교양,예술체육,XAA1486001,야구,BASE BALL,강년주,대운동장본부석-103 마사토운동장[ZC-103], [ZC-103:목(4)(5)], [ZC-103:목(12:00~12:50)(13:00~13:50)],50분(표준),1,일반과목,예술체육실기,절대평가,일반(1~15주),비대상
2123,교양,교양,전학년,심화교양,과학기술,XAA2047001,비즈니스소프트웨어,BUSINESS SOFTWARE,박승진,제4호관 BM컨텐츠관-104 전산실습실-1[04-104], [04-104:수(2B-3)(4-5A)], [04-104:수(10:30~11:45)(12:00~13:15)],75분,3,일반과목,강의(이론),상대평가,일반(1~15주),비대상
2124,교양,교양,전학년,심화교양,사회,XAA8043001,한국사회와노동문제,KOREAN SOCIETY AND LABOR PROBLEM,이재성,제12호관 컨벤션센터-205 강의실(소)-2[12-205], [12-205:목(1)(2)(3)], [12-205:목(09:00~09:50)(10:00~10:50)(11:00~11:50)],50분(표준),3,일반과목,강의(이론),상대평가,일반(1~15주),비대상
2125,교양,교양,전학년,심화교양,사회,XAA8043002,한국사회와노동문제,KOREAN SOCIETY AND LABOR PROBLEM,이재성,제12호관 컨벤션센터-205 강의실(소)-2[12-205], [12-205:목(5)(6)(7)], [12-205:목(13:00~13:50)(14:00~14:50)(15:00~15:50)],50분(표준),3,일반과목,강의(이론),상대평가,일반(1~15주),비대상
2126,교양,교양,전학년,심화교양,인문,XAA8044001,일본문화의이해,Understanding of Japanese Culture,박진한,제12호관 컨벤션센터-504 강의실(소)-1[12-504], [12-504:화(2B-3)(4-5A)], [12-504:화(10:30~11:45)(12:00~13:15)],75분,3,일반과목,강의(이론),상대평가,일반(1~15주),비대상
2127,교양,교양,전학년,심화교양,사회,XAA8057001,물류의이해,Understanding of logistics,김우중,제12호관 컨벤션센터-105 하곡강의실(계단식(대))[12-105], [12-105:금(5B-6)(7-8A)], [12-105:금(13:30~14:45)(15:00~16:15)],75분,3,일반과목,온라인혼합형강좌,상대평가,일반(1~15주),비대상
2128,교양,교양,1,기초교양,학문의기초,0009316001,Academic English,Academic English,이은재,제12호관 컨벤션센터-401 영어랩실[12-401], [12-401:월(7)(8)], [12-401:월(15:00~15:50)(16:00~16:50)],50분(표준),2,일반과목,강의(이론),상대평가,일반(1~15주),비대상
2129,교양,교양,1,기초교양,학문의기초,0009316002,Academic English,Academic English,안수진,제12호관 컨벤션센터-402 영어랩실[12-402], [12-402:월(7)(8)], [12-402:월(15:00~15:50)(16:00~16:50)],50분(표준),2,일반과목,강의(이론),상대평가,일반(1~15주),비대상
2130,교양,교양,1,기초교양,학문의기초,0009316003,Academic English,Academic English,차현지,제12호관 컨벤션센터-405 영어랩실[12-405], [12-405:월(7)(8)], [12-405:월(15:00~15:50)(16:00~16:50)],50분(표준),2,일반과목,강의(이론),상대평가,일반(1~15주),비대상
2131,교양,교양,1,기초교양,학문의기초,0009316004,Academic English,Academic English,남정현,제12호관 컨벤션센터-407 강의실(소)-4[12-407], [12-407:월(7)(8)], [12-407:월(15:00~15:50)(16:00~16:50)],50분(표준),2,일반과목,강의(이론),상대평가,일반(1~15주),비대상
2132,교양,교양,1,기초교양,학문의기초,0009316005,Academic English,Academic English,김연정,제12호관 컨벤션센터-401 영어랩실[12-401], [12-401:목(1)(2)], [12-401:목(09:00~09:50)(10:00~10:50)],50분(표준),2,일반과목,강의(이론),상대평가,일반(1~15주),비대상
2133,교양,교양,1,기초교양,학문의기초,0009316006,Academic English,Academic English,김정옥,제12호관 컨벤션센터-402 영어랩실[12-402], [12-402:목(1)(2)], [12-402:목(09:00~09:50)(10:00~10:50)],50분(표준),2,일반과목,강의(이론),상대평가,일반(1~15주),비대상
2134,교양,교양,1,기초교양,학문의기초,0009316007,Academic English,Academic English,남정현,제12호관 컨벤션센터-405 영어랩실[12-405], [12-405:목(1)(2)], [12-405:목(09:00~09:50)(10:00~10:50)],50분(표준),2,일반과목,강의(이론),상대평가,일반(1~15주),비대상
2135,교양,교양,1,기초교양,학문의기초,0009316008,Academic English,Academic English,김상조,제12호관 컨벤션센터-407 강의실(소)-4[12-407], [12-407:목(1)(2)], [12-407:목(09:00~09:50)(10:00~10:50)],50분(표준),2,일반과목,강의(이론),상대평가,일반(1~15주),비대상
2136,교양,교양,1,기초교양,학문의기초,0009316009,Academic English,Academic English,이은재,제12호관 컨벤션센터-401 영어랩실[12-401], [12-401:목(7)(8)], [12-401:목(15:00~15:50)(16:00~16:50)],50분(표준),2,일반과목,강의(이론),상대평가,일반(1~15주),비대상
2137,교양,교양,1,기초교양,학문의기초,0009316010,Academic English,Academic English,차현지,제12호관 컨벤션센터-402 영어랩실[12-402], [12-402:목(7)(8)], [12-402:목(15:00~15:50)(16:00~16:50)],50분(표준),2,일반과목,강의(이론),상대평가,일반(1~15주),비대상
2138,교양,교양,1,기초교양,학문의기초,0009316011,Academic English,Academic English,김연정,제12호관 컨벤션센터-405 영어랩실[12-405], [12-405:목(7)(8)], [12-405:목(15:00~15:50)(16:00~16:50)],50분(표준),2,일반과목,강의(이론),상대평가,일반(1~15주),비대상
2139,교양,교양,1,기초교양,학문의기초,0009316012,Academic English,Academic English,박효진,제12호관 컨벤션센터-407 강의실(소)-4[12-407], [12-407:목(7)(8)], [12-407:목(15:00~15:50)(16:00~16:50)],50분(표준),2,일반과목,강의(이론),상대평가,일반(1~15주),비대상
2140,교양,교양,1,기초교양,학문의기초,0009316013,Academic English,Academic English,김정옥,제12호관 컨벤션센터-401 영어랩실[12-401], [12-401:목(4)(5)], [12-401:목(12:00~12:50)(13:00~13:50)],50분(표준),2,일반과목,강의(이론),상대평가,일반(1~15주),비대상
2141,교양,교양,1,기초교양,학문의기초,0009316014,Academic English,Academic English,차현지,제12호관 컨벤션센터-402 영어랩실[12-402], [12-402:목(4)(5)], [12-402:목(12:00~12:50)(13:00~13:50)],50분(표준),2,일반과목,강의(이론),상대평가,일반(1~15주),비대상
2142,교양,교양,1,기초교양,학문의기초,0009316015,Academic English,Academic English,김연정,제12호관 컨벤션센터-405 영어랩실[12-405], [12-405:목(4)(5)], [12-405:목(12:00~12:50)(13:00~13:50)],50분(표준),2,일반과목,강의(이론),상대평가,일반(1~15주),비대상
2143,교양,교양,1,기초교양,학문의기초,0009316016,Academic English,Academic English,박효진,제12호관 컨벤션센터-407 강의실(소)-4[12-407], [12-407:목(4)(5)], [12-407:목(12:00~12:50)(13:00~13:50)],50분(표준),2,일반과목,강의(이론),상대평가,일반(1~15주),비대상
2144,교양,교양,1,기초교양,학문의기초,0009316017,Academic English,Academic English,이은재,제12호관 컨벤션센터-401 영어랩실[12-401], [12-401:월(4)(5)], [12-401:월(12:00~12:50)(13:00~13:50)],50분(표준),2,일반과목,강의(이론),상대평가,일반(1~15주),비대상
2145,교양,교양,1,기초교양,학문의기초,0009316018,Academic English,Academic English,안수진,제12호관 컨벤션센터-402 영어랩실[12-402], [12-402:월(4)(5)], [12-402:월(12:00~12:50)(13:00~13:50)],50분(표준),2,일반과목,강의(이론),상대평가,일반(1~15주),비대상
2146,교양,교양,1,기초교양,학문의기초,0009316019,Academic English,Academic English,차현지,제12호관 컨벤션센터-405 영어랩실[12-405], [12-405:월(4)(5)], [12-405:월(12:00~12:50)(13:00~13:50)],50분(표준),2,일반과목,강의(이론),상대평가,일반(1~15주),비대상
2147,교양,교양,1,기초교양,학문의기초,0009316020,Academic English,Academic English,남정현,제12호관 컨벤션센터-407 강의실(소)-4[12-407], [12-407:월(4)(5)], [12-407:월(12:00~12:50)(13:00~13:50)],50분(표준),2,일반과목,강의(이론),상대평가,일반(1~15주),비대상
2148,교양,교양,1,기초교양,학문의기초,0009316021,Academic English,Academic English,김상조,제12호관 컨벤션센터-506 강의실(소)-3[12-506], [12-506:화(1)(2)], [12-506:화(09:00~09:50)(10:00~10:50)],50분(표준),2,일반과목,강의(이론),상대평가,일반(1~15주),비대상
2149,교양,교양,1,기초교양,학문의기초,0009316022,Academic English,Academic English,정연우,제12호관 컨벤션센터-402 영어랩실[12-402], [12-402:화(1)(2)], [12-402:화(09:00~09:50)(10:00~10:50)],50분(표준),2,일반과목,강의(이론),상대평가,일반(1~15주),비대상
2150,교양,교양,1,기초교양,학문의기초,0009316023,Academic English,Academic English,김연정,제12호관 컨벤션센터-406 강의실(소)-3[12-406], [12-406:화(1)(2)], [12-406:화(09:00~09:50)(10:00~10:50)],50분(표준),2,일반과목,강의(이론),상대평가,일반(1~15주),비대상
2151,교양,교양,1,기초교양,학문의기초,0009316024,Academic English,Academic English,박효진,제12호관 컨벤션센터-407 강의실(소)-4[12-407], [12-407:화(1)(2)], [12-407:화(09:00~09:50)(10:00~10:50)],50분(표준),2,일반과목,강의(이론),상대평가,일반(1~15주),비대상
2152,교양,교양,1,기초교양,학문의기초,0009316025,Academic English,Academic English,김상조,제12호관 컨벤션센터-401 영어랩실[12-401], [12-401:화(7)(8)], [12-401:화(15:00~15:50)(16:00~16:50)],50분(표준),2,일반과목,강의(이론),상대평가,일반(1~15주),비대상
2153,교양,교양,1,기초교양,학문의기초,0009316026,Academic English,Academic English,정연우,제12호관 컨벤션센터-402 영어랩실[12-402], [12-402:화(7)(8)], [12-402:화(15:00~15:50)(16:00~16:50)],50분(표준),2,일반과목,강의(이론),상대평가,일반(1~15주),비대상
2154,교양,교양,1,기초교양,학문의기초,0009316027,Academic English,Academic English,김정옥,제12호관 컨벤션센터-405 영어랩실[12-405], [12-405:화(7)(8)], [12-405:화(15:00~15:50)(16:00~16:50)],50분(표준),2,일반과목,강의(이론),상대평가,일반(1~15주),비대상
2155,교양,교양,1,기초교양,학문의기초,0009316028,Academic English,Academic English,안수진,제12호관 컨벤션센터-407 강의실(소)-4[12-407], [12-407:화(7)(8)], [12-407:화(15:00~15:50)(16:00~16:50)],50분(표준),2,일반과목,강의(이론),상대평가,일반(1~15주),비대상
2156,교양,교양,1,기초교양,학문의기초,0009316029,Academic English,Academic English,남정현,제12호관 컨벤션센터-506 강의실(소)-3[12-506], [12-506:화(7)(8)], [12-506:화(15:00~15:50)(16:00~16:50)],50분(표준),2,일반과목,강의(이론),상대평가,일반(1~15주),비대상
2157,교양,교양,1,기초교양,학문의기초,0009316030,Academic English,Academic English,이은재,제12호관 컨벤션센터-501 강의실(소)-6[12-501], [12-501:화(7)(8)], [12-501:화(15:00~15:50)(16:00~16:50)],50분(표준),2,일반과목,강의(이론),상대평가,일반(1~15주),비대상
2158,교양,교양,1,기초교양,학문의기초,0009316031,Academic English,Academic English,김상조,제12호관 컨벤션센터-401 영어랩실[12-401], [12-401:화(4)(5)], [12-401:화(12:00~12:50)(13:00~13:50)],50분(표준),2,일반과목,강의(이론),상대평가,일반(1~15주),비대상
2159,교양,교양,1,기초교양,학문의기초,0009316032,Academic English,Academic English,정연우,제12호관 컨벤션센터-402 영어랩실[12-402], [12-402:화(4)(5)], [12-402:화(12:00~12:50)(13:00~13:50)],50분(표준),2,일반과목,강의(이론),상대평가,일반(1~15주),비대상
2160,교양,교양,1,기초교양,학문의기초,0009316033,Academic English,Academic English,김정옥,제12호관 컨벤션센터-405 영어랩실[12-405], [12-405:화(4)(5)], [12-405:화(12:00~12:50)(13:00~13:50)],50분(표준),2,일반과목,강의(이론),상대평가,일반(1~15주),비대상
2161,교양,교양,1,기초교양,학문의기초,0009316034,Academic English,Academic English,박효진,제12호관 컨벤션센터-407 강의실(소)-4[12-407], [12-407:화(4)(5)], [12-407:화(12:00~12:50)(13:00~13:50)],50분(표준),2,일반과목,강의(이론),상대평가,일반(1~15주),비대상
2162,교양,교양,1,기초교양,학문의기초,0009316035,Academic English,Academic English,이은재,제12호관 컨벤션센터-506 강의실(소)-3[12-506], [12-506:화(4)(5)], [12-506:화(12:00~12:50)(13:00~13:50)],50분(표준),2,일반과목,강의(이론),상대평가,일반(1~15주),비대상
2163,교양,교양,1,기초교양,학문의기초,0009316036,Academic English,Academic English,안수진,제12호관 컨벤션센터-401 영어랩실[12-401], [12-401:수(1)(2)], [12-401:수(09:00~09:50)(10:00~10:50)],50분(표준),2,일반과목,강의(이론),상대평가,일반(1~15주),비대상
2164,교양,교양,1,기초교양,학문의기초,0009316037,Academic English,Academic English,박효진,제12호관 컨벤션센터-405 영어랩실[12-405], [12-405:수(1)(2)], [12-405:수(09:00~09:50)(10:00~10:50)],50분(표준),2,일반과목,강의(이론),상대평가,일반(1~15주),비대상
2165,교양,교양,1,기초교양,학문의기초,0009316038,Academic English,Academic English,김정옥,제12호관 컨벤션센터-407 강의실(소)-4[12-407], [12-407:수(1)(2)], [12-407:수(09:00~09:50)(10:00~10:50)],50분(표준),2,일반과목,강의(이론),상대평가,일반(1~15주),비대상
2166,교양,교양,1,기초교양,학문의기초,0009316039,Academic English,Academic English,김연정,제12호관 컨벤션센터-401 영어랩실[12-401], [12-401:수(3)(4)], [12-401:수(11:00~11:50)(12:00~12:50)],50분(표준),2,일반과목,강의(이론),상대평가,일반(1~15주),비대상
2167,교양,교양,1,기초교양,학문의기초,0009316040,Academic English,Academic English,안수진,제12호관 컨벤션센터-405 영어랩실[12-405], [12-405:수(3)(4)], [12-405:수(11:00~11:50)(12:00~12:50)],50분(표준),2,일반과목,강의(이론),상대평가,일반(1~15주),비대상
2168,교양,교양,1,기초교양,학문의기초,0009316041,Academic English,Academic English,차현지,제12호관 컨벤션센터-407 강의실(소)-4[12-407], [12-407:수(3)(4)], [12-407:수(11:00~11:50)(12:00~12:50)],50분(표준),2,일반과목,강의(이론),상대평가,일반(1~15주),비대상
2169,교양,교양,1,기초교양,학문의기초,0009316042,Academic English,Academic English,정연우,제12호관 컨벤션센터-407 강의실(소)-4[12-407], [12-407:목(야1)(야2)], [12-407:목(18:00~18:50)(18:55~19:45)],50분(표준),2,일반과목,강의(이론),상대평가,일반(1~15주),비대상
2170,교양,교양,1,기초교양,학문의기초,0012560001,AI시대의글쓰기이론과실제,Theory of Practice of Writing in the Age of AI,김은경,제15호관 인문대학-119 강의실(중)-1[15-119], [15-119:금(4)(5)(6)], [15-119:금(12:00~12:50)(13:00~13:50)(14:00~14:50)],50분(표준),2,일반과목,이론실험실습,상대평가,일반(1~15주),비대상
2171,교양,교양,1,기초교양,학문의기초,0012560002,AI시대의글쓰기이론과실제,Theory of Practice of Writing in the Age of AI,양현진,제15호관 인문대학-118B 강의실[15-118B], [15-118B:금(4)(5)(6)], [15-118B:금(12:00~12:50)(13:00~13:50)(14:00~14:50)],50분(표준),2,일반과목,이론실험실습,상대평가,일반(1~15주),비대상
2172,교양,교양,1,기초교양,학문의기초,0012560003,AI시대의글쓰기이론과실제,Theory of Practice of Writing in the Age of AI,박주혜,제12호관 컨벤션센터-401 영어랩실[12-401], [12-401:금(4)(5)(6)], [12-401:금(12:00~12:50)(13:00~13:50)(14:00~14:50)],50분(표준),2,일반과목,이론실험실습,상대평가,일반(1~15주),비대상
2173,교양,교양,1,기초교양,학문의기초,0012560004,AI시대의글쓰기이론과실제,Theory of Practice of Writing in the Age of AI,이승윤,제12호관 컨벤션센터-406 강의실(소)-3[12-406], [12-406:화(4)(5)(6)], [12-406:화(12:00~12:50)(13:00~13:50)(14:00~14:50)],50분(표준),2,일반과목,이론실험실습,상대평가,일반(1~15주),비대상
2174,교양,교양,1,기초교양,학문의기초,0012560005,AI시대의글쓰기이론과실제,Theory of Practice of Writing in the Age of AI,이태희,제15호관 인문대학-116 강의실(대)-2[15-116], [15-116:화(4)(5)(6)], [15-116:화(12:00~12:50)(13:00~13:50)(14:00~14:50)],50분(표준),2,일반과목,이론실험실습,상대평가,일반(1~15주),비대상
2175,교양,교양,1,기초교양,학문의기초,0012560006,AI시대의글쓰기이론과실제,Theory of Practice of Writing in the Age of AI,최혜림,제15호관 인문대학-502 전용어학실습실-2[15-502], [15-502:화(4)(5)(6)], [15-502:화(12:00~12:50)(13:00~13:50)(14:00~14:50)],50분(표준),2,일반과목,이론실험실습,상대평가,일반(1~15주),비대상
2176,교양,교양,1,기초교양,학문의기초,0012560007,AI시대의글쓰기이론과실제,Theory of Practice of Writing in the Age of AI,최혜림,제13호관 사회과학·글로벌정경대학-101 강의실(소)-1[13-101], [13-101:목(1)(2)(3)], [13-101:목(09:00~09:50)(10:00~10:50)(11:00~11:50)],50분(표준),2,일반과목,이론실험실습,상대평가,일반(1~15주),비대상
2177,교양,교양,1,기초교양,학문의기초,0012560008,AI시대의글쓰기이론과실제,Theory of Practice of Writing in the Age of AI,이은봉,제13호관 사회과학·글로벌정경대학-102 강의실(소)-2[13-102], [13-102:목(1)(2)(3)], [13-102:목(09:00~09:50)(10:00~10:50)(11:00~11:50)],50분(표준),2,일반과목,이론실험실습,상대평가,일반(1~15주),비대상
2178,교양,교양,1,기초교양,학문의기초,0012560009,AI시대의글쓰기이론과실제,Theory of Practice of Writing in the Age of AI,윤숙,제13호관 사회과학·글로벌정경대학-103 강의실(소)-3[13-103], [13-103:목(1)(2)(3)], [13-103:목(09:00~09:50)(10:00~10:50)(11:00~11:50)],50분(표준),2,일반과목,이론실험실습,상대평가,일반(1~15주),비대상
2179,교양,교양,1,기초교양,학문의기초,0012560010,AI시대의글쓰기이론과실제,Theory of Practice of Writing in the Age of AI,김은경,제13호관 사회과학·글로벌정경대학-101 강의실(소)-1[13-101], [13-101:금(1)(2)(3)], [13-101:금(09:00~09:50)(10:00~10:50)(11:00~11:50)],50분(표준),2,일반과목,이론실험실습,상대평가,일반(1~15주),비대상
2180,교양,교양,1,기초교양,학문의기초,0012560011,AI시대의글쓰기이론과실제,Theory of Practice of Writing in the Age of AI,김지영,제13호관 사회과학·글로벌정경대학-102 강의실(소)-2[13-102], [13-102:금(1)(2)(3)], [13-102:금(09:00~09:50)(10:00~10:50)(11:00~11:50)],50분(표준),2,일반과목,이론실험실습,상대평가,일반(1~15주),비대상
2181,교양,교양,1,기초교양,학문의기초,0012560012,AI시대의글쓰기이론과실제,Theory of Practice of Writing in the Age of AI,윤숙,제13호관 사회과학·글로벌정경대학-103 강의실(소)-3[13-103], [13-103:금(1)(2)(3)], [13-103:금(09:00~09:50)(10:00~10:50)(11:00~11:50)],50분(표준),2,일반과목,이론실험실습,상대평가,일반(1~15주),비대상
2182,교양,교양,1,기초교양,학문의기초,0012560013,AI시대의글쓰기이론과실제,Theory of Practice of Writing in the Age of AI,박주혜,제13호관 사회과학·글로벌정경대학-104 강의실(소)-4[13-104], [13-104:금(1)(2)(3)], [13-104:금(09:00~09:50)(10:00~10:50)(11:00~11:50)],50분(표준),2,일반과목,이론실험실습,상대평가,일반(1~15주),비대상
2183,교양,교양,1,기초교양,학문의기초,0012560014,AI시대의글쓰기이론과실제,Theory of Practice of Writing in the Age of AI,이태희,제29호관 생명과학기술대학-203 강의실(무역학부)[29-203], [29-203:수(4)(5)(6)], [29-203:수(12:00~12:50)(13:00~13:50)(14:00~14:50)],50분(표준),2,일반과목,이론실험실습,상대평가,일반(1~15주),비대상
2184,교양,교양,1,기초교양,학문의기초,0012560015,AI시대의글쓰기이론과실제,Theory of Practice of Writing in the Age of AI,김지영,제29호관 생명과학기술대학-403 강의실(경제학과)[29-403], [29-403:수(4)(5)(6)], [29-403:수(12:00~12:50)(13:00~13:50)(14:00~14:50)],50분(표준),2,일반과목,이론실험실습,상대평가,일반(1~15주),비대상
2185,교양,교양,1,기초교양,학문의기초,0012560016,AI시대의글쓰기이론과실제,Theory of Practice of Writing in the Age of AI,박보연,제14호관 동북아경제·경영-218 강의실[14-218], [14-218:수(4)(5)(6)], [14-218:수(12:00~12:50)(13:00~13:50)(14:00~14:50)],50분(표준),2,일반과목,이론실험실습,상대평가,일반(1~15주),비대상
2186,교양,교양,1,기초교양,학문의기초,0012560017,AI시대의글쓰기이론과실제,Theory of Practice of Writing in the Age of AI,장고은,제12호관 컨벤션센터-502 강의실(소)-5[12-502], [12-502:수(4)(5)(6)], [12-502:수(12:00~12:50)(13:00~13:50)(14:00~14:50)],50분(표준),2,일반과목,이론실험실습,상대평가,일반(1~15주),비대상
2187,교양,교양,1,기초교양,학문의기초,0012560018,AI시대의글쓰기이론과실제,Theory of Practice of Writing in the Age of AI,박상원,제5호관 자연과학대학·생명과학기술대학-524 강의실(중)[05-524], [05-524:월(1)(2)(3)], [05-524:월(09:00~09:50)(10:00~10:50)(11:00~11:50)],50분(표준),2,일반과목,이론실험실습,상대평가,일반(1~15주),비대상
2188,교양,교양,1,기초교양,학문의기초,0012560019,AI시대의글쓰기이론과실제,Theory of Practice of Writing in the Age of AI,김미향,제29호관 생명과학기술대학-203 강의실(무역학부)[29-203], [29-203:월(1)(2)(3)], [29-203:월(09:00~09:50)(10:00~10:50)(11:00~11:50)],50분(표준),2,일반과목,이론실험실습,상대평가,일반(1~15주),비대상
2189,교양,교양,1,기초교양,학문의기초,0012560020,AI시대의글쓰기이론과실제,Theory of Practice of Writing in the Age of AI,이태희,제29호관 생명과학기술대학-403 강의실(경제학과)[29-403], [29-403:월(1)(2)(3)], [29-403:월(09:00~09:50)(10:00~10:50)(11:00~11:50)],50분(표준),2,일반과목,이론실험실습,상대평가,일반(1~15주),비대상
2190,교양,교양,1,기초교양,학문의기초,0012560021,AI시대의글쓰기이론과실제,Theory of Practice of Writing in the Age of AI,이승윤,제12호관 컨벤션센터-505 강의실(소)-2[12-505], [12-505:월(1)(2)(3)], [12-505:월(09:00~09:50)(10:00~10:50)(11:00~11:50)],50분(표준),2,일반과목,이론실험실습,상대평가,일반(1~15주),비대상
2191,교양,교양,1,기초교양,학문의기초,0012560022,AI시대의글쓰기이론과실제,Theory of Practice of Writing in the Age of AI,최혜림,제16호관 예술체육대학-311 강의실(소)[16-311], [16-311:목(4)(5)(6)], [16-311:목(12:00~12:50)(13:00~13:50)(14:00~14:50)],50분(표준),2,일반과목,이론실험실습,상대평가,일반(1~15주),비대상
2192,교양,교양,1,기초교양,학문의기초,0012560023,AI시대의글쓰기이론과실제,Theory of Practice of Writing in the Age of AI,이은봉,제16호관 예술체육대학-320 강의실[16-320], [16-320:목(4)(5)(6)], [16-320:목(12:00~12:50)(13:00~13:50)(14:00~14:50)],50분(표준),2,일반과목,이론실험실습,상대평가,일반(1~15주),비대상
2193,교양,교양,1,기초교양,학문의기초,0012560024,AI시대의글쓰기이론과실제,Theory of Practice of Writing in the Age of AI,양현진,제12호관 컨벤션센터-501 강의실(소)-6[12-501], [12-501:목(4)(5)(6)], [12-501:목(12:00~12:50)(13:00~13:50)(14:00~14:50)],50분(표준),2,일반과목,이론실험실습,상대평가,일반(1~15주),비대상
2194,교양,교양,1,기초교양,학문의기초,0012560025,AI시대의글쓰기이론과실제,Theory of Practice of Writing in the Age of AI,윤숙,제12호관 컨벤션센터-502 강의실(소)-5[12-502], [12-502:목(4)(5)(6)], [12-502:목(12:00~12:50)(13:00~13:50)(14:00~14:50)],50분(표준),2,일반과목,이론실험실습,상대평가,일반(1~15주),비대상
2195,교양,교양,1,기초교양,학문의기초,0012560026,AI시대의글쓰기이론과실제,Theory of Practice of Writing in the Age of AI,양근용,제16호관 예술체육대학-311 강의실(소)[16-311], [16-311:월(4)(5)(6)], [16-311:월(12:00~12:50)(13:00~13:50)(14:00~14:50)],50분(표준),2,일반과목,이론실험실습,상대평가,일반(1~15주),비대상
2196,교양,교양,1,기초교양,학문의기초,0012560027,AI시대의글쓰기이론과실제,Theory of Practice of Writing in the Age of AI,김미향,제16호관 예술체육대학-312 강의실(소)[16-312], [16-312:월(4)(5)(6)], [16-312:월(12:00~12:50)(13:00~13:50)(14:00~14:50)],50분(표준),2,일반과목,이론실험실습,상대평가,일반(1~15주),비대상
2197,교양,교양,1,기초교양,학문의기초,0012560028,AI시대의글쓰기이론과실제,Theory of Practice of Writing in the Age of AI,박성준,제12호관 컨벤션센터-404 영어랩실[12-404], [12-404:월(4)(5)(6)], [12-404:월(12:00~12:50)(13:00~13:50)(14:00~14:50)],50분(표준),2,일반과목,이론실험실습,상대평가,일반(1~15주),비대상
2198,교양,교양,1,기초교양,학문의기초,0012560029,AI시대의글쓰기이론과실제,Theory of Practice of Writing in the Age of AI,양현진,제12호관 컨벤션센터-505 강의실(소)-2[12-505], [12-505:월(4)(5)(6)], [12-505:월(12:00~12:50)(13:00~13:50)(14:00~14:50)],50분(표준),2,일반과목,이론실험실습,상대평가,일반(1~15주),비대상
2199,교양,교양,1,기초교양,학문의기초,0012560030,AI시대의글쓰기이론과실제,Theory of Practice of Writing in the Age of AI,김지영,미추홀타워  별관A동-205 강의실[NC-205], [NC-205:수(7)(8)(9)], [NC-205:수(15:00~15:50)(16:00~16:50)(17:00~17:50)],50분(표준),2,일반과목,이론실험실습,상대평가,일반(1~15주),비대상
2200,교양,교양,1,기초교양,학문의기초,0012560031,AI시대의글쓰기이론과실제,Theory of Practice of Writing in the Age of AI,양근용,미추홀타워  별관A동-207 강의실[NC-207], [NC-207:수(7)(8)(9)], [NC-207:수(15:00~15:50)(16:00~16:50)(17:00~17:50)],50분(표준),2,일반과목,이론실험실습,상대평가,일반(1~15주),비대상
2201,교양,교양,1,기초교양,학문의기초,0012560032,AI시대의글쓰기이론과실제,Theory of Practice of Writing in the Age of AI,박상원,미추홀타워  별관A동-602 강의실[NC-602], [NC-602:수(7)(8)(9)], [NC-602:수(15:00~15:50)(16:00~16:50)(17:00~17:50)],50분(표준),2,일반과목,이론실험실습,상대평가,일반(1~15주),비대상
2202,교양,교양,1,기초교양,학문의기초,0012560033,AI시대의글쓰기이론과실제,Theory of Practice of Writing in the Age of AI,장고은,미추홀타워  별관A동-208 강의실[NC-208], [NC-208:수(7)(8)(9)], [NC-208:수(15:00~15:50)(16:00~16:50)(17:00~17:50)],50분(표준),2,일반과목,이론실험실습,상대평가,일반(1~15주),비대상
2203,교양,교양,1,기초교양,학문의기초,0012560034,AI시대의글쓰기이론과실제,Theory of Practice of Writing in the Age of AI,이은봉,제28호관 도시과학대학-404A 강의실[28-404A], [28-404A:화(1)(2)(3)], [28-404A:화(09:00~09:50)(10:00~10:50)(11:00~11:50)],50분(표준),2,일반과목,이론실험실습,상대평가,일반(1~15주),비대상
2204,교양,교양,1,기초교양,학문의기초,0012560035,AI시대의글쓰기이론과실제,Theory of Practice of Writing in the Age of AI,박상원,제27호관 제2공동실험실습관-312 강의실[27-312], [27-312:화(1)(2)(3)], [27-312:화(09:00~09:50)(10:00~10:50)(11:00~11:50)],50분(표준),2,일반과목,이론실험실습,상대평가,일반(1~15주),비대상
2205,교양,교양,1,기초교양,학문의기초,0012560036,AI시대의글쓰기이론과실제,Theory of Practice of Writing in the Age of AI,박보연,제12호관 컨벤션센터-502 강의실(소)-5[12-502], [12-502:화(1)(2)(3)], [12-502:화(09:00~09:50)(10:00~10:50)(11:00~11:50)],50분(표준),2,일반과목,이론실험실습,상대평가,일반(1~15주),비대상
2206,교양,교양,1,기초교양,학문의기초,0012560037,AI시대의글쓰기이론과실제,Theory of Practice of Writing in the Age of AI,이태희,제12호관 컨벤션센터-405 영어랩실[12-405], [12-405:화(1)(2)(3)], [12-405:화(09:00~09:50)(10:00~10:50)(11:00~11:50)],50분(표준),2,일반과목,이론실험실습,상대평가,일반(1~15주),비대상
2207,교양,교양,1,기초교양,학문의기초,0012560038,AI시대의글쓰기이론과실제,Theory of Practice of Writing in the Age of AI,이승윤,제12호관 컨벤션센터-401 영어랩실[12-401], [12-401:화(1)(2)(3)], [12-401:화(09:00~09:50)(10:00~10:50)(11:00~11:50)],50분(표준),2,일반과목,이론실험실습,상대평가,일반(1~15주),비대상
2208,교양,교양,1,기초교양,학문의기초,0012560039,AI시대의글쓰기이론과실제,Theory of Practice of Writing in the Age of AI,양현진,제19호관 융합자유전공대학·국제교류관-107 강의실[19-107], [19-107:월(7)(8)(9)], [19-107:월(15:00~15:50)(16:00~16:50)(17:00~17:50)],50분(표준),2,일반과목,이론실험실습,상대평가,일반(1~15주),비대상
2209,교양,교양,1,기초교양,학문의기초,0012560040,AI시대의글쓰기이론과실제,Theory of Practice of Writing in the Age of AI,박보연,제19호관 융합자유전공대학·국제교류관-108 강의실[19-108], [19-108:월(7)(8)(9)], [19-108:월(15:00~15:50)(16:00~16:50)(17:00~17:50)],50분(표준),2,일반과목,이론실험실습,상대평가,일반(1~15주),비대상
2210,교양,교양,1,기초교양,학문의기초,0012560041,AI시대의글쓰기이론과실제,Theory of Practice of Writing in the Age of AI,박성준,제12호관 컨벤션센터-406 강의실(소)-3[12-406], [12-406:월(7)(8)(9)], [12-406:월(15:00~15:50)(16:00~16:50)(17:00~17:50)],50분(표준),2,일반과목,이론실험실습,상대평가,일반(1~15주),비대상
2211,교양,교양,1,기초교양,학문의기초,0012560042,AI시대의글쓰기이론과실제,Theory of Practice of Writing in the Age of AI,김미향,제19호관 융합자유전공대학·국제교류관-107 강의실[19-107], [19-107:화(7)(8)(9)], [19-107:화(15:00~15:50)(16:00~16:50)(17:00~17:50)],50분(표준),2,일반과목,이론실험실습,상대평가,일반(1~15주),비대상
2212,교양,교양,1,기초교양,학문의기초,0012560043,AI시대의글쓰기이론과실제,Theory of Practice of Writing in the Age of AI,윤숙,제19호관 융합자유전공대학·국제교류관-108 강의실[19-108], [19-108:화(7)(8)(9)], [19-108:화(15:00~15:50)(16:00~16:50)(17:00~17:50)],50분(표준),2,일반과목,이론실험실습,상대평가,일반(1~15주),비대상
2213,교양,교양,1,기초교양,학문의기초,0012560044,AI시대의글쓰기이론과실제,Theory of Practice of Writing in the Age of AI,박보연,제12호관 컨벤션센터-406 강의실(소)-3[12-406], [12-406:화(7)(8)(9)], [12-406:화(15:00~15:50)(16:00~16:50)(17:00~17:50)],50분(표준),2,일반과목,이론실험실습,상대평가,일반(1~15주),비대상
2214,교양,교양,1,기초교양,학문의기초,0012560045,AI시대의글쓰기이론과실제,Theory of Practice of Writing in the Age of AI,양근용,제12호관 컨벤션센터-401 영어랩실[12-401], [12-401:화(야1)(야2)(야3)], [12-401:화(18:00~18:50)(18:55~19:45)(19:50~20:40)],50분(표준),2,일반과목,이론실험실습,상대평가,일반(1~15주),비대상
2215,교양,교양,1,기초교양,학문의기초,0012561001,AI사고와데이터리터러시,AI Thinking and Data Literacy,추교남,제4호관 BM컨텐츠관-101 전산실습실-3[04-101], [04-101:월(1)(2)], [04-101:월(09:00~09:50)(10:00~10:50)],50분(표준),2,일반과목,강의(이론),상대평가,일반(1~15주),비대상
2216,교양,교양,1,기초교양,학문의기초,0012561002,AI사고와데이터리터러시,AI Thinking and Data Literacy,이경숙,제4호관 BM컨텐츠관-102 전산실습실-4[04-102], [04-102:월(1)(2)], [04-102:월(09:00~09:50)(10:00~10:50)],50분(표준),2,일반과목,강의(이론),상대평가,일반(1~15주),비대상
2217,교양,교양,1,기초교양,학문의기초,0012561003,AI사고와데이터리터러시,AI Thinking and Data Literacy,추교남,제4호관 BM컨텐츠관-101 전산실습실-3[04-101], [04-101:월(4)(5)], [04-101:월(12:00~12:50)(13:00~13:50)],50분(표준),2,일반과목,강의(이론),상대평가,일반(1~15주),비대상
2218,교양,교양,1,기초교양,학문의기초,0012561004,AI사고와데이터리터러시,AI Thinking and Data Literacy,이경숙,제4호관 BM컨텐츠관-102 전산실습실-4[04-102], [04-102:월(4)(5)], [04-102:월(12:00~12:50)(13:00~13:50)],50분(표준),2,일반과목,강의(이론),상대평가,일반(1~15주),비대상
2219,교양,교양,1,기초교양,학문의기초,0012561005,AI사고와데이터리터러시,AI Thinking and Data Literacy,추교남,제4호관 BM컨텐츠관-101 전산실습실-3[04-101], [04-101:월(7)(8)], [04-101:월(15:00~15:50)(16:00~16:50)],50분(표준),2,일반과목,강의(이론),상대평가,일반(1~15주),비대상
2220,교양,교양,1,기초교양,학문의기초,0012561006,AI사고와데이터리터러시,AI Thinking and Data Literacy,이경숙,제4호관 BM컨텐츠관-102 전산실습실-4[04-102], [04-102:월(7)(8)], [04-102:월(15:00~15:50)(16:00~16:50)],50분(표준),2,일반과목,강의(이론),상대평가,일반(1~15주),비대상
2221,교양,교양,1,기초교양,학문의기초,0012561007,AI사고와데이터리터러시,AI Thinking and Data Literacy,이선아,제4호관 BM컨텐츠관-101 전산실습실-3[04-101], [04-101:화(1)(2)], [04-101:화(09:00~09:50)(10:00~10:50)],50분(표준),2,일반과목,강의(이론),상대평가,일반(1~15주),비대상
2222,교양,교양,1,기초교양,학문의기초,0012561008,AI사고와데이터리터러시,AI Thinking and Data Literacy,염귀덕,제4호관 BM컨텐츠관-102 전산실습실-4[04-102], [04-102:화(1)(2)], [04-102:화(09:00~09:50)(10:00~10:50)],50분(표준),2,일반과목,강의(이론),상대평가,일반(1~15주),비대상
2223,교양,교양,1,기초교양,학문의기초,0012561009,AI사고와데이터리터러시,AI Thinking and Data Literacy,이선아,제4호관 BM컨텐츠관-101 전산실습실-3[04-101], [04-101:화(4)(5)], [04-101:화(12:00~12:50)(13:00~13:50)],50분(표준),2,일반과목,강의(이론),상대평가,일반(1~15주),비대상
2224,교양,교양,1,기초교양,학문의기초,0012561010,AI사고와데이터리터러시,AI Thinking and Data Literacy,염귀덕,제4호관 BM컨텐츠관-102 전산실습실-4[04-102], [04-102:화(4)(5)], [04-102:화(12:00~12:50)(13:00~13:50)],50분(표준),2,일반과목,강의(이론),상대평가,일반(1~15주),비대상
2225,교양,교양,1,기초교양,학문의기초,0012561011,AI사고와데이터리터러시,AI Thinking and Data Literacy,황태준,제4호관 BM컨텐츠관-101 전산실습실-3[04-101], [04-101:화(7)(8)], [04-101:화(15:00~15:50)(16:00~16:50)],50분(표준),2,일반과목,강의(이론),상대평가,일반(1~15주),비대상
2226,교양,교양,1,기초교양,학문의기초,0012561012,AI사고와데이터리터러시,AI Thinking and Data Literacy,염귀덕,제4호관 BM컨텐츠관-102 전산실습실-4[04-102], [04-102:화(7)(8)], [04-102:화(15:00~15:50)(16:00~16:50)],50분(표준),2,일반과목,강의(이론),상대평가,일반(1~15주),비대상
2227,교양,교양,1,기초교양,학문의기초,0012561013,AI사고와데이터리터러시,AI Thinking and Data Literacy,이선아,제4호관 BM컨텐츠관-101 전산실습실-3[04-101], [04-101:수(1)(2)], [04-101:수(09:00~09:50)(10:00~10:50)],50분(표준),2,일반과목,강의(이론),상대평가,일반(1~15주),비대상
2228,교양,교양,1,기초교양,학문의기초,0012561014,AI사고와데이터리터러시,AI Thinking and Data Literacy,김영직,제4호관 BM컨텐츠관-102 전산실습실-4[04-102], [04-102:수(1)(2)], [04-102:수(09:00~09:50)(10:00~10:50)],50분(표준),2,일반과목,강의(이론),상대평가,일반(1~15주),비대상
2229,교양,교양,1,기초교양,학문의기초,0012561015,AI사고와데이터리터러시,AI Thinking and Data Literacy,황태준,제4호관 BM컨텐츠관-101 전산실습실-3[04-101], [04-101:금(4)(5)], [04-101:금(12:00~12:50)(13:00~13:50)],50분(표준),2,일반과목,강의(이론),상대평가,일반(1~15주),비대상
2230,교양,교양,1,기초교양,학문의기초,0012561016,AI사고와데이터리터러시,AI Thinking and Data Literacy,김종탁,제4호관 BM컨텐츠관-102 전산실습실-4[04-102], [04-102:금(4)(5)], [04-102:금(12:00~12:50)(13:00~13:50)],50분(표준),2,일반과목,강의(이론),상대평가,일반(1~15주),비대상
2231,교양,교양,1,기초교양,학문의기초,0012561017,AI사고와데이터리터러시,AI Thinking and Data Literacy,김영직,제4호관 BM컨텐츠관-101 전산실습실-3[04-101], [04-101:수(7)(8)], [04-101:수(15:00~15:50)(16:00~16:50)],50분(표준),2,일반과목,강의(이론),상대평가,일반(1~15주),비대상
2232,교양,교양,1,기초교양,학문의기초,0012561018,AI사고와데이터리터러시,AI Thinking and Data Literacy,김종탁,제4호관 BM컨텐츠관-102 전산실습실-4[04-102], [04-102:수(7)(8)], [04-102:수(15:00~15:50)(16:00~16:50)],50분(표준),2,일반과목,강의(이론),상대평가,일반(1~15주),비대상
2233,교양,교양,1,기초교양,학문의기초,0012561019,AI사고와데이터리터러시,AI Thinking and Data Literacy,김백현,제4호관 BM컨텐츠관-105 전산실습실-2[04-105], [04-105:목(1)(2)], [04-105:목(09:00~09:50)(10:00~10:50)],50분(표준),2,일반과목,강의(이론),상대평가,일반(1~15주),비대상
2234,교양,교양,1,기초교양,학문의기초,0012561020,AI사고와데이터리터러시,AI Thinking and Data Literacy,이슬비,제4호관 BM컨텐츠관-104 전산실습실-1[04-104], [04-104:목(1)(2)], [04-104:목(09:00~09:50)(10:00~10:50)],50분(표준),2,일반과목,강의(이론),상대평가,일반(1~15주),비대상
2235,교양,교양,1,기초교양,학문의기초,0012561021,AI사고와데이터리터러시,AI Thinking and Data Literacy,김백현,제4호관 BM컨텐츠관-101 전산실습실-3[04-101], [04-101:목(4)(5)], [04-101:목(12:00~12:50)(13:00~13:50)],50분(표준),2,일반과목,강의(이론),상대평가,일반(1~15주),비대상
2236,교양,교양,1,기초교양,학문의기초,0012561022,AI사고와데이터리터러시,AI Thinking and Data Literacy,김종탁,제4호관 BM컨텐츠관-102 전산실습실-4[04-102], [04-102:목(4)(5)], [04-102:목(12:00~12:50)(13:00~13:50)],50분(표준),2,일반과목,강의(이론),상대평가,일반(1~15주),비대상
2237,교양,교양,1,기초교양,학문의기초,0012561023,AI사고와데이터리터러시,AI Thinking and Data Literacy,김백현,제4호관 BM컨텐츠관-101 전산실습실-3[04-101], [04-101:목(7)(8)], [04-101:목(15:00~15:50)(16:00~16:50)],50분(표준),2,일반과목,강의(이론),상대평가,일반(1~15주),비대상
2238,교양,교양,1,기초교양,학문의기초,0012561024,AI사고와데이터리터러시,AI Thinking and Data Literacy,김종탁,제4호관 BM컨텐츠관-102 전산실습실-4[04-102], [04-102:목(7)(8)], [04-102:목(15:00~15:50)(16:00~16:50)],50분(표준),2,일반과목,강의(이론),상대평가,일반(1~15주),비대상
2239,교양,교양,1,기초교양,학문의기초,0012561025,AI사고와데이터리터러시,AI Thinking and Data Literacy,황태준,제4호관 BM컨텐츠관-101 전산실습실-3[04-101], [04-101:금(1)(2)], [04-101:금(09:00~09:50)(10:00~10:50)],50분(표준),2,일반과목,강의(이론),상대평가,일반(1~15주),비대상
2240,교양,교양,1,기초교양,학문의기초,0012561026,AI사고와데이터리터러시,AI Thinking and Data Literacy,김종탁,제4호관 BM컨텐츠관-102 전산실습실-4[04-102], [04-102:금(1)(2)], [04-102:금(09:00~09:50)(10:00~10:50)],50분(표준),2,일반과목,강의(이론),상대평가,일반(1~15주),비대상
2241,교양,교양,1,기초교양,학문의기초,0012561027,AI사고와데이터리터러시,AI Thinking and Data Literacy,김영직,제4호관 BM컨텐츠관-101 전산실습실-3[04-101], [04-101:수(4)(5)], [04-101:수(12:00~12:50)(13:00~13:50)],50분(표준),2,일반과목,강의(이론),상대평가,일반(1~15주),비대상
2242,교양,교양,1,기초교양,학문의기초,0012561028,AI사고와데이터리터러시,AI Thinking and Data Literacy,김종탁,제4호관 BM컨텐츠관-102 전산실습실-4[04-102], [04-102:수(4)(5)], [04-102:수(12:00~12:50)(13:00~13:50)],50분(표준),2,일반과목,강의(이론),상대평가,일반(1~15주),비대상
2243,교양,교양,1,기초교양,학문의기초,XAA1358037,대학수학(1),CALCULUS(1),이윤복,제5호관 자연과학대학·생명과학기술대학-103 수학과시청각실[05-103]," [05-103:월(1-2A),화(1-2A)]"," [05-103:월(09:00~10:15),화(09:00~10:15)]",75분,3,일반과목,강의(이론),상대평가,일반(1~15주),비대상
2244,교양,교양,1,기초교양,학문의기초,XAA1358038,대학수학(1),CALCULUS(1),유성민,제5호관 자연과학대학·생명과학기술대학-102A 통계처리실[05-102A]," [05-102A:월(1-2A),화(1-2A)]"," [05-102A:월(09:00~10:15),화(09:00~10:15)]",75분,3,일반과목,강의(이론),상대평가,일반(1~15주),비대상
2245,교양,교양,2,기초교양,학문의기초,0005060001,대학영어회화1,College English Conversation1,데릭 스톤,제15호관 인문대학-213 회화실-3[15-213], [15-213:목(1)(2)], [15-213:목(09:00~09:50)(10:00~10:50)],50분(표준),1,일반과목,실험실습,상대평가,일반(1~15주),비대상
2246,교양,교양,2,기초교양,학문의기초,0005060002,대학영어회화1,College English Conversation1,유원,제15호관 인문대학-214 회화실-4[15-214], [15-214:목(1)(2)], [15-214:목(09:00~09:50)(10:00~10:50)],50분(표준),1,일반과목,실험실습,상대평가,일반(1~15주),비대상
2247,교양,교양,2,기초교양,학문의기초,0005060003,대학영어회화1,College English Conversation1,코리 로슨,제15호관 인문대학-215 회화실-1[15-215], [15-215:목(1)(2)], [15-215:목(09:00~09:50)(10:00~10:50)],50분(표준),1,일반과목,실험실습,상대평가,일반(1~15주),비대상
2248,교양,교양,2,기초교양,학문의기초,0005060004,대학영어회화1,College English Conversation1,매튜,제15호관 인문대학-216 회화실-8 [15-216], [15-216:목(1)(2)], [15-216:목(09:00~09:50)(10:00~10:50)],50분(표준),1,일반과목,실험실습,상대평가,일반(1~15주),비대상
2249,교양,교양,2,기초교양,학문의기초,0005060005,대학영어회화1,College English Conversation1,알란,제15호관 인문대학-217 회화실-2[15-217], [15-217:목(1)(2)], [15-217:목(09:00~09:50)(10:00~10:50)],50분(표준),1,일반과목,실험실습,상대평가,일반(1~15주),비대상
2250,교양,교양,2,기초교양,학문의기초,0005060006,대학영어회화1,College English Conversation1,브렌트 맥납,제15호관 인문대학-213 회화실-3[15-213], [15-213:금(1)(2)], [15-213:금(09:00~09:50)(10:00~10:50)],50분(표준),1,일반과목,실험실습,상대평가,일반(1~15주),비대상
2251,교양,교양,2,기초교양,학문의기초,0005060007,대학영어회화1,College English Conversation1,캘럼 맥코트,제15호관 인문대학-214 회화실-4[15-214], [15-214:금(1)(2)], [15-214:금(09:00~09:50)(10:00~10:50)],50분(표준),1,일반과목,실험실습,상대평가,일반(1~15주),비대상
2252,교양,교양,2,기초교양,학문의기초,0005060008,대학영어회화1,College English Conversation1,코리 로슨,제15호관 인문대학-215 회화실-1[15-215], [15-215:금(1)(2)], [15-215:금(09:00~09:50)(10:00~10:50)],50분(표준),1,일반과목,실험실습,상대평가,일반(1~15주),비대상
2253,교양,교양,2,기초교양,학문의기초,0005060009,대학영어회화1,College English Conversation1,데릭 스톤,제15호관 인문대학-216 회화실-8 [15-216], [15-216:금(1)(2)], [15-216:금(09:00~09:50)(10:00~10:50)],50분(표준),1,일반과목,실험실습,상대평가,일반(1~15주),비대상
2254,교양,교양,2,기초교양,학문의기초,0005060010,대학영어회화1,College English Conversation1,알란,제15호관 인문대학-217 회화실-2[15-217], [15-217:금(1)(2)], [15-217:금(09:00~09:50)(10:00~10:50)],50분(표준),1,일반과목,실험실습,상대평가,일반(1~15주),비대상
2255,교양,교양,2,기초교양,학문의기초,0005060011,대학영어회화1,College English Conversation1,브렌트 맥납,제15호관 인문대학-213 회화실-3[15-213], [15-213:금(3)(4)], [15-213:금(11:00~11:50)(12:00~12:50)],50분(표준),1,일반과목,실험실습,상대평가,일반(1~15주),비대상
2256,교양,교양,2,기초교양,학문의기초,0005060012,대학영어회화1,College English Conversation1,캘럼 맥코트,제15호관 인문대학-214 회화실-4[15-214], [15-214:금(3)(4)], [15-214:금(11:00~11:50)(12:00~12:50)],50분(표준),1,일반과목,실험실습,상대평가,일반(1~15주),비대상
2257,교양,교양,2,기초교양,학문의기초,0005060013,대학영어회화1,College English Conversation1,코리 로슨,제15호관 인문대학-215 회화실-1[15-215], [15-215:금(3)(4)], [15-215:금(11:00~11:50)(12:00~12:50)],50분(표준),1,일반과목,실험실습,상대평가,일반(1~15주),비대상
2258,교양,교양,2,기초교양,학문의기초,0005060014,대학영어회화1,College English Conversation1,데릭 스톤,제15호관 인문대학-216 회화실-8 [15-216], [15-216:금(3)(4)], [15-216:금(11:00~11:50)(12:00~12:50)],50분(표준),1,일반과목,실험실습,상대평가,일반(1~15주),비대상
2259,교양,교양,2,기초교양,학문의기초,0005060015,대학영어회화1,College English Conversation1,알란,제15호관 인문대학-217 회화실-2[15-217], [15-217:금(3)(4)], [15-217:금(11:00~11:50)(12:00~12:50)],50분(표준),1,일반과목,실험실습,상대평가,일반(1~15주),비대상
2260,교양,교양,2,기초교양,학문의기초,0005060016,대학영어회화1,College English Conversation1,피터 래버,제15호관 인문대학-219 회화실-6[15-219], [15-219:금(3)(4)], [15-219:금(11:00~11:50)(12:00~12:50)],50분(표준),1,일반과목,실험실습,상대평가,일반(1~15주),비대상
2261,교양,교양,2,기초교양,학문의기초,0005060017,대학영어회화1,College English Conversation1,브렌트 맥납,제15호관 인문대학-213 회화실-3[15-213], [15-213:화(8)(9)], [15-213:화(16:00~16:50)(17:00~17:50)],50분(표준),1,일반과목,실험실습,상대평가,일반(1~15주),비대상
2262,교양,교양,2,기초교양,학문의기초,0005060018,대학영어회화1,College English Conversation1,티모시 톰슨,제15호관 인문대학-214 회화실-4[15-214], [15-214:화(8)(9)], [15-214:화(16:00~16:50)(17:00~17:50)],50분(표준),1,일반과목,실험실습,상대평가,일반(1~15주),비대상
2263,교양,교양,2,기초교양,학문의기초,0005060019,대학영어회화1,College English Conversation1,데빈,제15호관 인문대학-215 회화실-1[15-215], [15-215:화(8)(9)], [15-215:화(16:00~16:50)(17:00~17:50)],50분(표준),1,일반과목,실험실습,상대평가,일반(1~15주),비대상
2264,교양,교양,2,기초교양,학문의기초,0005060020,대학영어회화1,College English Conversation1,코리 로슨,제15호관 인문대학-216 회화실-8 [15-216], [15-216:화(8)(9)], [15-216:화(16:00~16:50)(17:00~17:50)],50분(표준),1,일반과목,실험실습,상대평가,일반(1~15주),비대상
2265,교양,교양,2,기초교양,학문의기초,0005060021,대학영어회화1,College English Conversation1,캘럼 맥코트,제15호관 인문대학-217 회화실-2[15-217], [15-217:화(8)(9)], [15-217:화(16:00~16:50)(17:00~17:50)],50분(표준),1,일반과목,실험실습,상대평가,일반(1~15주),비대상
2266,교양,교양,2,기초교양,학문의기초,0005060022,대학영어회화1,College English Conversation1,캘럼 맥코트,제15호관 인문대학-213 회화실-3[15-213], [15-213:수(1)(2)], [15-213:수(09:00~09:50)(10:00~10:50)],50분(표준),1,일반과목,실험실습,상대평가,일반(1~15주),비대상
2267,교양,교양,2,기초교양,학문의기초,0005060023,대학영어회화1,College English Conversation1,유원,제15호관 인문대학-214 회화실-4[15-214], [15-214:수(1)(2)], [15-214:수(09:00~09:50)(10:00~10:50)],50분(표준),1,일반과목,실험실습,상대평가,일반(1~15주),비대상
2268,교양,교양,2,기초교양,학문의기초,0005060024,대학영어회화1,College English Conversation1,데이비드,제15호관 인문대학-215 회화실-1[15-215], [15-215:수(1)(2)], [15-215:수(09:00~09:50)(10:00~10:50)],50분(표준),1,일반과목,실험실습,상대평가,일반(1~15주),비대상
2269,교양,교양,2,기초교양,학문의기초,0005060025,대학영어회화1,College English Conversation1,데릭 스톤,제15호관 인문대학-216 회화실-8 [15-216], [15-216:수(1)(2)], [15-216:수(09:00~09:50)(10:00~10:50)],50분(표준),1,일반과목,실험실습,상대평가,일반(1~15주),비대상
2270,교양,교양,2,기초교양,학문의기초,0005060026,대학영어회화1,College English Conversation1,피터 래버,제15호관 인문대학-217 회화실-2[15-217], [15-217:수(1)(2)], [15-217:수(09:00~09:50)(10:00~10:50)],50분(표준),1,일반과목,실험실습,상대평가,일반(1~15주),비대상
2271,교양,교양,2,기초교양,학문의기초,0005060027,대학영어회화1,College English Conversation1,유원,제15호관 인문대학-213 회화실-3[15-213], [15-213:화(1)(2)], [15-213:화(09:00~09:50)(10:00~10:50)],50분(표준),1,일반과목,실험실습,상대평가,일반(1~15주),비대상
2272,교양,교양,2,기초교양,학문의기초,0005060028,대학영어회화1,College English Conversation1,알란,제15호관 인문대학-214 회화실-4[15-214], [15-214:화(1)(2)], [15-214:화(09:00~09:50)(10:00~10:50)],50분(표준),1,일반과목,실험실습,상대평가,일반(1~15주),비대상
2273,교양,교양,2,기초교양,학문의기초,0005060029,대학영어회화1,College English Conversation1,데이비드,제15호관 인문대학-215 회화실-1[15-215], [15-215:화(1)(2)], [15-215:화(09:00~09:50)(10:00~10:50)],50분(표준),1,일반과목,실험실습,상대평가,일반(1~15주),비대상
2274,교양,교양,2,기초교양,학문의기초,0005060030,대학영어회화1,College English Conversation1,매튜,제15호관 인문대학-216 회화실-8 [15-216], [15-216:화(1)(2)], [15-216:화(09:00~09:50)(10:00~10:50)],50분(표준),1,일반과목,실험실습,상대평가,일반(1~15주),비대상
2275,교양,교양,2,기초교양,학문의기초,0005060031,대학영어회화1,College English Conversation1,피터 래버,제15호관 인문대학-217 회화실-2[15-217], [15-217:화(1)(2)], [15-217:화(09:00~09:50)(10:00~10:50)],50분(표준),1,일반과목,실험실습,상대평가,일반(1~15주),비대상
2276,교양,교양,2,기초교양,학문의기초,0005060032,대학영어회화1,College English Conversation1,캘럼 맥코트,제15호관 인문대학-213 회화실-3[15-213], [15-213:수(3)(4)], [15-213:수(11:00~11:50)(12:00~12:50)],50분(표준),1,일반과목,실험실습,상대평가,일반(1~15주),비대상
2277,교양,교양,2,기초교양,학문의기초,0005060033,대학영어회화1,College English Conversation1,유원,제15호관 인문대학-214 회화실-4[15-214], [15-214:수(3)(4)], [15-214:수(11:00~11:50)(12:00~12:50)],50분(표준),1,일반과목,실험실습,상대평가,일반(1~15주),비대상
2278,교양,교양,2,기초교양,학문의기초,0005060034,대학영어회화1,College English Conversation1,브렌트 맥납,제15호관 인문대학-215 회화실-1[15-215], [15-215:수(3)(4)], [15-215:수(11:00~11:50)(12:00~12:50)],50분(표준),1,일반과목,실험실습,상대평가,일반(1~15주),비대상
2279,교양,교양,2,기초교양,학문의기초,0005060035,대학영어회화1,College English Conversation1,코리 로슨,제15호관 인문대학-216 회화실-8 [15-216], [15-216:수(3)(4)], [15-216:수(11:00~11:50)(12:00~12:50)],50분(표준),1,일반과목,실험실습,상대평가,일반(1~15주),비대상
2280,교양,교양,2,기초교양,학문의기초,0005060036,대학영어회화1,College English Conversation1,데이비드,제15호관 인문대학-217 회화실-2[15-217], [15-217:수(3)(4)], [15-217:수(11:00~11:50)(12:00~12:50)],50분(표준),1,일반과목,실험실습,상대평가,일반(1~15주),비대상
2281,교양,교양,2,기초교양,학문의기초,0005060037,대학영어회화1,College English Conversation1,데빈,제15호관 인문대학-219 회화실-6[15-219], [15-219:수(3)(4)], [15-219:수(11:00~11:50)(12:00~12:50)],50분(표준),1,일반과목,실험실습,상대평가,일반(1~15주),비대상
2282,교양,교양,2,기초교양,학문의기초,0005060038,대학영어회화1,College English Conversation1,피터 래버,제15호관 인문대학-220 회화실-7[15-220], [15-220:수(3)(4)], [15-220:수(11:00~11:50)(12:00~12:50)],50분(표준),1,일반과목,실험실습,상대평가,일반(1~15주),비대상
2283,교양,교양,2,기초교양,학문의기초,0005060039,대학영어회화1,College English Conversation1,브렌트 맥납,제15호관 인문대학-213 회화실-3[15-213], [15-213:수(8)(9)], [15-213:수(16:00~16:50)(17:00~17:50)],50분(표준),1,일반과목,실험실습,상대평가,일반(1~15주),비대상
2284,교양,교양,2,기초교양,학문의기초,0005060040,대학영어회화1,College English Conversation1,티모시 톰슨,제15호관 인문대학-214 회화실-4[15-214], [15-214:수(8)(9)], [15-214:수(16:00~16:50)(17:00~17:50)],50분(표준),1,일반과목,실험실습,상대평가,일반(1~15주),비대상
2285,교양,교양,2,기초교양,학문의기초,0005060041,대학영어회화1,College English Conversation1,유원,제15호관 인문대학-215 회화실-1[15-215], [15-215:수(8)(9)], [15-215:수(16:00~16:50)(17:00~17:50)],50분(표준),1,일반과목,실험실습,상대평가,일반(1~15주),비대상
2286,교양,교양,2,기초교양,학문의기초,0005060042,대학영어회화1,College English Conversation1,데빈,제15호관 인문대학-216 회화실-8 [15-216], [15-216:수(8)(9)], [15-216:수(16:00~16:50)(17:00~17:50)],50분(표준),1,일반과목,실험실습,상대평가,일반(1~15주),비대상
2287,교양,교양,2,기초교양,학문의기초,0005060043,대학영어회화1,College English Conversation1,매튜,제15호관 인문대학-217 회화실-2[15-217], [15-217:수(8)(9)], [15-217:수(16:00~16:50)(17:00~17:50)],50분(표준),1,일반과목,실험실습,상대평가,일반(1~15주),비대상
2288,교양,교양,2,기초교양,학문의기초,0005060044,대학영어회화1,College English Conversation1,데릭 스톤,제15호관 인문대학-219 회화실-6[15-219], [15-219:수(8)(9)], [15-219:수(16:00~16:50)(17:00~17:50)],50분(표준),1,일반과목,실험실습,상대평가,일반(1~15주),비대상
2289,교양,교양,2,기초교양,학문의기초,0005060045,대학영어회화1,College English Conversation1,코리 로슨,제15호관 인문대학-220 회화실-7[15-220], [15-220:수(8)(9)], [15-220:수(16:00~16:50)(17:00~17:50)],50분(표준),1,일반과목,실험실습,상대평가,일반(1~15주),비대상
2290,교양,교양,2,기초교양,학문의기초,0005060046,대학영어회화1,College English Conversation1,티모시 톰슨,제15호관 인문대학-213 회화실-3[15-213], [15-213:목(8)(9)], [15-213:목(16:00~16:50)(17:00~17:50)],50분(표준),1,일반과목,실험실습,상대평가,일반(1~15주),비대상
2291,교양,교양,2,기초교양,학문의기초,0005060047,대학영어회화1,College English Conversation1,캘럼 맥코트,제15호관 인문대학-214 회화실-4[15-214], [15-214:목(8)(9)], [15-214:목(16:00~16:50)(17:00~17:50)],50분(표준),1,일반과목,실험실습,상대평가,일반(1~15주),비대상
2292,교양,교양,2,기초교양,학문의기초,0005060048,대학영어회화1,College English Conversation1,브렌트 맥납,제15호관 인문대학-215 회화실-1[15-215], [15-215:목(8)(9)], [15-215:목(16:00~16:50)(17:00~17:50)],50분(표준),1,일반과목,실험실습,상대평가,일반(1~15주),비대상
2293,교양,교양,2,기초교양,학문의기초,0005060049,대학영어회화1,College English Conversation1,데빈,제15호관 인문대학-216 회화실-8 [15-216], [15-216:목(8)(9)], [15-216:목(16:00~16:50)(17:00~17:50)],50분(표준),1,일반과목,실험실습,상대평가,일반(1~15주),비대상
2294,교양,교양,2,기초교양,학문의기초,0005060050,대학영어회화1,College English Conversation1,데이비드,제15호관 인문대학-217 회화실-2[15-217], [15-217:목(8)(9)], [15-217:목(16:00~16:50)(17:00~17:50)],50분(표준),1,일반과목,실험실습,상대평가,일반(1~15주),비대상
2295,교양,교양,2,기초교양,학문의기초,0005060051,대학영어회화1,College English Conversation1,알란,제15호관 인문대학-219 회화실-6[15-219], [15-219:목(8)(9)], [15-219:목(16:00~16:50)(17:00~17:50)],50분(표준),1,일반과목,실험실습,상대평가,일반(1~15주),비대상
2296,교양,교양,2,기초교양,학문의기초,0005060052,대학영어회화1,College English Conversation1,브렌트 맥납,제15호관 인문대학-213 회화실-3[15-213], [15-213:화(6)(7)], [15-213:화(14:00~14:50)(15:00~15:50)],50분(표준),1,일반과목,실험실습,상대평가,일반(1~15주),비대상
2297,교양,교양,2,기초교양,학문의기초,0005060053,대학영어회화1,College English Conversation1,유원,제15호관 인문대학-214 회화실-4[15-214], [15-214:화(6)(7)], [15-214:화(14:00~14:50)(15:00~15:50)],50분(표준),1,일반과목,실험실습,상대평가,일반(1~15주),비대상
2298,교양,교양,2,기초교양,학문의기초,0005060054,대학영어회화1,College English Conversation1,데빈,제15호관 인문대학-215 회화실-1[15-215], [15-215:화(6)(7)], [15-215:화(14:00~14:50)(15:00~15:50)],50분(표준),1,일반과목,실험실습,상대평가,일반(1~15주),비대상
2299,교양,교양,2,기초교양,학문의기초,0005060055,대학영어회화1,College English Conversation1,코리 로슨,제15호관 인문대학-216 회화실-8 [15-216], [15-216:화(6)(7)], [15-216:화(14:00~14:50)(15:00~15:50)],50분(표준),1,일반과목,실험실습,상대평가,일반(1~15주),비대상
2300,교양,교양,2,기초교양,학문의기초,0005060056,대학영어회화1,College English Conversation1,캘럼 맥코트,제15호관 인문대학-217 회화실-2[15-217], [15-217:화(6)(7)], [15-217:화(14:00~14:50)(15:00~15:50)],50분(표준),1,일반과목,실험실습,상대평가,일반(1~15주),비대상
2301,교양,교양,2,기초교양,학문의기초,0005060057,대학영어회화1,College English Conversation1,캘럼 맥코트,제15호관 인문대학-213 회화실-3[15-213], [15-213:월(1)(2)], [15-213:월(09:00~09:50)(10:00~10:50)],50분(표준),1,일반과목,실험실습,상대평가,일반(1~15주),비대상
2302,교양,교양,2,기초교양,학문의기초,0005060058,대학영어회화1,College English Conversation1,데릭 스톤,제15호관 인문대학-214 회화실-4[15-214], [15-214:월(1)(2)], [15-214:월(09:00~09:50)(10:00~10:50)],50분(표준),1,일반과목,실험실습,상대평가,일반(1~15주),비대상
2303,교양,교양,2,기초교양,학문의기초,0005060059,대학영어회화1,College English Conversation1,데이비드,제15호관 인문대학-215 회화실-1[15-215], [15-215:월(1)(2)], [15-215:월(09:00~09:50)(10:00~10:50)],50분(표준),1,일반과목,실험실습,상대평가,일반(1~15주),비대상
2304,교양,교양,2,기초교양,학문의기초,0005060060,대학영어회화1,College English Conversation1,매튜,제15호관 인문대학-216 회화실-8 [15-216], [15-216:월(1)(2)], [15-216:월(09:00~09:50)(10:00~10:50)],50분(표준),1,일반과목,실험실습,상대평가,일반(1~15주),비대상
2305,교양,교양,2,기초교양,학문의기초,0005060061,대학영어회화1,College English Conversation1,피터 래버,제15호관 인문대학-217 회화실-2[15-217], [15-217:월(1)(2)], [15-217:월(09:00~09:50)(10:00~10:50)],50분(표준),1,일반과목,실험실습,상대평가,일반(1~15주),비대상
2306,교양,교양,2,기초교양,학문의기초,0005060062,대학영어회화1,College English Conversation1,티모시 톰슨,제15호관 인문대학-213 회화실-3[15-213], [15-213:목(6)(7)], [15-213:목(14:00~14:50)(15:00~15:50)],50분(표준),1,일반과목,실험실습,상대평가,일반(1~15주),비대상
2307,교양,교양,2,기초교양,학문의기초,0005060063,대학영어회화1,College English Conversation1,유원,제15호관 인문대학-214 회화실-4[15-214], [15-214:목(6)(7)], [15-214:목(14:00~14:50)(15:00~15:50)],50분(표준),1,일반과목,실험실습,상대평가,일반(1~15주),비대상
2308,교양,교양,2,기초교양,학문의기초,0005060064,대학영어회화1,College English Conversation1,브렌트 맥납,제15호관 인문대학-215 회화실-1[15-215], [15-215:목(6)(7)], [15-215:목(14:00~14:50)(15:00~15:50)],50분(표준),1,일반과목,실험실습,상대평가,일반(1~15주),비대상
2309,교양,교양,2,기초교양,학문의기초,0005060065,대학영어회화1,College English Conversation1,데빈,제15호관 인문대학-216 회화실-8 [15-216], [15-216:목(6)(7)], [15-216:목(14:00~14:50)(15:00~15:50)],50분(표준),1,일반과목,실험실습,상대평가,일반(1~15주),비대상
2310,교양,교양,2,기초교양,학문의기초,0005060066,대학영어회화1,College English Conversation1,데이비드,제15호관 인문대학-217 회화실-2[15-217], [15-217:목(6)(7)], [15-217:목(14:00~14:50)(15:00~15:50)],50분(표준),1,일반과목,실험실습,상대평가,일반(1~15주),비대상
2311,교양,교양,2,기초교양,학문의기초,0005060067,대학영어회화1,College English Conversation1,매튜,제15호관 인문대학-218 회화실-5[15-218], [15-218:목(6)(7)], [15-218:목(14:00~14:50)(15:00~15:50)],50분(표준),1,일반과목,실험실습,상대평가,일반(1~15주),비대상
2312,교양,교양,2,기초교양,학문의기초,0005060068,대학영어회화1,College English Conversation1,알란,제15호관 인문대학-219 회화실-6[15-219], [15-219:목(6)(7)], [15-219:목(14:00~14:50)(15:00~15:50)],50분(표준),1,일반과목,실험실습,상대평가,일반(1~15주),비대상
2313,교양,교양,2,기초교양,학문의기초,0005060069,대학영어회화1,College English Conversation1,캘럼 맥코트,제15호관 인문대학-220 회화실-7[15-220], [15-220:목(6)(7)], [15-220:목(14:00~14:50)(15:00~15:50)],50분(표준),1,일반과목,실험실습,상대평가,일반(1~15주),비대상
2314,교양,교양,2,기초교양,학문의기초,0005060070,대학영어회화1,College English Conversation1,캘럼 맥코트,제15호관 인문대학-213 회화실-3[15-213], [15-213:월(3)(4)], [15-213:월(11:00~11:50)(12:00~12:50)],50분(표준),1,일반과목,실험실습,상대평가,일반(1~15주),비대상
2315,교양,교양,2,기초교양,학문의기초,0005060071,대학영어회화1,College English Conversation1,데릭 스톤,제15호관 인문대학-214 회화실-4[15-214], [15-214:월(3)(4)], [15-214:월(11:00~11:50)(12:00~12:50)],50분(표준),1,일반과목,실험실습,상대평가,일반(1~15주),비대상
2316,교양,교양,2,기초교양,학문의기초,0005060072,대학영어회화1,College English Conversation1,코리 로슨,제15호관 인문대학-215 회화실-1[15-215], [15-215:월(3)(4)], [15-215:월(11:00~11:50)(12:00~12:50)],50분(표준),1,일반과목,실험실습,상대평가,일반(1~15주),비대상
2317,교양,교양,2,기초교양,학문의기초,0005060073,대학영어회화1,College English Conversation1,데이비드,제15호관 인문대학-216 회화실-8 [15-216], [15-216:월(3)(4)], [15-216:월(11:00~11:50)(12:00~12:50)],50분(표준),1,일반과목,실험실습,상대평가,일반(1~15주),비대상
2318,교양,교양,2,기초교양,학문의기초,0005060074,대학영어회화1,College English Conversation1,알란,제15호관 인문대학-217 회화실-2[15-217], [15-217:월(3)(4)], [15-217:월(11:00~11:50)(12:00~12:50)],50분(표준),1,일반과목,실험실습,상대평가,일반(1~15주),비대상
2319,교양,교양,2,기초교양,학문의기초,0005060075,대학영어회화1,College English Conversation1,피터 래버,제15호관 인문대학-218 회화실-5[15-218], [15-218:월(3)(4)], [15-218:월(11:00~11:50)(12:00~12:50)],50분(표준),1,일반과목,실험실습,상대평가,일반(1~15주),비대상
2320,교양,교양,2,기초교양,학문의기초,0005060076,대학영어회화1,College English Conversation1,캘럼 맥코트,제15호관 인문대학-213 회화실-3[15-213], [15-213:목(3)(4)], [15-213:목(11:00~11:50)(12:00~12:50)],50분(표준),1,일반과목,실험실습,상대평가,일반(1~15주),비대상
2321,교양,교양,2,기초교양,학문의기초,0005060077,대학영어회화1,College English Conversation1,유원,제15호관 인문대학-214 회화실-4[15-214], [15-214:목(3)(4)], [15-214:목(11:00~11:50)(12:00~12:50)],50분(표준),1,일반과목,실험실습,상대평가,일반(1~15주),비대상
2322,교양,교양,2,기초교양,학문의기초,0005060078,대학영어회화1,College English Conversation1,데이비드,제15호관 인문대학-215 회화실-1[15-215], [15-215:목(3)(4)], [15-215:목(11:00~11:50)(12:00~12:50)],50분(표준),1,일반과목,실험실습,상대평가,일반(1~15주),비대상
2323,교양,교양,2,기초교양,학문의기초,0005060079,대학영어회화1,College English Conversation1,매튜,제15호관 인문대학-216 회화실-8 [15-216], [15-216:목(3)(4)], [15-216:목(11:00~11:50)(12:00~12:50)],50분(표준),1,일반과목,실험실습,상대평가,일반(1~15주),비대상
2324,교양,교양,2,기초교양,학문의기초,0005060080,대학영어회화1,College English Conversation1,알란,제15호관 인문대학-217 회화실-2[15-217], [15-217:목(3)(4)], [15-217:목(11:00~11:50)(12:00~12:50)],50분(표준),1,일반과목,실험실습,상대평가,일반(1~15주),비대상
2325,교양,교양,2,기초교양,학문의기초,0005060081,대학영어회화1,College English Conversation1,유원,미추홀타워  별관A동-205 강의실[NC-205], [NC-205:월(8)(9)], [NC-205:월(16:00~16:50)(17:00~17:50)],50분(표준),1,일반과목,실험실습,상대평가,일반(1~15주),비대상
2326,교양,교양,2,기초교양,학문의기초,0005060082,대학영어회화1,College English Conversation1,티모시 톰슨,미추홀타워  별관A동-207 강의실[NC-207], [NC-207:월(8)(9)], [NC-207:월(16:00~16:50)(17:00~17:50)],50분(표준),1,일반과목,실험실습,상대평가,일반(1~15주),비대상
2327,교양,교양,2,기초교양,학문의기초,0005060083,대학영어회화1,College English Conversation1,데빈,미추홀타워  별관A동-208 강의실[NC-208], [NC-208:월(8)(9)], [NC-208:월(16:00~16:50)(17:00~17:50)],50분(표준),1,일반과목,실험실습,상대평가,일반(1~15주),비대상
2328,교양,교양,2,기초교양,학문의기초,0005060084,대학영어회화1,College English Conversation1,알란,미추홀타워  별관A동-309 강의실[NC-309], [NC-309:월(8)(9)], [NC-309:월(16:00~16:50)(17:00~17:50)],50분(표준),1,일반과목,실험실습,상대평가,일반(1~15주),비대상
2329,교양,교양,2,기초교양,학문의기초,0005060085,대학영어회화1,College English Conversation1,브렌트 맥납,제15호관 인문대학-213 회화실-3[15-213], [15-213:월(6)(7)], [15-213:월(14:00~14:50)(15:00~15:50)],50분(표준),1,일반과목,실험실습,상대평가,일반(1~15주),비대상
2330,교양,교양,2,기초교양,학문의기초,0005060086,대학영어회화1,College English Conversation1,코리 로슨,제15호관 인문대학-214 회화실-4[15-214], [15-214:월(6)(7)], [15-214:월(14:00~14:50)(15:00~15:50)],50분(표준),1,일반과목,실험실습,상대평가,일반(1~15주),비대상
2331,교양,교양,2,기초교양,학문의기초,0005060087,대학영어회화1,College English Conversation1,데이비드,제15호관 인문대학-215 회화실-1[15-215], [15-215:월(6)(7)], [15-215:월(14:00~14:50)(15:00~15:50)],50분(표준),1,일반과목,실험실습,상대평가,일반(1~15주),비대상
2332,교양,교양,2,기초교양,학문의기초,0005060088,대학영어회화1,College English Conversation1,데릭 스톤,제15호관 인문대학-216 회화실-8 [15-216], [15-216:월(6)(7)], [15-216:월(14:00~14:50)(15:00~15:50)],50분(표준),1,일반과목,실험실습,상대평가,일반(1~15주),비대상
2333,교양,교양,2,기초교양,학문의기초,0005060089,대학영어회화1,College English Conversation1,유원,제15호관 인문대학-217 회화실-2[15-217], [15-217:월(6)(7)], [15-217:월(14:00~14:50)(15:00~15:50)],50분(표준),1,일반과목,실험실습,상대평가,일반(1~15주),비대상
2334,교양,교양,2,기초교양,학문의기초,0005060090,대학영어회화1,College English Conversation1,브렌트 맥납,제15호관 인문대학-213 회화실-3[15-213], [15-213:수(6)(7)], [15-213:수(14:00~14:50)(15:00~15:50)],50분(표준),1,일반과목,실험실습,상대평가,일반(1~15주),비대상
2335,교양,교양,2,기초교양,학문의기초,0005060091,대학영어회화1,College English Conversation1,티모시 톰슨,제15호관 인문대학-214 회화실-4[15-214], [15-214:수(6)(7)], [15-214:수(14:00~14:50)(15:00~15:50)],50분(표준),1,일반과목,실험실습,상대평가,일반(1~15주),비대상
2336,교양,교양,2,기초교양,학문의기초,0005060092,대학영어회화1,College English Conversation1,데이비드,제15호관 인문대학-215 회화실-1[15-215], [15-215:수(6)(7)], [15-215:수(14:00~14:50)(15:00~15:50)],50분(표준),1,일반과목,실험실습,상대평가,일반(1~15주),비대상
2337,교양,교양,2,기초교양,학문의기초,0005060093,대학영어회화1,College English Conversation1,데빈,제15호관 인문대학-216 회화실-8 [15-216], [15-216:수(6)(7)], [15-216:수(14:00~14:50)(15:00~15:50)],50분(표준),1,일반과목,실험실습,상대평가,일반(1~15주),비대상
2338,교양,교양,2,기초교양,학문의기초,0005060094,대학영어회화1,College English Conversation1,코리 로슨,제15호관 인문대학-217 회화실-2[15-217], [15-217:수(6)(7)], [15-217:수(14:00~14:50)(15:00~15:50)],50분(표준),1,일반과목,실험실습,상대평가,일반(1~15주),비대상
2339,교양,교양,2,기초교양,학문의기초,0005060095,대학영어회화1,College English Conversation1,유원,제15호관 인문대학-213 회화실-3[15-213], [15-213:화(3)(4)], [15-213:화(11:00~11:50)(12:00~12:50)],50분(표준),1,일반과목,실험실습,상대평가,일반(1~15주),비대상
2340,교양,교양,2,기초교양,학문의기초,0005060096,대학영어회화1,College English Conversation1,데릭 스톤,제15호관 인문대학-214 회화실-4[15-214], [15-214:화(3)(4)], [15-214:화(11:00~11:50)(12:00~12:50)],50분(표준),1,일반과목,실험실습,상대평가,일반(1~15주),비대상
2341,교양,교양,2,기초교양,학문의기초,0005060097,대학영어회화1,College English Conversation1,데이비드,제15호관 인문대학-215 회화실-1[15-215], [15-215:화(3)(4)], [15-215:화(11:00~11:50)(12:00~12:50)],50분(표준),1,일반과목,실험실습,상대평가,일반(1~15주),비대상
2342,교양,교양,2,기초교양,학문의기초,0005060098,대학영어회화1,College English Conversation1,매튜,제15호관 인문대학-216 회화실-8 [15-216], [15-216:화(3)(4)], [15-216:화(11:00~11:50)(12:00~12:50)],50분(표준),1,일반과목,실험실습,상대평가,일반(1~15주),비대상
2343,교양,교양,2,기초교양,학문의기초,0005060099,대학영어회화1,College English Conversation1,데빈,제15호관 인문대학-217 회화실-2[15-217], [15-217:화(3)(4)], [15-217:화(11:00~11:50)(12:00~12:50)],50분(표준),1,일반과목,실험실습,상대평가,일반(1~15주),비대상
2344,교양,교양,2,기초교양,학문의기초,0005060100,대학영어회화1,College English Conversation1,코리 로슨,제15호관 인문대학-219 회화실-6[15-219], [15-219:화(3)(4)], [15-219:화(11:00~11:50)(12:00~12:50)],50분(표준),1,일반과목,실험실습,상대평가,일반(1~15주),비대상
2345,교양,교양,2,기초교양,학문의기초,0005060101,대학영어회화1,College English Conversation1,알란,제15호관 인문대학-220 회화실-7[15-220], [15-220:화(3)(4)], [15-220:화(11:00~11:50)(12:00~12:50)],50분(표준),1,일반과목,실험실습,상대평가,일반(1~15주),비대상
2346,교양,교양,2,기초교양,학문의기초,0005060102,대학영어회화1,College English Conversation1,브렌트 맥납,제15호관 인문대학-213 회화실-3[15-213], [15-213:월(8)(9)], [15-213:월(16:00~16:50)(17:00~17:50)],50분(표준),1,일반과목,실험실습,상대평가,일반(1~15주),비대상
2347,교양,교양,2,기초교양,학문의기초,0005060103,대학영어회화1,College English Conversation1,코리 로슨,제15호관 인문대학-214 회화실-4[15-214], [15-214:월(8)(9)], [15-214:월(16:00~16:50)(17:00~17:50)],50분(표준),1,일반과목,실험실습,상대평가,일반(1~15주),비대상
2348,교양,교양,2,기초교양,학문의기초,0005060104,대학영어회화1,College English Conversation1,Cruz Jr Fidel Richard,제14호관 동북아경제·경영-218 강의실[14-218], [14-218:금(3)(4)], [14-218:금(11:00~11:50)(12:00~12:50)],50분(표준),1,일반과목,실험실습,절대평가,일반(1~15주),비대상
2349,교양,교양,2,기초교양,학문의기초,0005060105,대학영어회화1,College English Conversation1,Cruz Jr Fidel Richard,제14호관 동북아경제·경영-218 강의실[14-218], [14-218:금(6)(7)], [14-218:금(14:00~14:50)(15:00~15:50)],50분(표준),1,일반과목,실험실습,절대평가,일반(1~15주),비대상
2350,교양,교양,2,기초교양,학문의기초,0005060106,대학영어회화1,College English Conversation1,브렌트 맥납,제15호관 인문대학-213 회화실-3[15-213], [15-213:화(야1)(야2)], [15-213:화(18:00~18:50)(18:55~19:45)],50분(표준),1,일반과목,실험실습,상대평가,일반(1~15주),비대상
2351,교양,교양,2,기초교양,학문의기초,0005060107,대학영어회화1,College English Conversation1,매튜,제15호관 인문대학-213 회화실-3[15-213], [15-213:수(야1)(야2)], [15-213:수(18:00~18:50)(18:55~19:45)],50분(표준),1,일반과목,실험실습,상대평가,일반(1~15주),비대상
2352,교양,교양,2,기초교양,학문의기초,0005060108,대학영어회화1,College English Conversation1,캘럼 맥코트,제15호관 인문대학-213 회화실-3[15-213], [15-213:목(야1)(야2)], [15-213:목(18:00~18:50)(18:55~19:45)],50분(표준),1,일반과목,실험실습,상대평가,일반(1~15주),비대상
2353,교직,교직,1,교직,교직,0001302001,교육학개론,Introduction to Education,윤선인,미추홀타워  별관A동-207 강의실[NC-207], [NC-207:금(2)(3)], [NC-207:금(10:00~10:50)(11:00~11:50)],50분(표준),2,일반과목,강의(이론),절대평가,일반(1~15주),비대상
2354,교직,교직,1,교직,교직,0001302002,교육학개론,Introduction to Education,윤선인,미추홀타워  별관A동-207 강의실[NC-207], [NC-207:금(4)(5)], [NC-207:금(12:00~12:50)(13:00~13:50)],50분(표준),2,일반과목,강의(이론),절대평가,일반(1~15주),비대상
2355,교직,교직,1,교직,교직,0011526001,디지털교육,Digital Education,최두호,미추홀타워  별관A동-207 강의실[NC-207], [NC-207:화(야1)], [NC-207:화(18:00~18:50)],50분(표준),1,일반과목,강의(이론),절대평가,일반(1~15주),비대상
2356,교직,교직,1,교직,교직,0011526002,디지털교육,Digital Education,최두호,미추홀타워  별관A동-207 강의실[NC-207], [NC-207:화(야2)], [NC-207:화(18:55~19:45)],50분(표준),1,일반과목,강의(이론),절대평가,일반(1~15주),비대상
2357,교직,교직,1,교직,교직,YAA9014001,교육철학및교육사,PHILOSOPHY AND HISTORY OF EDUCATION,윤선인,미추홀타워  별관A동-602 강의실[NC-602], [NC-602:목(2)(3)], [NC-602:목(10:00~10:50)(11:00~11:50)],50분(표준),2,일반과목,강의(이론),절대평가,일반(1~15주),비대상
2358,교직,교직,1,교직,교직,YAA9014002,교육철학및교육사,PHILOSOPHY AND HISTORY OF EDUCATION,윤선인,미추홀타워  별관A동-602 강의실[NC-602], [NC-602:목(4)(5)], [NC-602:목(12:00~12:50)(13:00~13:50)],50분(표준),2,일반과목,강의(이론),절대평가,일반(1~15주),비대상
2359,교직,교직,2,교직,교직,0011183001,지속가능한미래교육,Future of Education with Sustainable Development,윤선인,미추홀타워  별관A동-602 강의실[NC-602], [NC-602:목(7)(8)], [NC-602:목(15:00~15:50)(16:00~16:50)],50분(표준),2,일반과목,강의(이론),절대평가,일반(1~15주),비대상
2360,교직,교직,2,교직,교직,YAA9011001,교육심리,EDUCATIONAL PSYCHOLOGY,안동근,미추홀타워  별관A동-602 강의실[NC-602], [NC-602:금(3)(4)], [NC-602:금(11:00~11:50)(12:00~12:50)],50분(표준),2,일반과목,강의(이론),절대평가,일반(1~15주),비대상
2361,교직,교직,2,교직,교직,YAA9011002,교육심리,EDUCATIONAL PSYCHOLOGY,안동근,미추홀타워  별관A동-602 강의실[NC-602], [NC-602:금(6)(7)], [NC-602:금(14:00~14:50)(15:00~15:50)],50분(표준),2,일반과목,강의(이론),절대평가,일반(1~15주),비대상
2362,교직,교직,2,교직,교직,YAA9015001,교육평가,EVALUATION OF EDUCATION,김성연,미추홀타워  별관A동-205 강의실[NC-205], [NC-205:월(4)(5)], [NC-205:월(12:00~12:50)(13:00~13:50)],50분(표준),2,일반과목,강의(이론),절대평가,일반(1~15주),비대상
2363,교직,교직,2,교직,교직,YAA9015002,교육평가,EVALUATION OF EDUCATION,김성연,미추홀타워  별관A동-205 강의실[NC-205], [NC-205:목(4)(5)], [NC-205:목(12:00~12:50)(13:00~13:50)],50분(표준),2,일반과목,강의(이론),절대평가,일반(1~15주),비대상
2364,교직,교직,3,교직,교직,0001342001,교직실무,Student Teaching Practicum,한은정,제15호관 인문대학-306 강의실[15-306], [15-306:수(5)(6)], [15-306:수(13:00~13:50)(14:00~14:50)],50분(표준),2,일반과목,강의(이론),절대평가,일반(1~15주),비대상
2365,교직,교직,3,교직,교직,0003632001,교육행정및교육경영,EDUCATION ADMINISTRATION AND SCHOOL MANAGEMENT,한은정,미추홀타워  별관A동-602 강의실[NC-602], [NC-602:월(2)(3)], [NC-602:월(10:00~10:50)(11:00~11:50)],50분(표준),2,일반과목,강의(이론),절대평가,일반(1~15주),비대상
2366,교직,교직,3,교직,교직,0003632002,교육행정및교육경영,EDUCATION ADMINISTRATION AND SCHOOL MANAGEMENT,한은정,미추홀타워  별관A동-602 강의실[NC-602], [NC-602:월(5)(6)], [NC-602:월(13:00~13:50)(14:00~14:50)],50분(표준),2,일반과목,강의(이론),절대평가,일반(1~15주),비대상
2367,교직,교직,3,교직,교직,0010500001,학교현장실습I:교육현장컨설팅,Field-PracticumI : Education field consulting,한은정,미추홀타워  별관A동-602 강의실[NC-602], [NC-602:월(4)], [NC-602:월(12:00~12:50)],50분(표준),1,일반과목,강의(이론),절대평가,일반(1~15주),비대상
2368,교직,교직,3,교직,교직,YAA9003001,교육과정,CURRICULUM IN THE SCHOOLS,김민섭,미추홀타워  별관A동-305 강의실-1[NC-305], [NC-305:월(야1)(야2)], [NC-305:월(18:00~18:50)(18:55~19:45)],50분(표준),2,일반과목,강의(이론),절대평가,일반(1~15주),비대상
2369,교직,교직,3,교직,교직,YAA9003002,교육과정,CURRICULUM IN THE SCHOOLS,김민섭,미래관-208 다목적실[NA-208], [NA-208:화(야1)(야2)], [NA-208:화(18:00~18:50)(18:55~19:45)],50분(표준),2,일반과목,강의(이론),절대평가,일반(1~15주),비대상
2370,교직,교직,3,교직,교직,YAA9003003,교육과정,CURRICULUM IN THE SCHOOLS,김민섭,미추홀타워  별관A동-207 강의실[NC-207], [NC-207:목(7)(8)], [NC-207:목(15:00~15:50)(16:00~16:50)],50분(표준),2,일반과목,강의(이론),절대평가,일반(1~15주),비대상
2371,교직,교직,4,교직,교직,0001331001,교육봉사활동,Educational Community Activities,김윤신,,,,50분(표준),2,일반과목,실험실습,이수인정,일반(1~15주),비대상
2372,교직,교직,4,교직,교직,0001331002,교육봉사활동,Educational Community Activities,김정수,,,,50분(표준),2,일반과목,실험실습,이수인정,일반(1~15주),비대상
2373,교직,교직,4,교직,교직,0001331003,교육봉사활동,Educational Community Activities,최현필,,,,50분(표준),2,일반과목,실험실습,이수인정,일반(1~15주),비대상
2374,교직,교직,4,교직,교직,0001331004,교육봉사활동,Educational Community Activities,윤영훈,,,,50분(표준),2,일반과목,실험실습,이수인정,일반(1~15주),비대상
2375,교직,교직,4,교직,교직,0001331005,교육봉사활동,Educational Community Activities,이승용,,,,50분(표준),2,일반과목,실험실습,이수인정,일반(1~15주),비대상
2376,교직,교직,4,교직,교직,0001331006,교육봉사활동,Educational Community Activities,정윤주,,,,50분(표준),2,일반과목,실험실습,이수인정,일반(1~15주),비대상
2377,교직,교직,4,교직,교직,0001331007,교육봉사활동,Educational Community Activities,김성자,,,,50분(표준),2,일반과목,실험실습,이수인정,일반(1~15주),비대상
2378,교직,교직,4,교직,교직,0001331008,교육봉사활동,Educational Community Activities,윤영돈,,,,50분(표준),2,일반과목,실험실습,이수인정,일반(1~15주),비대상
2379,교직,교직,4,교직,교직,0002757001,특수교육학개론,EDUCATION FOR EXCEPTIONAL CHILDREN,정혜경,미추홀타워  별관A동-205 강의실[NC-205], [NC-205:목(야1)(야2)], [NC-205:목(18:00~18:50)(18:55~19:45)],50분(표준),2,일반과목,강의(이론),절대평가,일반(1~15주),비대상
2380,교직,교직,4,교직,교직,0002757002,특수교육학개론,EDUCATION FOR EXCEPTIONAL CHILDREN,정혜경,미추홀타워  별관A동-207 강의실[NC-207], [NC-207:금(야1)(야2)], [NC-207:금(18:00~18:50)(18:55~19:45)],50분(표준),2,일반과목,강의(이론),절대평가,일반(1~15주),비대상
2381,교직,교직,4,교직,교직,0002760001,교육방법및교육공학,Teaching Method and Educational Technology,신원석,미추홀타워  별관A동-207 강의실[NC-207], [NC-207:수(2)(3)], [NC-207:수(10:00~10:50)(11:00~11:50)],50분(표준),2,일반과목,강의(이론),절대평가,일반(1~15주),비대상
2382,교직,교직,4,교직,교직,0002760002,교육방법및교육공학,Teaching Method and Educational Technology,신원석,미추홀타워  별관A동-207 강의실[NC-207], [NC-207:수(4)(5)], [NC-207:수(12:00~12:50)(13:00~13:50)],50분(표준),2,일반과목,강의(이론),절대평가,일반(1~15주),비대상
2383,교직,교직,4,교직,교직,0006743001,융합교육의 이론과 실제,Theory and practice on Convergence education,김평원,미추홀타워  별관A동-602 강의실[NC-602], [NC-602:금(야1)(야2)], [NC-602:금(18:00~18:50)(18:55~19:45)],50분(표준),2,일반과목,e-Learning,절대평가,일반(1~15주),비대상
2384,교직,교직,4,교직,교직,0007456001,교육캡스톤디자인,Capstone Design Project in Education,김평원,미추홀타워  별관A동-602 강의실[NC-602]," [NC-602:목(야3)(야4),금(야3)(야4)]"," [NC-602:목(19:50~20:40)(20:45~21:35),금(19:50~20:40)(20:45~21:35)]",50분(표준),2,일반과목,실험실습,절대평가,일반(1~15주),비대상
2385,교직,교직,4,교직,교직,0010499001,학교현장실습II,Field Practicum II,한은정,미추홀타워  별관A동-602 강의실[NC-602], [NC-602:화(5)(6)], [NC-602:화(13:00~13:50)(14:00~14:50)],50분(표준),2,일반과목,강의(이론),절대평가,일반(1~15주),비대상
2386,교직,교직,4,교직,교직,0010499002,학교현장실습II,Field Practicum II,한은정,미추홀타워  별관A동-316 PC실습실[NC-316], [NC-316:수(2)(3)], [NC-316:수(10:00~10:50)(11:00~11:50)],50분(표준),2,일반과목,강의(이론),절대평가,일반(1~15주),비대상
2387,교직,교직,4,교직,교직,0010499003,학교현장실습II,Field Practicum II,안효진,미추홀타워  별관A동-306 강의실[NC-306], [NC-306:금(2)(3)], [NC-306:금(10:00~10:50)(11:00~11:50)],50분(표준),2,일반과목,강의(이론),절대평가,일반(1~15주),비대상
2388,일선,일선,전학년,일반선택,일반선택,0000681001,해외인턴십 1,GLOBAL INTERNSHIP 1,홍진배,가상건물-102 현장실습(40시수이상)[ZZ-102]," [ZZ-102:월(1)(2)(3)(4)(5)(6)(7)(8),화(1)(2)(3)(4)(5)(6)(7)(8),수(1)(2)(3)(4)(5)(6)(7)(8),목(1)(2)(3)(4)(5)(6)(7)(8),금(1)(2)(3)(4)(5)(6)(7)(8)]"," [ZZ-102:월(09:00~09:50)(10:00~10:50)(11:00~11:50)(12:00~12:50)(13:00~13:50)(14:00~14:50)(15:00~15:50)(16:00~16:50),화(09:00~09:50)(10:00~10:50)(11:00~11:50)(12:00~12:50)(13:00~13:50)(14:00~14:50)(15:00~15:50)(16:00~16:50),수(09:00~09:50)(10:00~10:50)(11:00~11:50)(12:00~12:50)(13:00~13:50)(14:00~14:50)(15:00~15:50)(16:00~16:50),목(09:00~09:50)(10:00~10:50)(11:00~11:50)(12:00~12:50)(13:00~13:50)(14:00~14:50)(15:00~15:50)(16:00~16:50),금(09:00~09:50)(10:00~10:50)(11:00~11:50)(12:00~12:50)(13:00~13:50)(14:00~14:50)(15:00~15:50)(16:00~16:50)]",50분(표준),15,해외인턴십,실험실습,이수인정,일반(1~15주),비대상
2389,일선,일선,전학년,일반선택,일반선택,0000682001,해외인턴십 2,GLOBAL INTERNSHIP 2,홍진배,가상건물-102 현장실습(40시수이상)[ZZ-102]," [ZZ-102:월(1)(2)(3)(4)(5)(6)(7)(8),화(1)(2)(3)(4)(5)(6)(7)(8),수(1)(2)(3)(4)(5)(6)(7)(8),목(1)(2)(3)(4)(5)(6)(7)(8),금(1)(2)(3)(4)(5)(6)(7)(8)]"," [ZZ-102:월(09:00~09:50)(10:00~10:50)(11:00~11:50)(12:00~12:50)(13:00~13:50)(14:00~14:50)(15:00~15:50)(16:00~16:50),화(09:00~09:50)(10:00~10:50)(11:00~11:50)(12:00~12:50)(13:00~13:50)(14:00~14:50)(15:00~15:50)(16:00~16:50),수(09:00~09:50)(10:00~10:50)(11:00~11:50)(12:00~12:50)(13:00~13:50)(14:00~14:50)(15:00~15:50)(16:00~16:50),목(09:00~09:50)(10:00~10:50)(11:00~11:50)(12:00~12:50)(13:00~13:50)(14:00~14:50)(15:00~15:50)(16:00~16:50),금(09:00~09:50)(10:00~10:50)(11:00~11:50)(12:00~12:50)(13:00~13:50)(14:00~14:50)(15:00~15:50)(16:00~16:50)]",50분(표준),12,해외인턴십,실험실습,이수인정,일반(1~15주),비대상
2390,일선,일선,전학년,일반선택,일반선택,0001198001,성인학습및상담론,LEARNING THEORY AND COUNSELING FOR ADULT,박선영,제13호관 사회과학·글로벌정경대학-204 강의실(소)[13-204], [13-204:화(7)(8)(9)], [13-204:화(15:00~15:50)(16:00~16:50)(17:00~17:50)],50분(표준),3,일반과목,강의(이론),절대평가,일반(1~15주),비대상
2391,일선,일선,전학년,일반선택,일반선택,0004597001,INU 리더십특강,Special Lectures on INU Leadership,취업경력개발원,제11호관 복지회관-208 소극장 [11-208], [11-208:화(7)(8)], [11-208:화(15:00~15:50)(16:00~16:50)],50분(표준),1,일반과목,실험실습,이수인정,일반(1~15주),비대상
2392,일선,일선,전학년,일반선택,일반선택,0005053001,아이디어와 창업,Idea & Start-UP,최병조,제9호관 공동실험실습관-509 강의실[09-509], [09-509:화(7)(8)(9)], [09-509:화(15:00~15:50)(16:00~16:50)(17:00~17:50)],50분(표준),3,일반과목,강의(이론),상대평가,일반(1~15주),비대상
2393,일선,일선,전학년,일반선택,일반선택,0005054001,글로벌 창업가 정신,Global Entrepreneurship,창업지원단,제9호관 공동실험실습관-509 강의실[09-509], [09-509:월(7)(8)(9)], [09-509:월(15:00~15:50)(16:00~16:50)(17:00~17:50)],50분(표준),3,일반과목,강의(이론),상대평가,일반(1~15주),비대상
2394,일선,일선,전학년,일반선택,일반선택,0005403001,성공창업전략,Successful Start-up Strategy,최병조,제9호관 공동실험실습관-509 강의실[09-509], [09-509:월(4)(5)(6)], [09-509:월(12:00~12:50)(13:00~13:50)(14:00~14:50)],50분(표준),3,일반과목,강의(이론),상대평가,일반(1~15주),비대상
2395,일선,일선,전학년,일반선택,일반선택,0006102001,공직사회의이해,UnderstandingPublic Careers& GovernmentPositions,박동규,제15호관 인문대학-201 SOUP강의실(계단식(대))[15-201], [15-201:수(1)(2)], [15-201:수(09:00~09:50)(10:00~10:50)],50분(표준),1,일반과목,실험실습,이수인정,일반(1~15주),비대상
2396,일선,일선,전학년,일반선택,일반선택,0006102002,공직사회의이해,UnderstandingPublic Careers& GovernmentPositions,박동규,제15호관 인문대학-201 SOUP강의실(계단식(대))[15-201], [15-201:수(3)(4)], [15-201:수(11:00~11:50)(12:00~12:50)],50분(표준),1,일반과목,실험실습,이수인정,일반(1~15주),비대상
2397,일선,일선,전학년,일반선택,일반선택,0007048001,NCS의 이해,Understanding the NCS(national compentency standards),취업경력개발원,제12호관 컨벤션센터-101 용정강의실(계단식(대))[12-101], [12-101:수(6)(7)], [12-101:수(14:00~14:50)(15:00~15:50)],50분(표준),1,일반과목,실험실습,이수인정,일반(1~15주),비대상
2398,일선,일선,전학년,일반선택,일반선택,0007048002,NCS의 이해,Understanding the NCS(national compentency standards),취업경력개발원,제12호관 컨벤션센터-101 용정강의실(계단식(대))[12-101], [12-101:수(8)(9)], [12-101:수(16:00~16:50)(17:00~17:50)],50분(표준),1,일반과목,실험실습,이수인정,일반(1~15주),비대상
2399,일선,일선,전학년,일반선택,일반선택,0008586001,창업마케팅AtoZ,Startup Marketing A to Z,최병조,제9호관 공동실험실습관-509 강의실[09-509], [09-509:수(4)(5)(6)], [09-509:수(12:00~12:50)(13:00~13:50)(14:00~14:50)],50분(표준),3,일반과목,강의(이론),상대평가,일반(1~15주),비대상
2400,일선,일선,전학년,일반선택,일반선택,0008588001,스타트업트랜드,Startup Trend,최병조,제9호관 공동실험실습관-509 강의실[09-509], [09-509:목(7)(8)(9)], [09-509:목(15:00~15:50)(16:00~16:50)(17:00~17:50)],50분(표준),3,일반과목,강의(이론),상대평가,일반(1~15주),비대상
2401,일선,일선,전학년,일반선택,일반선택,0008589001,생활속의창업특허,Startup patent in daily life,창업지원단,제9호관 공동실험실습관-509 강의실[09-509], [09-509:목(4)(5)(6)], [09-509:목(12:00~12:50)(13:00~13:50)(14:00~14:50)],50분(표준),3,일반과목,강의(이론),상대평가,일반(1~15주),비대상
2402,일선,일선,전학년,일반선택,일반선택,0008591001,스타트업비즈니스매너,Startup Business manner,창업지원단,제9호관 공동실험실습관-509 강의실[09-509], [09-509:목(1)(2)(3)], [09-509:목(09:00~09:50)(10:00~10:50)(11:00~11:50)],50분(표준),3,일반과목,강의(이론),상대평가,일반(1~15주),비대상
2403,일선,일선,전학년,일반선택,일반선택,0008593001,창업실습1,Practical training of STARTUP 1,창업지원단,,,,50분(표준),3,현장실습,실험실습,이수인정,일반(1~15주),비대상
2404,일선,일선,전학년,일반선택,일반선택,0008595001,창업현장실습1,Field placement of STARTUP1,창업지원단,,,,50분(표준),6,현장실습,실험실습,이수인정,일반(1~15주),비대상
2405,일선,일선,전학년,일반선택,일반선택,0009343001,스타트업물류사례및트랜드,startup logistics examples and trends,최병조,제9호관 공동실험실습관-509 강의실[09-509], [09-509:월(1)(2)(3)], [09-509:월(09:00~09:50)(10:00~10:50)(11:00~11:50)],50분(표준),3,일반과목,강의(이론),상대평가,일반(1~15주),비대상
2406,일선,일선,전학년,일반선택,일반선택,0010523001,창업프로젝트실습1,Practical training of startup project1,최병조,가상건물-200 온라인강의실[ZZ-200], [ZZ-200:월(7)(8)(9)], [ZZ-200:월(15:00~15:50)(16:00~16:50)(17:00~17:50)],50분(표준),3,일반과목,실험실습,이수인정,일반(1~15주),비대상
2407,일선,일선,전학년,일반선택,일반선택,0010523002,창업프로젝트실습1,Practical training of startup project1,창업지원단,가상건물-200 온라인강의실[ZZ-200], [ZZ-200:수(7)(8)(9)], [ZZ-200:수(15:00~15:50)(16:00~16:50)(17:00~17:50)],50분(표준),3,일반과목,실험실습,이수인정,일반(1~15주),비대상
2408,일선,일선,전학년,일반선택,일반선택,0010524001,패션브랜드창업의이해,Understanding of Fashion Brand Startup,창업지원단,제9호관 공동실험실습관-509 강의실[09-509], [09-509:수(2)(3)], [09-509:수(10:00~10:50)(11:00~11:50)],50분(표준),2,일반과목,강의(이론),상대평가,일반(1~15주),비대상
2409,일선,일선,전학년,일반선택,일반선택,0010624001,스타트업앱비즈니스모델,Startup App Business Model,최병조,제9호관 공동실험실습관-509 강의실[09-509], [09-509:수(7)(8)(9)], [09-509:수(15:00~15:50)(16:00~16:50)(17:00~17:50)],50분(표준),3,일반과목,강의(이론),상대평가,일반(1~15주),비대상
2410,일선,일선,전학년,일반선택,일반선택,0010626001,창업프로젝트실습3,Practical training of startup project3,안혜신,제28호관 도시과학대학-203 디자인실3[28-203]," [28-203:월(야1)(야2)(야3),수(야1)(야2)(야3)]"," [28-203:월(18:00~18:50)(18:55~19:45)(19:50~20:40),수(18:00~18:50)(18:55~19:45)(19:50~20:40)]",50분(표준),6,일반과목,실험실습,이수인정,일반(1~15주),비대상
2411,일선,일선,전학년,일반선택,일반선택,0011184001,해양경찰학개론,Introduction to Marine Police,김병로,제12호관 컨벤션센터-403 계단강의실(소)[12-403], [12-403:화(2)(3)(4)], [12-403:화(10:00~10:50)(11:00~11:50)(12:00~12:50)],50분(표준),3,일반과목,강의(이론),상대평가,일반(1~15주),비대상
2412,일선,일선,전학년,일반선택,일반선택,0011527001,산학캡스톤디자인,Industry Academia Capstone Design,김경태,제9호관 공동실험실습관-226 강의실[09-226]," [09-226:목(7)(8),토(2)(3)]"," [09-226:목(15:00~15:50)(16:00~16:50),토(10:00~10:50)(11:00~11:50)]",50분(표준),3,일반과목,이론실험실습,절대평가,일반(1~15주),비대상
2413,일선,일선,전학년,일반선택,일반선택,0012484001,커리어로드맵,Career Roadmap,취업경력개발원,,,,50분(표준),1,일반과목,e-Learning,이수인정,일반(1~15주),비대상
2414,일선,일선,전학년,일반선택,일반선택,WAA1003001,평생교육방법론,LIFELONG EDUCATION METHOD,,제13호관 사회과학·글로벌정경대학-204 강의실(소)[13-204], [13-204:금(4)(5)(6)], [13-204:금(12:00~12:50)(13:00~13:50)(14:00~14:50)],50분(표준),3,일반과목,강의(이론),절대평가,일반(1~15주),비대상
2415,일선,일선,전학년,일반선택,일반선택,XAA1247001,평생교육론,LIFE-LONG EDUCATION,이은경,제13호관 사회과학·글로벌정경대학-205 강의실(소)[13-205], [13-205:금(2)(3)(4)], [13-205:금(10:00~10:50)(11:00~11:50)(12:00~12:50)],50분(표준),3,일반과목,강의(이론),절대평가,일반(1~15주),비대상
2416,일선,일선,4,일반선택,일반선택,0007049001,핵심취업전략특강,"Special Lectures on
Core Strategy for Employment",취업경력개발원,제12호관 컨벤션센터-303 계단강의실(소)[12-303], [12-303:목(1)(2)], [12-303:목(09:00~09:50)(10:00~10:50)],50분(표준),1,일반과목,실험실습,이수인정,일반(1~15주),비대상
2417,일선,일선,4,일반선택,일반선택,0007049002,핵심취업전략특강,"Special Lectures on
Core Strategy for Employment",취업경력개발원,제12호관 컨벤션센터-303 계단강의실(소)[12-303], [12-303:목(3)(4)], [12-303:목(11:00~11:50)(12:00~12:50)],50분(표준),1,일반과목,실험실습,이수인정,일반(1~15주),비대상
2418,일선,일선,4,일반선택,일반선택,0010035001,직업기초능력1,Basic Job Skills 1,이원철,제41호관 바이오 컴플렉스관-107 강의실3[41-107], [41-107:화(야1)(야2)(야3)], [41-107:화(18:00~18:50)(18:55~19:45)(19:50~20:40)],50분(표준),3,일반과목,강의(이론),상대평가,일반(1~15주),비대상
2419,일선,일선,4,일반선택,일반선택,0010036001,직업기초능력2,Basic Job Skills 2,우기정,제41호관 바이오 컴플렉스관-107 강의실3[41-107], [41-107:수(야1)(야2)], [41-107:수(18:00~18:50)(18:55~19:45)],50분(표준),2,일반과목,강의(이론),상대평가,일반(1~15주),비대상
2420,군사학,군사학,3,군사학,군사학,0009312001,안보학,Security studies,학군단,제22호관 학군단-208 3학년강의실/전산실[22-208]," [22-208:화(1)(2)(3),금(5)(6)(7)]"," [22-208:화(09:00~09:50)(10:00~10:50)(11:00~11:50),금(13:00~13:50)(14:00~14:50)(15:00~15:50)]",50분(표준),3,일반과목,실험실습,절대평가,일반(1~15주),비대상
2421,군사학,군사학,4,군사학,군사학,0009314001,조직리더십,Organization leadership,학군단,제22호관 학군단-206 4학년강의실/전산실[22-206]," [22-206:화(1)(2)(3),금(5)(6)(7)]"," [22-206:화(09:00~09:50)(10:00~10:50)(11:00~11:50),금(13:00~13:50)(14:00~14:50)(15:00~15:50)]",50분(표준),3,일반과목,실험실습,절대평가,일반(1~15주),비대상
2422,기타,광전자공학전공(연계),전학년,전공핵심,전공핵심,0010511001,광전자물리학,Physics of optoelectronics,한강희,제5호관 자연과학대학·생명과학기술대학-326 강의실(소)-2[05-326]," [05-326:화(5B-6),목(5B-6)]"," [05-326:화(13:30~14:45),목(13:30~14:45)]",75분,3,일반과목,강의(이론),상대평가,일반(1~15주),비대상
2423,기타,광전자공학전공(연계),전학년,전공심화,전공심화,0010512001,광전자반도체소자,Optoelectronic semiconductor devices ,문병희,제5호관 자연과학대학·생명과학기술대학-421 강의실(소)-4[05-421]," [05-421:월(5B-6),수(2B-3)]"," [05-421:월(13:30~14:45),수(10:30~11:45)]",75분,3,일반과목,강의(이론),상대평가,일반(1~15주),비대상
2424,기타,물류학전공(연계),전학년,전공심화,전공심화,0000474001,국제복합운송론,Global Intermodal Transportation,장진열,제14호관 동북아경제·경영-104 강의실(물류대학원)[14-104]," [14-104:화(5B-6),수(5B-6)]"," [14-104:화(13:30~14:45),수(13:30~14:45)]",75분,3,일반과목,강의(이론),상대평가,일반(1~15주),비대상
2425,기타,물류학전공(연계),전학년,전공심화,전공심화,0009545001,글로벌해운경제론,Global Maritime Economics,하민호,제14호관 동북아경제·경영-104 강의실(물류대학원)[14-104]," [14-104:화(7-8A),목(7-8A)]"," [14-104:화(15:00~16:15),목(15:00~16:15)]",75분,3,일반과목,강의(이론),상대평가,일반(1~15주),비대상
2426,기타,국제개발협력연계전공,전학년,전공핵심,전공핵심,0008884001,국제개발협력,Introduction to International Development and Cooperation,타오,제13호관 사회과학·글로벌정경대학-206 강의실(소)[13-206]," [13-206:월(5B-6),화(5B-6)]"," [13-206:월(13:30~14:45),화(13:30~14:45)]",75분,3,일반과목,강의(이론),절대평가,일반(1~15주),원어강의(EN)
2427,기타,창의적디자인연계전공,전학년,전공심화,전공심화,0012026001,프로그래밍기초및발상,Programming Basics and Ideas,변기범,제16호관 예술체육대학-215 컴퓨터실-A[16-215], [16-215:월(6)(7)(8)], [16-215:월(14:00~14:50)(15:00~15:50)(16:00~16:50)],50분(표준),3,일반과목,강의(이론),절대평가,일반(1~15주),원어강의(EN)
2428,기타,창의적디자인연계전공,전학년,전공심화,전공심화,0012027001,디자인을위한창의적프로그래밍,Creative Programming for Design,변기범,제16호관 예술체육대학-215 컴퓨터실-A[16-215], [16-215:월(3)(4)(5)], [16-215:월(11:00~11:50)(12:00~12:50)(13:00~13:50)],50분(표준),3,일반과목,강의(이론),절대평가,일반(1~15주),원어강의(EN)
2429,기타,창의적디자인연계전공,전학년,전공심화,전공심화,0012497001,AI디자인스튜디오1,AI Design Studio 1,강인보,제16호관 예술체육대학-313A 강의실(소)[16-313A], [16-313A:수(2)(3)(4)], [16-313A:수(10:00~10:50)(11:00~11:50)(12:00~12:50)],50분(표준),3,일반과목,강의(이론),절대평가,일반(1~15주),원어강의(EN)
2430,기타,창의적디자인연계전공,전학년,전공심화,전공심화,0012497002,AI디자인스튜디오1,AI Design Studio 1,강인보,제16호관 예술체육대학-313A 강의실(소)[16-313A], [16-313A:수(6)(7)(8)], [16-313A:수(14:00~14:50)(15:00~15:50)(16:00~16:50)],50분(표준),3,일반과목,강의(이론),절대평가,일반(1~15주),원어강의(EN)
2431,기타,인문문화예술기획연계전공,전학년,전공핵심,전공핵심,0011185001,예술경영과정책,Arts management and Policy ,장석류,제15호관 인문대학-101 강의실(중)-2[15-101], [15-101:목(4)(5)(6)], [15-101:목(12:00~12:50)(13:00~13:50)(14:00~14:50)],50분(표준),3,일반과목,강의(이론),상대평가,일반(1~15주),비대상
2432,기타,인문문화예술기획연계전공,전학년,전공핵심,전공핵심,0012029001,문화예술기획캡스톤디자인,Culture and Arts Planning capstone design ,강미정,제15호관 인문대학-101 강의실(중)-2[15-101], [15-101:목(7)(8)(9)], [15-101:목(15:00~15:50)(16:00~16:50)(17:00~17:50)],50분(표준),3,일반과목,강의(이론),절대평가,일반(1~15주),비대상
2433,기타,인문문화예술기획연계전공,전학년,전공심화,전공심화,0010522001,문화아카이빙의이해,Understanding Culture Archiving,손동유,제15호관 인문대학-101 강의실(중)-2[15-101], [15-101:목(1)(2)(3)], [15-101:목(09:00~09:50)(10:00~10:50)(11:00~11:50)],50분(표준),3,일반과목,강의(이론),상대평가,일반(1~15주),비대상
2434,기타,소셜데이터사이언스연계전공,전학년,전공핵심,전공핵심,0009565001,데이터사이언스 개론,Introduction to Data Science,김규환,제13호관 사회과학·글로벌정경대학-209 컴퓨터실[13-209]," [13-209:월(5B-6),수(2B-3)]"," [13-209:월(13:30~14:45),수(10:30~11:45)]",75분,3,일반과목,강의(이론),상대평가,일반(1~15주),비대상
2435,기타,소셜데이터사이언스연계전공,전학년,전공심화,전공심화,0009564001,사회과학 통계세미나,Seminar in Statistics for Social Sciences,맹성준,제13호관 사회과학·글로벌정경대학-209 컴퓨터실[13-209], [13-209:목(4-5A)(5B-6)], [13-209:목(12:00~13:15)(13:30~14:45)],75분,3,일반과목,강의(이론),상대평가,일반(1~15주),비대상
2436,기타,미래자동차연계전공,전학년,전공기초,전공기초,0011246001,미래형자동차개론,Introduction to Future Automotive System,윤한신,"제8호관 공과대학·도시과학대학-272 강의실[08-272], 제8호관 공과대학·도시과학대학-416 강의실(소)-5[08-416]", [08-272:화(4-5A)] [08-416:금(1-2A)], [08-272:화(12:00~13:15)] [08-416:금(09:00~10:15)],75분,3,일반과목,e-Learning,이수인정,일반(1~15주),비대상
2437,기타,미래자동차연계전공,전학년,전공기초,전공기초,0011247001,미래형자율주행시스템,Future Autonomous Driving System,이명훈,제8호관 공과대학·도시과학대학-438 강의실[08-438], [08-438:월(7)], [08-438:월(15:00~15:50)],50분(표준),1,일반과목,강의(이론),이수인정,일반(1~15주),비대상
2438,기타,미래자동차연계전공,전학년,전공기초,전공기초,0011248001,미래형친환경차시스템,Future Eco friendly Vehicle System,윤한신,제8호관 공과대학·도시과학대학-416 강의실(소)-5[08-416], [08-416:수(야1)], [08-416:수(18:00~18:50)],50분(표준),1,일반과목,강의(이론),이수인정,일반(1~15주),비대상
2439,기타,미래자동차연계전공,전학년,전공심화,전공심화,0011249001,FM프로젝트종합설계1,Future Mobility Project1,윤한신,제8호관 공과대학·도시과학대학-213 디지털실험실[08-213], [08-213:목(야1)(야2)(야3)(야4)], [08-213:목(18:00~18:50)(18:55~19:45)(19:50~20:40)(20:45~21:35)],50분(표준),2,일반과목,실험실습,절대평가,일반(1~15주),원어강의(EN)
2440,기타,미래자동차연계전공,전학년,전공심화,전공심화,0011598001,xEV구동시스템제어,xEV drive system control,최현규,"제8호관 공과대학·도시과학대학-386 강의실(중)-1[08-386], 제8호관 공과대학·도시과학대학-416 강의실(소)-5[08-416]", [08-386:월(1-2A)] [08-416:수(2B-3)], [08-386:월(09:00~10:15)] [08-416:수(10:30~11:45)],75분,3,일반과목,강의(이론),상대평가,일반(1~15주),비대상
2441,기타,미래자동차연계전공,전학년,전공심화,전공심화,0011599001,차량동역학및제어,Vehicle dynamics and control,이동길,"제8호관 공과대학·도시과학대학-416 강의실(소)-5[08-416], 제8호관 공과대학·도시과학대학-482 강의실(소)-4  [08-482]", [08-416:화(1-2A)] [08-482:금(2B-3)], [08-416:화(09:00~10:15)] [08-482:금(10:30~11:45)],75분,3,일반과목,강의(이론),절대평가,일반(1~15주),원어강의(EN)
2442,기타,미래교육디자인연계전공,전학년,전공핵심,전공핵심,0012050001,디지털기반교수설계및활용,Digital Oriented Instructional Design,신원석,"미추홀타워  별관A동-207 강의실[NC-207], 미추홀타워  별관A동-306 강의실[NC-306]", [NC-207:수(야2B-3)] [NC-306:목(야2B-3)], [NC-207:수(19:25~20:40)] [NC-306:목(19:25~20:40)],75분,3,일반과목,강의(이론),상대평가,일반(1~15주),비대상
2443,기타,미래교육디자인연계전공,전학년,전공핵심,전공핵심,0012052001,자기주도학습컨설팅,Self Directed Learning Consulting,안동근,"미추홀타워  별관A동-207 강의실[NC-207], 미추홀타워  별관A동-306 강의실[NC-306]", [NC-207:수(야1-2A)] [NC-306:목(야1-2A)], [NC-207:수(18:00~19:15)] [NC-306:목(18:00~19:15)],75분,3,일반과목,강의(이론),상대평가,일반(1~15주),비대상
2444,기타,HUSS포용사회이니셔티브학부,3,전공심화,전공심화,HS00004001,(HUSS)스포츠로배우는포용,Understanding Inclusion through Sport,윤기준,,,,50분(표준),3,일반과목,e-Learning(HUSS),상대평가,일반(1~15주),비대상
2445,기타,HUSS포용사회이니셔티브학부,4,전공심화,전공심화,HS00007001,(HUSS)국제기구의이해, Exploring International Organizations,김규진,제5호관 자연과학대학·생명과학기술대학-201 강의실2[05-201], [05-201:목(4-5A)], [05-201:목(12:00~13:15)],75분,3,일반과목,e-Learning(HUSS),상대평가,일반(1~15주),비대상
2446,기타,HUSS포용사회이니셔티브학부,4,전공심화,전공심화,HS00008001,(HUSS)디지털포용과스타트업창업실무,Practical Startup Entrepreneurship with Digital Inclusion,박영은,제5호관 자연과학대학·생명과학기술대학-201 강의실2[05-201], [05-201:월(7-8A)(8B-9)(야1-2A)(야2B-3)], [05-201:월(15:00~16:15)(16:30~17:45)(18:00~19:15)(19:25~20:40)],75분,3,일반과목,온라인혼합형강좌(HUSS),상대평가,집중B(9~15주),비대상
2447,기타,HUSS포용사회이니셔티브학부,4,전공심화,전공심화,HS00010001,(HUSS)포용적성장론,Inclusive Growth Theory,이종화,,,,50분(표준),3,일반과목,e-Learning(HUSS),상대평가,일반(1~15주),비대상
2448,기타,HUSS(타대학),1,전공심화,전공심화,HS90001001,(HUSS국립부경대)과거사청산과포용의문화,Transitional Justice and the Culture of Inclusion,,가상건물-200 온라인강의실[ZZ-200], [ZZ-200:목(2)(3)(4)], [ZZ-200:목(10:00~10:50)(11:00~11:50)(12:00~12:50)],50분(표준),3,일반과목,e-Learning(HUSS),절대평가,일반(1~15주),비대상
2449,기타,HUSS(타대학),2,전공심화,전공심화,HS90004001,(HUSS대구대)오디세이프로젝트3전쟁과평화,Odyssey Project III War and Peace,,,,,50분(표준),3,일반과목,e-Learning(HUSS),절대평가,일반(1~15주),비대상
2450,기타,HUSS(타대학),2,전공심화,전공심화,HS90006001,(HUSS서강대)인물로본포용사회의역사,The History of an Inclusive Society Seen Through Influential Figures,,가상건물-200 온라인강의실[ZZ-200], [ZZ-200:금(야1)(야2)(야3)], [ZZ-200:금(18:00~18:50)(18:55~19:45)(19:50~20:40)],50분(표준),3,일반과목,e-Learning(HUSS),절대평가,일반(1~15주),비대상
2451,기타,HUSS(타대학),2,전공심화,전공심화,HS90008001,(HUSS서강대)포용사회주제세미나,Seminar on Inclusive Society,,가상건물-200 온라인강의실[ZZ-200], [ZZ-200:목(야1)(야2)(야3)], [ZZ-200:목(18:00~18:50)(18:55~19:45)(19:50~20:40)],50분(표준),3,일반과목,e-Learning(HUSS),절대평가,일반(1~15주),비대상
2452,기타,HUSS(타대학),3,전공심화,전공심화,HS90012001,(HUSS대구대)다문화시대디지털문화와언어,Digital Culture and Language in a Multicultural Era,,,,,50분(표준),3,일반과목,e-Learning(HUSS),절대평가,일반(1~15주),비대상
2453,기타,HUSS(타대학),3,전공심화,전공심화,HS90013001,(HUSS대구대)동아시아경제와사회통합,East Asian Economy and Social Integration,,,,,50분(표준),3,일반과목,e-Learning(HUSS),절대평가,일반(1~15주),비대상
2454,기타,HUSS(타대학),3,전공심화,전공심화,HS90016001,(HUSS상지대)포용사회와민주시민교육,Inclusive Society and Democratic Citizenship Education,,가상건물-200 온라인강의실[ZZ-200], [ZZ-200:화(1)(2)(3)(4)(5)(6)], [ZZ-200:화(09:00~09:50)(10:00~10:50)(11:00~11:50)(12:00~12:50)(13:00~13:50)(14:00~14:50)],50분(표준),3,일반과목,e-Learning(HUSS),상대평가,일반(1~15주),비대상
2455,기타,HUSS(타대학),3,전공심화,전공심화,HS90017001,(HUSS상지대)힌두문화이슬람문화,Hindu and Islamic Cultures,,가상건물-200 온라인강의실[ZZ-200], [ZZ-200:목(7)(8)(9)], [ZZ-200:목(15:00~15:50)(16:00~16:50)(17:00~17:50)],50분(표준),3,일반과목,e-Learning(HUSS),상대평가,일반(1~15주),비대상
2456,기타,HUSS(타대학),3,전공심화,전공심화,HS90020001,(HUSS서강대)문화적다양성과포용적역량개발,Cultural Diversity and Inclusive Capacity Building,,가상건물-200 온라인강의실[ZZ-200], [ZZ-200:월(야1)(야2)(야3)], [ZZ-200:월(18:00~18:50)(18:55~19:45)(19:50~20:40)],50분(표준),3,일반과목,e-Learning(HUSS),절대평가,일반(1~15주),비대상
2457,기타,HUSS(타대학),3,전공심화,전공심화,HS90024001,(HUSS서강대)지리정보시스템GIS과문화역사지도,GIS and Cultural Heritage Mapping,,가상건물-200 온라인강의실[ZZ-200], [ZZ-200:화(야1)(야2)(야3)], [ZZ-200:화(18:00~18:50)(18:55~19:45)(19:50~20:40)],50분(표준),3,일반과목,e-Learning(HUSS),절대평가,일반(1~15주),비대상
2458,기타,HUSS(타대학),3,전공심화,전공심화,HS90041001,(HUSS국립부경대)사회복지역사,Social Welfare and Human Rights,,가상건물-200 온라인강의실[ZZ-200], [ZZ-200:수(1)(2)(3)], [ZZ-200:수(09:00~09:50)(10:00~10:50)(11:00~11:50)],50분(표준),3,일반과목,e-Learning(HUSS),절대평가,일반(1~15주),비대상
2459,기타,HUSS(타대학),3,전공심화,전공심화,HS90044001,(HUSS국립부경대)포용사회와문화탐방1,Inclusive Society and Cultural Exploration 1,,가상건물-199 외부강의실[ZZ-199], [ZZ-199:토(1)], [ZZ-199:토(09:00~09:50)],50분(표준),1,일반과목,현장형(HUSS),절대평가,일반(1~15주),비대상
2460,기타,HUSS(타대학),4,전공심화,전공심화,HS90026001,(HUSS국립부경대)디지털사회안전망영상전문가과정2,Digital Social Safety Net Video Specialist Program 2,,가상건물-199 외부강의실[ZZ-199], [ZZ-199:목(야1)(야2)], [ZZ-199:목(18:00~18:50)(18:55~19:45)],50분(표준),1,일반과목,현장형(HUSS),절대평가,일반(1~15주),비대상
2461,기타,HUSS(타대학),4,전공심화,전공심화,HS90027001,(HUSS국립부경대)지역통합과포용거버넌스,Regional Integration and Inclusive Governance,,가상건물-200 온라인강의실[ZZ-200], [ZZ-200:화(야1)(야2)(야3)], [ZZ-200:화(18:00~18:50)(18:55~19:45)(19:50~20:40)],50분(표준),3,일반과목,e-Learning(HUSS),절대평가,일반(1~15주),비대상
2462,기타,HUSS(타대학),4,전공심화,전공심화,HS90029001,(HUSS상지대)AI와교육의변화,Educational Change Driven by AI,,가상건물-200 온라인강의실[ZZ-200], [ZZ-200:화(1)(2)(3)], [ZZ-200:화(09:00~09:50)(10:00~10:50)(11:00~11:50)],50분(표준),3,일반과목,e-Learning(HUSS),상대평가,일반(1~15주),비대상